BEGIN TRANSACTION
SET DATEFORMAT ymd;

SET IDENTITY_INSERT SubjectFors ON
INSERT INTO SubjectFors (Id, Name) VALUES
(1, 'Для всего потока'),
(2, 'Для всей группы'),
(3, 'Для первой подгруппы'),
(4, 'Для второй подгруппы');
SET IDENTITY_INSERT SubjectFors OFF

SET IDENTITY_INSERT SubjectTypes ON
INSERT INTO SubjectTypes (Id, Name) VALUES
(1, 'Лекция'),
(2, 'Лабораторная работа'),
(3, 'Практическая работа'),
(4, 'Консультация'),
(5, 'Зачёт'),
(6, 'Экзамен'),
(7, 'Учебное занятие'),
(8, 'Переезд');
SET IDENTITY_INSERT SubjectTypes OFF

SET IDENTITY_INSERT Chairs ON
INSERT INTO Chairs (IdChair, NameChair) VALUES
(12, 'Военная кафедра'),
(1, 'Кафедра гуманитарных наук'),
(2, 'Кафедра довузовского образования и русского языка как иностранного'),
(3, 'Кафедра здорового образа жизни'),
(4, 'Кафедра инфокоммуникационных технологий'),
(5, 'Кафедра математики и физики'),
(6, 'Кафедра организации и технологии почтовой связи'),
(7, 'Кафедра последипломного образования'),
(8, 'Кафедра программного обеспечения сетей телекоммуникаций'),
(9, 'Кафедра радио и информационных технологий'),
(10, 'Кафедра телекоммуникационных систем'),
(11, 'Кафедра экономики и управления');
SET IDENTITY_INSERT Chairs OFF
SET IDENTITY_INSERT Classrooms ON
INSERT INTO Classrooms (IdClassroom, Name, Building) VALUES
(2, '102', 2),
(52, '104', 1),
(1, '104', 2),
(53, '106', 1),
(3, '108', 2),
(73, '109', 1),
(55, '109', 2),
(4, '110', 2),
(5, '118', 2),
(6, '119', 2),
(7, '123', 2),
(8, '152', 2),
(9, '155', 2),
(10, '157', 2),
(11, '164', 2),
(12, '168', 2),
(13, '201', 2),
(56, '202', 1),
(14, '204', 2),
(15, '205', 2),
(16, '206', 2),
(17, '207', 2),
(18, '208', 2),
(61, '210', 1),
(19, '211', 2),
(62, '212', 1),
(20, '212', 2),
(21, '213', 2),
(59, '214', 1),
(22, '215', 2),
(23, '216', 2),
(24, '217', 2),
(60, '218', 1),
(25, '219', 2),
(57, '222', 1),
(26, '223', 2),
(58, '244', 1),
(27, '301', 2),
(28, '302', 2),
(29, '303', 2),
(50, '304', 2),
(30, '305', 2),
(64, '306', 1),
(31, '307', 2),
(32, '308', 2),
(33, '309', 2),
(34, '310', 2),
(35, '311', 2),
(65, '312', 1),
(66, '314', 1),
(36, '314', 2),
(37, '317', 2),
(38, '318', 2),
(39, '319', 2),
(40, '320', 2),
(41, '321', 2),
(42, '323', 2),
(63, '324', 1),
(43, '325', 2),
(44, '328', 1),
(67, '402', 1),
(47, '405', 1),
(68, '406', 1),
(69, '410', 1),
(45, '412', 1),
(46, '414', 1),
(48, '418', 1),
(72, '426', 1),
(70, '428', 1),
(51, '430', 1),
(71, '432', 1),
(54, 'мед.пункт', 2),
(49, 'Спортзал', 2),
(74, 'спортплощадка', 1);
SET IDENTITY_INSERT Classrooms OFF

SET IDENTITY_INSERT Faculties ON
INSERT INTO Faculties (IdFaculty, NameFaculty) VALUES
(5, 'Факультет довузовской подготовки'),
(3, 'Факультет заочного и дистанционного образования'),
(2, 'Факультет инжиниринга и технологий связи'),
(4, 'Факультет повышения квалификации и переподготовки кадров'),
(1, 'Факультет электросвязи');
SET IDENTITY_INSERT Faculties OFF

SET IDENTITY_INSERT Flows ON
INSERT INTO Flows (IdFlow, Name) VALUES
(1, 'ИТ 791'),
(22, 'ИТ541'),
(19, 'ИТ541, ИТ542'),
(21, 'ИТ541, ИТ542, СТ541, СТ542, СП541'),
(23, 'ИТ542'),
(13, 'ИТ641'),
(12, 'ИТ641, ИТ642, СТ641, СП641'),
(10, 'ИТ641,ИТ642'),
(15, 'ИТ642'),
(2, 'ИТ741, ИТ742'),
(5, 'ИТ741, ИТ742, СТ741, СП741'),
(8, 'МС741'),
(16, 'ПС541'),
(3, 'ПС741'),
(6, 'СО741'),
(26, 'СП541'),
(17, 'СП641'),
(24, 'СТ541'),
(20, 'СТ541, СТ542,  СП541'),
(25, 'СТ542'),
(14, 'СТ641'),
(11, 'СТ641, СП641, СО641'),
(4, 'СТ741, СП741'),
(18, 'ЭС541, МС541'),
(9, 'ЭС741'),
(7, 'ЭС741, МС741'),
(27, 'ЭС741,МС741,ПС741');
SET IDENTITY_INSERT Flows OFF
SET IDENTITY_INSERT Groups ON
INSERT INTO Groups (IdGroup, NameGroup, IdFlow, IdFaculty, EduLevel) VALUES
(5, 'СО641', NULL, 1, 1),
(6, 'СП641', NULL, 1, 1),
(7, 'СТ641', NULL, 1, 1),
(8, 'ЛК621', NULL, 1, 2),
(9, 'ПО611', NULL, 1, 2),
(10, 'ПО612', NULL, 1, 2),
(11, 'ПО621', NULL, 1, 2),
(12, 'РО611', NULL, 1, 2),
(13, 'ТР621', NULL, 1, 2),
(14, 'ТЭ611', NULL, 1, 2),
(15, 'ТЭ621', NULL, 1, 2),
(16, 'ПИ621', NULL, 2, 2),
(18, 'ТО611', NULL, 2, 2),
(19, 'ТО612', NULL, 2, 2),
(20, 'ТО613', NULL, 2, 2),
(21, 'ИТ641', NULL, 2, 1),
(22, 'ИТ642', NULL, 2, 1),
(23, 'МС641', NULL, 2, 1),
(24, 'ПС641', NULL, 2, 1),
(25, 'ЭС641', NULL, 2, 1),
(26, 'СП541', NULL, 1, 1),
(27, 'СТ541', NULL, 1, 1),
(28, 'СТ542', NULL, 1, 1),
(29, 'ПО511', NULL, 1, 2),
(30, 'ПО512', NULL, 1, 2),
(31, 'РО511', NULL, 1, 2),
(32, 'ТЭ511', NULL, 1, 2),
(33, 'ПО411', NULL, 1, 2),
(34, 'ПО412', NULL, 1, 2),
(35, 'РО411', NULL, 1, 2),
(36, 'ТЭ411', NULL, 1, 2),
(37, 'ЛК521', NULL, 1, 2),
(38, 'ПО521', NULL, 1, 2),
(39, 'ТР521', NULL, 1, 2),
(40, 'ТЭ521', NULL, 1, 2),
(49, 'ТО511', NULL, 2, 2),
(50, 'ТО512', NULL, 2, 2),
(51, 'ТО513', NULL, 2, 2),
(55, '', NULL, 2, 2),
(56, 'ИТ541', NULL, 2, 1),
(57, 'ИТ542', NULL, 2, 1),
(58, 'МС541', NULL, 2, 1),
(59, 'ЭС541', NULL, 2, 1),
(60, 'ПС541', NULL, 2, 1),
(66, 'МЭ671', NULL, 1, 1),
(71, 'ТЕСТ_ВО', NULL, 5, 1),
(72, 'тэ711', NULL, 1, 2),
(73, 'ТЭ712', NULL, 1, 2),
(74, 'ПО711', NULL, 1, 2),
(75, 'ПО712', NULL, 1, 2),
(78, 'РО711', NULL, 1, 2),
(99, 'ТЕСТ', NULL, 5, 2),
(100, 'МЭ771', NULL, 1, 3),
(101, 'ТО711', NULL, 2, 2),
(102, 'ТО712', NULL, 2, 2),
(103, 'ПИ721', NULL, 2, 2),
(104, 'ПИ731', NULL, 2, 2),
(105, 'ТЭ721', NULL, 1, 2),
(106, 'ПО721', NULL, 1, 2),
(107, 'ЛК721', NULL, 1, 2),
(108, 'ТР721', NULL, 1, 2),
(109, 'ПИ551', NULL, 3, 2),
(110, 'ПТ551', NULL, 3, 2),
(111, 'МЭ772', NULL, 1, 3),
(112, 'СТ741', NULL, 1, 1),
(113, 'СП741', NULL, 1, 1),
(114, 'СО741', NULL, 1, 1),
(115, 'ИТ741', NULL, 2, 1),
(116, 'ИТ742', NULL, 2, 1),
(117, 'ИТ791', NULL, 2, 1),
(118, 'ЭС741', NULL, 2, 1),
(119, 'МС741', NULL, 2, 1),
(120, 'ПС741', NULL, 2, 1);
SET IDENTITY_INSERT Groups OFF

SET IDENTITY_INSERT Lecturers ON
INSERT INTO Lecturers (IdLecturer, NameLecturer, IdChair) VALUES
(1, 'Рябычина О.П.', 8),
(2, 'Труханович Т.Л.', 8),
(3, 'доцент Рыбак В.А.', 8),
(4, 'доцент Томилина Л.П.', 1),
(5, 'доцент Зайцев Д.М.', 1),
(7, 'доцент Божанов В.А.', 1),
(8, 'доцент Корчалова Н.Д.', 1),
(9, 'доцент Малыхина Г.И.', 1),
(10, 'ст.препод.Ращинская И.Н.', 1),
(11, 'ст.препод.Игнатьева Е.М.', 1),
(12, 'ст.препод.Мышелова Н.И.', 1),
(13, 'Бегун Е.И.', 1),
(14, 'Бартенева Ю.И.', 1),
(15, 'Беляк Т.П.', 1),
(16, 'Богдан О.М.', 1),
(17, 'Богдан С.И.', 1),
(18, 'Григорьева А.О.', 1),
(19, 'Ведерникова Л.Э.', 1),
(20, 'Вердыш Н.В.', 1),
(21, 'Давыдова Т.М.', 1),
(22, 'Драко О.В.', 1),
(23, 'Дюба В.В.', 1),
(24, 'Иванова С.Т.', 1),
(25, 'Кайдашова В.И.', 1),
(26, 'Карпович Т.Л.', 1),
(27, 'Кец Т.И.', 1),
(28, 'Ковалевич Н.В.', 1),
(29, 'доцент Красюк Н.И.', 1),
(30, 'Кохан А.Л.', 1),
(32, 'Прохорчук А.В.', 1),
(33, 'Романовская Н.Е.', 1),
(34, 'Тишкова Л.А.', 1),
(35, 'Филоненко Л.В.', 1),
(36, 'Шамрук А.О.', 1),
(37, 'Шишко О.В.', 1),
(38, 'Специан Л.М.', 2),
(39, 'Степанчук Ю.А.', 2),
(40, 'Патапович М.П.', 2),
(41, 'Мандрикова Л.В.', 2),
(42, 'зав. каф. ЗОЖ Курмашев В.И.', 3),
(43, 'Проволоцкий А.Н.', 3),
(44, 'доцент Шкилёнок В.С.', 3),
(45, 'ст. препод. Ананич Л.Н.', 3),
(46, 'Кротов В.В.', 3),
(47, 'ст. препод. Малашевич И.В.', 3),
(48, 'ст. препод. Шаг И.М.', 3),
(49, 'Жибрик Л.А.', 3),
(50, 'Казаченко Т.П.', 3),
(51, 'Кривицкий С.В.', 3),
(52, 'Чемшит А.М.', 3),
(53, 'Мохов И.А.', 3),
(54, 'Петраков С.Т.', 3),
(55, 'Федченко А.Н.', 3),
(56, 'Воропаев И.В.', 3),
(57, 'Котко Д.Э.', 3),
(58, 'Апанович А.В.', 3),
(59, 'Киселёва Т.Ф.', 3),
(60, 'Стасёнок Т.В.', 3),
(61, 'Шабанов Г.Г.', 3),
(62, 'доцент Дубровский В.В.', 4),
(63, 'профессор Гречихин Л.И.', 4),
(64, 'доцент Лпцевич А,А.', 4),
(65, 'доцент Жданович С.В.', 4),
(66, 'доцент Алымова А.А.', 4),
(67, 'доцент Свирид В.Л.', 4),
(68, 'доцент Будник А.В.', 4),
(69, 'доцент Боженков В.В.', 4),
(70, 'Винькова Т.И.', 4),
(71, 'зав. каф. ИКТ Дубровский В.В.', 4),
(72, 'Юган О.Г.', 4),
(73, 'Данильчик Н.В.', 4),
(74, 'Влас Л.П.', 4),
(75, 'Кузуро И.В.', 4),
(76, 'Лавшук О.А.', 4),
(77, 'Богородов В.И.', 4),
(78, 'Новикова Н.М.', 4),
(79, 'ст. препод. Котухов А.В.', 4),
(80, 'зав. кафедрой ГН Томилина Л.П.', 1),
(81, 'ст. преподаватель Смирнова Ю.А,', 2),
(82, 'ст. препод. Рысюкевич Н.С.', 3),
(83, 'доцент Половеня С.И.', 4),
(84, 'профессор Гладков Л.Л.', 5),
(85, 'профессор Гулаков И.Р.', 5),
(86, 'профессор Зеневич А.О.', 5),
(87, 'доцент Павлюковец С.А.', 5),
(88, 'доцент Патапович М.П.', 5),
(89, 'ст. препод. Колодная Е.М.', 5),
(90, 'ст. препод. Петрович А.В.', 5),
(91, 'ст. препод. Рябенкова Л.А.', 5),
(92, 'доцент Шостак Ю.А.', 5),
(93, 'Демешко О.Д.', 5),
(94, 'Жуковская Н.М.', 5),
(95, 'Корженевская С.В.', 5),
(96, 'Лагутина Ж.П.', 5),
(97, 'Ласько Г.И.', 5),
(98, 'Мозоляко Г.И.', 5),
(99, 'Мороз Л.М.', 5),
(100, 'Прадун Т.А.', 5),
(101, 'Чемерко Н.Н.', 5),
(102, 'Щасная А.В.', 5),
(103, 'Шестакова И.А.', 5),
(104, 'Клинцевич А.Э.', 5),
(105, 'доцент Новикова Л.М.', 6),
(106, 'доцент Соловьев В.В.', 6),
(107, 'ст. препод. Бураченко В.М.', 6),
(108, 'Стрельская Н.А.', 6),
(109, 'Лукашик Т.М.', 6),
(110, 'Рабкова Т.М.', 6),
(111, 'Пашкович Н.В.', 6),
(112, 'Пархоменко Н.А.', 6),
(113, 'профессор Вышинский Н.В.', 6),
(114, 'Серафимович Е.В.', 6),
(115, 'Коваленко Т.Г.', 6),
(116, 'Хлебец Т.И.', 6),
(117, 'Разумович И.С.', 6),
(118, 'Баркун М.А.', 7),
(119, 'Ходасевич О.Р.', 7),
(120, 'Пацей Н.Е.', 7),
(121, 'Карпук С.П.', 7),
(122, 'Ильющенко С.Л.', 7),
(123, 'Бондаренко В.Ф.', 8),
(124, 'доцент Боженков В.В.', 8),
(125, 'доцент Жданович С.В.', 8),
(126, '-', 7),
(127, 'доцент Бохан Ю.И.', 6),
(128, 'доцент Новиков В.А.', 8),
(129, 'Балаш А.Н.', 8),
(130, 'Клещик Т.В.', 8),
(131, 'Каленик К.Г.', 8),
(132, 'Климович О.В.', 8),
(133, 'Куль Т.П.', 8),
(134, 'доцент Веруш А.И.', 8),
(135, 'Рудинская С.Р.', 8),
(136, 'Горбадей О.Ю.', 8),
(137, 'Саранчук В.Н.', 8),
(138, 'Раецкая Е.В.', 8),
(139, 'Стрельская В.В.', 8),
(140, 'Бакунов А.М.', 8),
(141, 'Бакунова О.М.', 8),
(142, 'Давидович О.М.', 8),
(143, 'Дроздовская Л.Э.', 8),
(144, 'Кучеров Н.Н.', 8),
(145, 'зав. каф. ПОСТ Рыбак В.А.', 8),
(146, 'профессор  Мельянец Г.И.', 9),
(147, 'доцент Алымова А.А.', 9),
(148, 'Асаёнок М.А.', 9),
(149, '', 9),
(150, 'Бердяев В.С.', 9),
(151, '', 9),
(152, 'Будько З.Н.', 9),
(153, '', 9),
(154, 'Гридасова А.А.', 9),
(155, 'Дмитриева Т.П.', 9),
(156, 'Кабак Н.И.', 9),
(157, 'зав. каф. Мельянец Г.И,', 9),
(158, 'Киевец Н.Г.', 9),
(159, 'Кузик В.В.', 9),
(160, 'Масловский В.И.', 9),
(161, 'доцент Лагутин А.Е.', 9),
(162, 'Кочергина О.В.', 9),
(163, 'Позняк А.В.', 9),
(164, 'Прашкович Н.Г.', 9),
(165, 'Русакович Е.В.', 9),
(166, 'Терех И.Л.', 9),
(167, 'ассистент Ярук А.М.', 9),
(168, 'доцент Половеня С.И.', 10),
(169, 'профессор Соловьев В.В.', 10),
(170, 'доцент Алымова А.А.', 10),
(171, 'профессор Кудрицкая Е.А.', 10),
(172, 'доцент Костюковский А.Г.', 10),
(173, 'профессор Баркун М.А.', 10),
(174, 'доцент ДзержинскийС.М.', 10),
(175, 'ст. препод. Ленковец Е.А.', 10),
(176, 'Дубчёнок А.О.', 10),
(177, 'ст. препод. Кушнир-Северина А.П.', 10),
(178, 'Волчек А.Д,', 10),
(179, 'Семененко М.И.', 10),
(180, 'Кот Л.М.', 10),
(181, 'Куприянова И.В.', 10),
(182, 'Лис М.С.', 10),
(183, 'Мясникова В.В.', 10),
(184, 'Зеленя В.М.', 10),
(185, 'Дуйнова Ю.А.', 10),
(186, 'Новикова С.К.', 10),
(187, 'Левданская Е.С.', 10),
(188, 'Казакова Н.А.', 10),
(189, 'Давыдович Р.Н.', 10),
(190, 'Рогач К.Г.', 10),
(191, 'Скороход Т.К.', 10),
(192, 'Пытель С.Л.', 10),
(193, 'Соломенник Н.Ф.', 10),
(194, 'Хамицевич Н.В.', 10),
(195, 'ст. препод. Дубчёнок А.О.', 10),
(196, 'доцент Домакур О.В.', 11),
(197, 'профессор Михайлова-Станюта И.А.', 11),
(198, 'профессор Вишняков В.А.', 11),
(199, 'профессор Кобринский Г.Е.', 11),
(200, 'доцент Будник А.В.', 11),
(201, 'доцент Дронин А.М.', 11),
(202, 'доцент Залесская Л.Е.', 11),
(203, 'доцент Романова Е.С.', 11),
(204, 'профессор Петрович М.В.', 11),
(205, 'ст. препод. Витковская О.Н.', 11),
(206, 'ст.препод.Кравченко Ю.Р.', 11),
(207, 'ст. препод. Михинова Л.М.', 11),
(208, 'ст. препод. Рокшина И.Г.', 11),
(209, 'ст. препод. Щербакова С.Г.', 11),
(210, 'Демидович И.А.', 11),
(211, 'Десюкевич И.Л.', 11),
(212, 'Лизунок О.Н.', 11),
(213, 'ассистент Гореликова Е.С.', 11),
(214, 'доцент Лысенкова М.В.', 11),
(215, 'доцент Рымкевич В.В.', 11),
(216, 'Гореликова Е.С.', 11),
(217, 'доцент Воронов А.А.', 8),
(218, 'доцент Заяц Г.М.         ', 5),
(219, 'ст. препод. Христина Л.Ф.', 1),
(220, 'ст. препод. Попова М.С.', 4),
(221, 'ст. препод. Дворникова Т.Н.', 4),
(222, 'Лагутина  О.И.', 11),
(223, 'доцент Лапцевич  А.А.', 11),
(225, 'ст. препод. Колбун Т. В.', 11),
(226, 'доцент Москалёв Д.В.', 4),
(227, 'доцент Напольская Н.А.', 11),
(228, 'ассистент Качан А.С.', 11),
(229, 'доцент Савченко С.В.', 6),
(230, 'ассистент Десюкевич И.Л.', 11),
(231, 'ассистент Табала М.М.', 11),
(232, 'Вокзальная', 6),
(233, 'Куль Т.П.', 4),
(234, 'ст.препод.Котухов А.В.', 10),
(235, 'доцент Лагутин  А. Е.', 10),
(236, 'ст. препод. Шиян-Фролова О. Л.', 11),
(237, 'ст. препод. Романюк Е.М.', 11),
(238, 'ассистент Федорович О.А.', 11),
(239, 'профессор Курмашов  В.И', 6),
(240, 'доцент Будник А.В.', 6),
(241, 'ст. препод. Рыжиков В.В.', 10),
(242, 'доцент Карпук А.А.', 8),
(248, 'профессор Курмашёв В.И.', 8),
(249, 'доцент Половеня С.И.', 8),
(250, 'доцент Скудняков Ю.А.', 8),
(251, 'профессор Лобатый А.А.', 8),
(252, 'ассистент Раецкая Е.В.', 8),
(253, 'ст. препод. Рудинская С.Р.', 8),
(254, 'доцент Бондаренко В.Ф.', 8),
(255, 'ст. препод. Труханович Т.Л.', 8),
(256, 'ст. препод. Рябычина О.П.', 8),
(257, 'доцент Новиков Е.В.', 8),
(258, 'ассистент Куль Т.П.', 8),
(259, 'зав. каф. ТКС Половеня С.И.', 10),
(260, 'ст. препод. Кот М.А.', 10),
(261, 'ст. препод. Котухов А.В.', 10),
(262, 'ст. препод. Ленковец Е.А.', 10),
(263, 'зав. каф. ГН Томилина Л.П.', 1),
(264, '', 11),
(265, 'ст. препод. Лагутина  О.И.', 11),
(266, 'ассистент Лизунок О.Н.', 11),
(267, 'ассистент Демидович И.А.', 11),
(268, 'ст. препод. Кравченко Ю.Р.', 11),
(269, 'Лизунок И.В.', 11),
(270, 'ст. препод. Прашкович Н.Г.', 9),
(271, 'ст. препод. Киевец Н.Г.', 9),
(272, 'доцент Кудрицкая Е.А. ', 9),
(273, 'профессор Вилькоцкий М.А.', 9),
(274, 'профессор Костюковский А.Г.', 9),
(275, 'зав. каф. МиФ Павлюковец С.А.', 5),
(276, 'доцент Барановский О.К.', 4),
(277, 'доцент Лапцевич А.А.', 4),
(278, 'доцент Павлюковец С.А.', 4),
(279, 'доцент Ходасевич О.Р.', 4),
(280, 'ст. препод. Лавшук О.А.', 4),
(281, 'доцент Кудрицкая Е.А.', 4),
(282, 'профессор Зеневич А.О.', 6),
(283, 'доцент Кудрицкая Е.А.', 6),
(284, 'доцент Ходасевич А.Р.', 6),
(285, 'доцент Новиков Е.В.', 6),
(286, 'доцент Домакур О.В.', 6),
(287, 'доцент Рыбак В.А.', 6),
(288, 'доцент Барановский О.К.', 6),
(289, 'доцент Боженков В.В.', 6),
(290, 'доцент Лапцевич А.А.', 6),
(291, 'зав. каф. ОТПС  Новикова Л.М.', 6),
(292, 'ст. препод. Стрельская Н.А.', 6),
(293, 'ст. препод. Коваленко Т.Г.', 6),
(294, 'ст. преподаватель  Хлебец Т.И.', 6),
(295, 'ст. препод. Кротов В.В.', 3),
(296, 'доцент Паситниченко В.В.', 3),
(297, 'Рыжанкова И.В.', 11),
(298, 'Калитеня И.Л.', 8),
(299, 'Заянчковская О.М.', 8),
(300, 'Собчук Н.С.', 10),
(301, 'Савощик А.А.', 10),
(302, 'Алымова А.А.', 10),
(303, 'Римша В.И.', 6),
(304, 'Черная И.И.', 9),
(305, 'Чемерко Г.И.', 9),
(306, 'зав.кафедрой ЭиУ Рымкевич В.В.', 11),
(307, 'Мачихо И.О.', 12),
(308, 'Шкатуло А.Н.', 11),
(309, 'Швец Г.Г.', 1),
(310, 'Романова Т.А.', 1),
(311, 'доцент Горбачев Н.Н.', 8),
(312, 'Шабан И.С.', 6),
(313, 'Рыбак В.А.', 4),
(314, 'Стрельская В.В.', 4),
(315, 'Кремень С.Ю.', 4),
(316, 'Яковлев А.В.', 8),
(317, 'Кремень С.Ю.', 8),
(318, 'Козак Е.А.', 10),
(319, 'Бобровская Я.Ю.', 8),
(320, 'Ханько  А. В. ', 6),
(321, 'Пилипчук  Т. А. ', 5),
(322, 'доцент Лапцевич А.А.', 8),
(323, 'Лущик  Н. И. ', 8),
(324, 'Ханько  А. В.', 4),
(325, 'Корниевич А.И.', 8),
(326, 'доцент Вирская Н.П.', 1),
(327, 'доцент Винокурова С.И.', 1),
(328, 'доцен Малыхина Г.И.', 1),
(329, 'ст. препод. Колесень А.В.', 3),
(330, 'Доцент Рысюкевич Н.С,', 3),
(331, 'доцент Пасичниченко', 3),
(332, 'ст. препод. Кот М.А.', 4),
(333, 'доцент Мищенко В.Н.', 4),
(334, 'Доцент Павлюковец С.А.', 4),
(335, 'доцент Новиков Е.В.', 4),
(336, 'доцент Живняк  О.Г', 5),
(337, 'ассис.Пашковская Ю.Д.', 6),
(338, 'ст.препод.Хлебец', 6),
(339, 'ст.препод Розум Г.А', 8),
(340, 'доцент Бондаренко В.Ф', 8),
(341, 'ст.препод.Рудинская С.Р.', 8),
(342, 'ст.препод.Куль Т.П.', 8),
(343, 'профессорМихайлова-Станюта И.А.', 8),
(344, 'доцент Домокур О.В.', 8),
(345, 'доцент Черная И.И', 9),
(346, 'ст.преп.Прашкович Н.Г.', 9),
(347, 'доцент.Мищенко  В.Н.', 9),
(348, 'ст.преп.Дубчёнок А.О', 10),
(349, 'ст.преп.Дуйнова Ю.А.', 10),
(350, 'доцент.Мищенко В.Н.', 10),
(351, 'ст.преп.Костюкевич А.А', 10),
(352, 'доцент Борботько В.В', 11),
(353, 'ст.препод.Лагутина О.И', 11),
(354, 'асисст.Доценко С.С.', 11),
(355, 'асист.Демидович И.А', 11),
(356, 'асист.Дубицкая А.С.', 11),
(357, 'ассистент Кулик Т.А.', 11);
SET IDENTITY_INSERT Lecturers OFF

SET IDENTITY_INSERT Subjects ON
INSERT INTO Subjects (IdSubject, NameSubject, IdChair, EduLevel, AbnameSubject) VALUES
(1, 'Конструирование программ и языки программирования', 8, 1, 'КПиЯП'),
(2, 'Объектно-ориентированное программирование ', 8, 1, 'ООП'),
(3, 'Основы алгоритмизации и  программирования', 8, 1, 'ОАиП'),
(4, 'История Беларуси (в контексте европейской цивилизации)', 1, 1, 'Ист. Бел.'),
(5, 'Политология', 1, 1, 'Полит.'),
(6, 'Основы идеологии белорусского государства', 1, 1, 'ОИБГ'),
(7, 'Философия', 1, 1, 'Философия'),
(8, 'Основы психологии и педагогики', 1, 1, 'ОПиП'),
(9, 'Психология управления', 1, 1, 'ПУ'),
(10, 'История науки и техники', 1, 1, 'ИНиТ'),
(11, 'Иностранный язык', 1, 1, 'Ин.яз.'),
(12, 'Иностранный язык (профессиональная лексика)', 1, 1, 'Ин.яз. факульт.'),
(13, 'Экономика', 1, 1, 'Экономика'),
(14, 'Социология', 1, 1, 'Социология'),
(15, 'Белорусский язык', 1, 2, 'Бел.яз.'),
(16, 'Белорусская литература', 1, 2, 'Бел.лит.'),
(17, 'Белорусский язык (профессиональная лексика)', 1, 2, 'Бел.яз.'),
(18, 'Русский язык', 1, 2, 'Рус.яз.'),
(19, 'Русская литература', 1, 2, 'Рус. лит.'),
(20, 'История Беларуси', 1, 2, 'Ист.Бел.'),
(21, 'Всемирная история', 1, 2, 'В.История'),
(22, 'Обществоведение', 1, 2, 'Обществоведение'),
(23, 'Иностранный язык', 1, 2, 'Ин.яз.'),
(24, 'Совершенствование навыков владения английским языком (факультатив)', 1, 2, 'СНВАЯ'),
(25, 'Иностранный язык (профессиональная лексика)', 1, 2, 'Ин.яз.'),
(26, 'Основы технического перевода (факультатив)', 1, 2, 'ОТП'),
(27, 'Основы социологии и политологии', 1, 2, 'ОСиП'),
(28, 'Основы экономической теории', 1, 2, 'ОЭТ'),
(29, 'Основы права', 1, 2, 'ОП'),
(30, 'Мировые войны в истории XX века (факультатив)', 1, 2, 'МВвИ XXв.'),
(31, 'Основы идеологии белорусского государства (факультатив)', 1, 2, 'ОИБГ(ф.)'),
(32, 'Французский язык (профессиональная лексика)', 1, 2, 'ФЯ(проф.л.)'),
(33, 'Английский язык (профессиональная лексика)', 1, 2, 'АЯ(проф.л.)'),
(34, 'Основы социально-гуманитарных наук', 1, 2, 'ОСГН'),
(35, 'География', 1, 2, 'География'),
(36, 'Правовое обеспечение информационных технологий', 1, 2, 'ПОИТ'),
(37, 'Основы социальных коммуникаций ', 1, 2, 'ОСК'),
(38, 'Этика и психология профессиональной деятельности', 1, 2, 'ЭиППД'),
(39, 'Коррупция и ее общественная опасность (факультатив)', 1, 2, 'КиЕОО(ф.)'),
(40, 'Конфликтология (факультатив)', 1, 2, 'К(ф.)'),
(41, 'Великая Отечественная война советского народа(факультатив)', 1, 2, 'ВОВСН'),
(42, 'Физическая культура', 3, 1, 'Физ-ра'),
(43, 'Физическая культура и здоровье', 3, 2, 'ФКиЗ'),
(44, 'Допризывная подготовка', 3, 2, 'ДП'),
(45, 'Медицинская подготовка', 3, 2, 'МП'),
(46, 'Информатика', 4, 2, 'Информатика'),
(47, 'Инженерная графика', 4, 2, 'ИГ'),
(48, 'Основы инженерной графики', 4, 2, 'ОИГ'),
(49, 'Информационные технологии', 4, 2, 'ИТ'),
(50, 'Языки моделирования Международного союза электросвязи', 4, 2, 'ЯММСЭ'),
(51, 'Цифровые и микропроцессорные устройства', 4, 2, 'ЦиМПУ'),
(52, 'Электронная техника', 4, 2, 'ЭТ'),
(53, 'Стандартизация и сертификация программного обеспечения', 4, 2, 'СиСПО'),
(54, 'Программирование мультимедийных систем', 4, 2, 'ПМС'),
(55, 'Переезд в копус 1', 4, 2, ''),
(56, 'Компьютерные информационные технологии', 4, 1, 'КИТ'),
(57, 'Начертательная геометрия и компьютерная графика', 4, 1, 'НГиИГ'),
(58, 'Основы алгоритмизации и программирования', 4, 1, 'ОАиП'),
(59, 'Основы теории информации', 4, 1, 'ОТИ'),
(60, 'Основы защиты информации', 4, 1, 'ОЗИ'),
(61, 'Информационные технологии электронного документооборота', 4, 1, 'ИТЭД'),
(62, 'Программное моделирование функциональных узлов телекоммуникаций', 4, 1, 'ПМФУТк'),
(63, 'Управление сетями и объектами инфокоммуникаций', 4, 1, 'УСиОИ'),
(64, 'Функциональные устройства инфокоммуникаций', 4, 1, 'ФУИ'),
(65, 'Функциональные устройства инфокоммуникационных систем', 4, 1, 'ФУИС'),
(66, 'Высшая математика', 5, 1, 'ВМ'),
(67, 'Теория вероятностей и математическая статистика', 5, 1, 'ТВиМС'),
(68, 'Общая теория статистики', 5, 1, 'ОТС'),
(69, 'Физика', 5, 1, 'Физика'),
(70, 'Физические основы электроники', 5, 1, 'ФОЭ'),
(71, 'Дискретная математика', 5, 1, 'ДМ'),
(72, 'Математическое программирование', 5, 1, 'МП'),
(73, 'Математическое моделирование', 5, 1, 'ММ'),
(74, 'Эконометрика и экономико-математические методы и модели', 5, 1, 'ЭиЭММиМ'),
(75, 'Статистика', 5, 1, 'Статистика'),
(76, 'Математика', 5, 2, 'Математика'),
(77, '', 5, 2, ''),
(78, 'Физика', 5, 2, 'Физика'),
(79, 'Астрономия', 5, 2, 'Астрономия'),
(80, 'Общая физика', 5, 2, 'ОФ'),
(81, 'Химия', 5, 2, 'Химия'),
(82, 'Биология', 5, 2, 'Биология'),
(83, 'Охрана окружающей среды и энергосбережение', 5, 2, 'ООСиЭ'),
(84, 'Элементарная математика', 5, 2, 'ЭМ'),
(85, 'Элементарная физика', 5, 2, 'ЭФ'),
(86, 'Автоматизация почтово-кассовых операций', 6, 2, 'АПКО'),
(87, 'Банковские операции в почтовой связи', 6, 2, 'БОвПС'),
(88, 'Бухгалтерский учет в почтовой связи', 6, 2, 'БУвПС'),
(89, 'Деловая документация', 6, 2, 'ДД'),
(90, 'Защита населения и территории от чрезвычайных ситуаций', 6, 2, 'ЗНиТОЧС'),
(91, 'Информационно-технологические системы в почтовой связи', 6, 2, 'ИТСвПС'),
(92, 'Информационные технологии в почтовой связи', 6, 2, 'ИТвПС'),
(93, 'Коммерческая деятельность и маркетинг в почтовой связи', 6, 2, 'КДиМвПС'),
(94, 'Компьютерные сети', 6, 2, 'КС'),
(95, 'Менеджмент качества в почтовой связи', 6, 2, 'МКвПС'),
(96, 'Организация почтовой связи', 6, 2, 'ОПС'),
(97, 'Организация и технология  торговли на предприятиях почтовой связи', 6, 2, 'ОТТнППС'),
(98, 'Основы товароведения', 6, 2, 'ОТ'),
(99, 'Основы управления интеллектуальной собственностью', 6, 2, 'ОУИС'),
(100, 'Охрана труда', 6, 2, 'ОТ'),
(101, 'Почтовая безопасность', 6, 2, 'ПБ'),
(102, 'Техника и оборудование в почтовой связи', 6, 2, 'ТиОвПС'),
(103, 'Технология почтовой связи', 6, 2, 'ТПС'),
(104, 'Автоматизация почтово-кассовых операций', 6, 1, 'АПКО'),
(105, 'Банковские операции в почтовой связи', 6, 1, 'БОвП'),
(106, 'Безопасность жизнедеятельности человека', 6, 1, 'БЖЧ'),
(107, 'Internet - технологии', 6, 1, 'I-Т'),
(108, 'Информационно-технологические системы в почтовой связи', 6, 1, 'ИТСвПС'),
(109, 'Коммерческая деятельность и маркетинг в почтовой связи', 6, 1, 'КДиМвПС'),
(110, 'Логистика в почтовой связи', 6, 1, 'ЛвПС'),
(111, 'Международная почтовая связь', 6, 1, 'МПС'),
(112, 'Менеджмент качества в почтовой связи', 6, 1, 'МКвПС'),
(113, 'Организация и управление технологическими процессами в почтовой связи', 6, 1, 'ОиУТПвПС'),
(114, 'Организация производства и управление предприятием', 6, 1, 'ОПиУП'),
(115, 'Основы защиты информации и управления интеллектуальной собственностью', 6, 1, 'ОЗИиУИС'),
(116, 'Почтовая безопасность', 6, 1, 'ПБ'),
(117, 'Техническая механика', 6, 1, 'ТМ'),
(118, 'Управление технологическими процессами почтовой связи', 6, 1, 'УТППС'),
(119, 'Электронная почта и компьютерные сети', 6, 1, 'ЭПиКС'),
(120, 'Электронные приборы в почтовой связи', 6, 1, 'ЭПвПС'),
(121, 'Операционные системы и базы данных', 8, 1, 'ОСиБД'),
(122, 'Системы коммутации каналов и пакетов', 8, 1, 'СККиП'),
(123, 'Современные языки программирования (факультатив)', 8, 1, 'СЯП(фк.)'),
(124, 'Технология разработки и сопровождения программного обеспечения', 8, 1, 'ТРиСПО'),
(125, 'Основы компьютерного моделирования электрических цепей', 8, 2, 'ОКМЭЦ'),
(126, 'Компьютерные технологии сетей телекоммуникаций', 8, 2, 'КТСТк'),
(127, 'Программирование', 8, 2, 'Программирование'),
(128, 'Эксплуатация программного обеспечения сетей телекоммуникаций', 8, 2, 'ЭПОСТк'),
(129, 'Объектно-ориентированное программирование', 8, 2, 'ООП'),
(130, 'Информационные системы и базы данных', 8, 2, 'ИСиБД'),
(131, 'Основы алгоритмизации и программирования', 8, 2, 'ОАиП'),
(132, 'Системы доступа к компьютерным и телекоммуникационным сетям', 8, 2, 'СДкКиТС'),
(133, 'Программное обеспечение сетей связи и языки моделирования', 8, 2, 'ПОССиЯМ'),
(134, 'Системное программное обеспечение', 8, 2, 'СПО'),
(135, 'Способы программирования', 8, 2, 'СП'),
(136, 'Архитектура ЭВМ и операционные системы', 8, 2, 'АЭиОС'),
(137, 'Математическое моделирование', 8, 2, 'ММ'),
(138, 'Модели данных и системы управления базами данных', 8, 2, 'МДиСУБД'),
(139, 'Технологии тестирования программного обеспечения', 8, 2, 'ТТПО'),
(140, 'Технологии разработки программного обеспечения', 8, 2, 'ТРПО'),
(141, 'Конструирование программ и языки программирования', 8, 2, 'КПиЯП'),
(142, 'Программирование для Интернет', 8, 2, 'ПДИ'),
(143, 'Автоматизированное тестирование программного обеспечения', 8, 2, 'АТПО'),
(144, 'Информационная безопасность телекоммуникационных систем', 8, 2, 'ИБТС'),
(145, 'Теория электрической связи', 9, 1, 'ТЭС'),
(146, 'Цифровая обработка речи и изображения', 9, 1, 'ЦОРиИ'),
(147, 'Системы подвижной радиосвязи и компьютерные сети', 9, 1, 'СПРиКС'),
(148, 'Метрология, стандартизация и сертификация в телекоммуникациях', 9, 1, 'МСиСвТк'),
(149, 'Теория электрических цепей', 9, 2, 'ТЭЦ'),
(150, 'Теория электрической связи', 9, 2, 'ТЭС'),
(151, 'Основы электросвязи', 9, 2, 'ОЭ'),
(152, 'Радиоприемные устройства', 9, 2, 'РУ'),
(153, 'Радиопередающие устройства', 9, 2, 'РУ'),
(154, 'Распространение радиоволн и антенно-фидерные устройства', 9, 2, 'РРиАФУ'),
(155, 'Телевидение', 9, 2, 'Телевидение'),
(156, 'Основы телевидения', 9, 2, 'ОТ'),
(157, 'Звуковое и телевизионное вещание', 9, 2, 'ЗиТВ'),
(158, 'Системы и устройства подвижной связи', 9, 2, 'СиУПС'),
(159, 'Средства подвижной связи', 9, 2, 'СПС'),
(160, 'Спутниковые системы и ретрансляции радиосигналов', 9, 2, 'ССиРР'),
(161, 'Электропитание систем телекоммуникаций', 9, 2, 'ЭСТк'),
(162, 'Схемотехника и технологии проектирования функциональных устройств', 9, 2, 'СиТПФУ'),
(163, 'Основы радиосвязи, радиовещания и телевидения', 9, 2, 'ОРРиТ'),
(164, 'Терминальные устройства и документальные службы телекоммуникаций', 9, 2, 'ТУиДСТк'),
(165, 'Направляющие системы телекоммуникаций', 9, 2, 'НСТк'),
(166, 'Системы доступа к телекоммуникационным и компьютерным системам', 9, 2, 'СДкТиКС'),
(167, 'Электротехника', 9, 2, 'Электротехника'),
(168, 'Основы телекоммуникаций', 10, 2, 'ОТк'),
(169, 'Техническая электроника', 10, 2, 'ТЭ'),
(170, 'Электронные приборы', 10, 2, 'ЭП'),
(171, 'Метрология и измерения', 10, 2, 'МиИ'),
(172, 'Сети телекоммуникаций', 10, 2, 'СТк'),
(173, 'Основы построения систем и сетей телекоммуникаций', 10, 2, 'ОПСиСТк'),
(174, 'Коммутационные станции сетей телекоммуникаций', 10, 2, 'КССТк'),
(175, 'Многоканальные системы передачи', 10, 2, 'МСП'),
(176, 'Сетевые технологии в телекоммуникациях', 10, 2, 'СТвТк'),
(177, 'Управляющие комплексы и протоколы управления в сетях телекоммуникаций', 10, 2, 'УКиПУвСТк'),
(178, 'Оптоэлектроника', 10, 2, 'Оптоэлектроника'),
(179, 'Техническая эксплуатация коммутационных станций и сетей телекоммуникаций', 10, 2, 'ТЭКСиСТк'),
(180, 'Техническая эксплуатация систем передачи информации', 10, 2, 'ТЭСПИ'),
(181, 'Оборудование и технология строительства линейных сооружений связи', 10, 2, 'ОиТСЛСС'),
(182, 'Структурированные кабельные системы', 10, 2, 'СКС'),
(183, 'Протоколы управления в сетях телекоммуникаций', 10, 2, 'ПУвСТк'),
(184, 'Техническая эксплуатация сетей телекоммуникаций', 10, 2, 'ТЭСТк'),
(185, 'Техническая эксплуатация многоканальных систем передачи', 10, 2, 'ТЭМСП'),
(186, 'Проектирование и техническая эксплуатация направляющих систем телекоммуникаций', 10, 2, 'ПиТЭНСТк'),
(187, 'Специзмерения в направляющих системах и защита информации', 10, 2, 'СвНСиЗИ'),
(188, 'Основы технической эксплуатации сетей телекоммуникаций', 10, 2, 'ОТЭСТк'),
(189, 'Высокоскоростные технологии сетей телекоммуникаций', 10, 1, 'ВТСТк'),
(190, 'Мультисервисные сети телекоммуникаций', 10, 1, 'МСТк'),
(191, 'Сетевые протоколы в инфокоммуникациях', 10, 1, 'СПв Ик'),
(192, 'Сигнализация в инфокоммуникационных сетях', 10, 1, 'СвИкС'),
(193, 'Сети телекоммуникаций', 10, 1, 'СТк'),
(194, 'Технологии управления предприятиями, системами и сетями телекоммуникаций', 10, 1, 'ТУПСиСТк'),
(195, 'Основы теории телетрафика', 10, 1, 'ОТТ'),
(196, 'Основы построения инфокоммуникационных систем и сетей', 10, 1, 'ОПИСиС'),
(197, 'Теория кодирования', 10, 1, 'ТК'),
(198, 'Техническая эксплуатация систем коммутации и передачи', 10, 1, 'ТЭСКиП'),
(199, 'Техническая эксплуатация сетей телекоммуникаций', 10, 1, 'ТЭСТкк'),
(200, 'Транспортные сети инфокоммуникаций', 10, 1, 'ТСИк'),
(201, 'Управление сетями и объектами инфокоммуникаций', 10, 1, 'УСиОИ'),
(202, 'Деловая документация', 11, 2, 'ДД'),
(203, 'Основы маркетинга', 11, 2, 'ОМ'),
(204, 'Основы менеджмента', 11, 2, 'ОМ'),
(205, 'Экономика организации', 11, 2, 'ЭО'),
(206, 'Анализ и планирование маркетинговой деятельности в организациях связи', 11, 1, 'АиПМДвОС'),
(207, 'Анализ хозяйственной деятельности', 11, 1, 'АХД'),
(208, 'Бизнес-планирование в организациях связи', 11, 1, 'БПвОС'),
(209, 'Бухгалтерские пакеты прикладных программ в организациях связи', 11, 1, 'БПППвОС'),
(210, 'Бухгалтерский учёт и анализ', 11, 1, 'БУиА'),
(211, 'Бухгалтерский учет в почтовой связи', 11, 1, 'БУвПС'),
(212, 'Информационный менеджмент в организациях связи', 11, 1, 'ИМв ОС'),
(213, 'Информационное обеспечение маркетинга в организациях связи', 11, 1, 'ИОМвОС'),
(214, 'История экономических учений/история науки и техники', 11, 1, 'ИЭУНиТ'),
(215, 'Информационный менеджмент в организациях связи', 11, 1, 'ИМвОС'),
(216, 'Логистика', 11, 1, 'Логистика'),
(217, 'Макроэкономика', 11, 1, 'МакрЭк.'),
(218, 'Маркетинг (теория)', 11, 1, 'Маркетинг(т.)'),
(219, 'Маркетинг (стратегический)', 11, 1, 'Маркетинг(стр.)'),
(220, 'Маркетинг (международный)', 11, 1, 'Маркетинг(м.)'),
(221, 'Маркетинг и ценообразование', 11, 1, 'МиЦ'),
(222, 'Маркетинг инноваций', 11, 1, 'МИ'),
(223, 'Маркетинговые исследования', 11, 1, 'МИ'),
(224, 'Маркетинговые коммуникации', 11, 1, 'МК'),
(225, 'Международная экономика', 11, 1, 'МЭ'),
(226, 'Международный маркетинг', 11, 1, 'ММ'),
(227, 'Менеджмент', 11, 1, 'Менеджмент'),
(228, 'Микроэкономика', 11, 1, 'Микроэкономика'),
(229, 'Налоги и налогообложение', 11, 1, 'НиН'),
(230, 'Национальная экономика Беларуси', 11, 1, 'НЭБ'),
(231, 'Организация производства', 11, 1, 'ОП'),
(232, 'Обязательный модуль \"Экономика\": Экономическая теория', 11, 1, 'ОМ\"ЭТ\"'),
(233, 'Основы интернет-маркетинга и электронной коммерции', 11, 1, 'ОИМиЭК'),
(234, 'Основы бизнеса и права', 11, 1, 'ОБиП'),
(235, 'Основы бизнеса и права в инфокоммуникациях', 11, 1, 'ОБиПвИ'),
(236, 'Прогнозирование и планирование экономики', 11, 1, 'ПиПЭ'),
(237, 'Статистика', 11, 1, 'Статистика'),
(238, 'Управление маркетингом услуг в отрасли связи', 11, 1, 'УМУвОС'),
(239, 'Управление персоналом', 11, 1, 'УП'),
(240, 'Управление хозяйственными рисками', 11, 1, 'УХР'),
(241, 'Финансы и статистика в организациях связи', 11, 1, 'ФиСвОС'),
(242, 'Финансы и финансовый рынок', 11, 1, 'ФиФР'),
(243, 'Формирование тарифов на услуги связи', 11, 1, 'ФТНУС'),
(244, 'Ценообразование', 11, 1, 'Ценообр.'),
(245, 'Экономика и управление инновациями', 11, 1, 'ЭиУИ'),
(246, 'Экономика организации (предприятия)', 11, 1, 'ЭО(пр.)'),
(247, 'Экономика организации', 11, 1, 'ЭО'),
(248, 'Экономика природопользования', 11, 1, 'ЭП'),
(249, 'Экономическая социология', 11, 1, 'ЭС'),
(250, 'Экономическая теория(Обязательнеый модуль)', 11, 1, 'ЭТ'),
(251, 'Экономическая история', 11, 1, 'ЭИ'),
(252, 'Администрирование системного программного обеспечения', 8, 1, 'АСПО'),
(253, 'Основы разработки и сопровождение WEB-проектов', 8, 1, 'ОРиСWп'),
(254, 'Тестирование  программного обеспечения систем инфокоммуникаций', 8, 1, 'ТПОСИ'),
(255, 'Охрана труда', 6, 1, 'ОТ'),
(256, 'Алгоритмы и базы', 8, 1, 'АиБ'),
(257, 'Математика', 5, 1, 'Математика'),
(258, 'Цифровые и микропроцессорные устройства', 4, 1, 'ЦиМПУ'),
(259, 'Информационная безопасность телекоммуникационных систем', 8, 1, 'ИБ'),
(260, 'Основы менеджмента', 11, 1, 'ОМ'),
(261, 'Техника и оборудование в почтовой связи', 6, 1, 'ТиОвПС'),
(262, 'Направляющие среды и цифровые системы передачи', 10, 1, 'НСиЦСП'),
(263, 'Сигнализация в инфокоммуникациях', 10, 1, 'Св Ик'),
(264, 'Сети  подвижной связи ', 9, 1, 'СПС'),
(265, 'Основы управления интеллектуальной собственностью', 6, 1, 'ОУИС'),
(266, 'Надежность инфокоммуникационных систем', 10, 1, 'НИС'),
(267, 'Техническая электроника', 10, 1, 'ТЭ'),
(268, 'Административная  география', 1, 2, 'А.география'),
(269, 'Иностранный язык. Основы тех. перевода (факультатив)', 1, 2, ''),
(270, 'История Беларуси (в контексте европейской цивилизации)', 1, 2, ''),
(271, 'История науки и техники', 1, 2, ''),
(272, 'Методы принятия решений в госудасртвенном управлении', 8, 1, 'МПРвГУ'),
(273, 'Государственное управление в условиях развития информационного общества', 8, 1, 'ГУвУРИО'),
(274, 'Основы идеалогии белорусского государства', 1, 2, 'ОИБГ'),
(275, 'Основы психологии и педагогики', 1, 2, 'ОПП'),
(276, 'Психология управления', 1, 2, 'ПУ'),
(277, 'Политология ', 1, 2, 'ПОЛИТ'),
(278, 'Социалогия ', 1, 2, 'СОЦИАЛ'),
(279, 'Философия ', 1, 2, 'ФИЛОС'),
(280, 'Делопроизводство', 6, 1, 'Д'),
(281, 'Информационные технологии электронного документооборота', 8, 1, 'ИТЭД'),
(282, 'Программирование в офисных приложениях', 8, 1, 'ПвОП'),
(283, 'Системы управления базами данных', 8, 1, 'СУБД'),
(284, 'Беспроводные локальные и сенсорные сети', 9, 1, 'БЛиСС'),
(285, 'Метрология, стандартизация и сертификация в почтовой связи', 9, 1, 'МСиСвПС'),
(286, 'Надёжность инфокоммуникационных систем', 9, 1, 'НИкС'),
(287, 'Транспортные сети инфокоммуникаций', 9, 1, 'ТСИк'),
(288, 'Корпоративные мультисервисные сети', 10, 1, 'КМС'),
(289, 'Структура инфокоммуникационных систем и сетей', 10, 1, 'СИкСиС'),
(290, 'Теория телетрафика', 10, 1, 'ТТт'),
(291, 'Топология инфокоммуникационных сетей', 10, 1, 'ТИкС'),
(292, 'Электронные приборы', 10, 1, 'ЭП'),
(293, 'Введение в специальность (факультатив)', 11, 1, 'ВвС(ф)'),
(294, 'Управление маркетингом услуг в организациях связи', 11, 1, 'УМУвОрС'),
(295, 'Логистика  в почтовой связи', 6, 2, 'ЛвПС'),
(296, 'Электронный маркетинг в почтовой связи', 6, 2, 'ЭМ в ПС'),
(297, 'Программное обеспечение мультимедийных систем', 8, 2, 'ПОМС'),
(298, 'Теория алгоритмов', 8, 2, 'ТА'),
(299, 'Радиосистемы охраны и теленаблюдения', 9, 2, 'РСОиТн'),
(300, 'Системы радиосвязи, радионавигации и радиоопределения', 9, 2, 'СРРнРо'),
(301, 'Терминальные устройства ', 9, 2, 'ТУ'),
(302, 'Техническое обслуживание и ремонт радиосистем охраны и теленаблюдения', 9, 2, 'ТОиРРсОиТн'),
(303, 'Цифровое телевидение', 9, 2, 'ЦТ'),
(304, 'Направляющие системы телекоммуникаций', 10, 2, 'НСТк'),
(305, 'Военная подготовка', 12, 2, 'ВП'),
(306, '', 1, 1, '????'),
(307, '', 12, 1, '1'),
(308, 'Военная  подготовка', 12, 1, 'ВП'),
(309, 'Государственное регулирование инновационной деятельностью', 11, 3, 'ГРИД'),
(310, 'Теоретико-методологические и институциональные основы электронного правительства', 11, 3, 'ТМОиИОЭП'),
(311, 'Инфокоммуникационные системы', 4, 3, 'ИС'),
(312, 'Архитектура электронного правительсва', 8, 3, 'АЭП'),
(313, 'высшая матаматика', 5, 2, 'ВМ'),
(314, 'Технология разработки программного обеспечеия', 4, 2, 'ТРПО'),
(315, 'Технология тестирования ПО', 4, 2, ''),
(316, 'русский язык как иностранный', 2, 1, 'РЯИ');
SET IDENTITY_INSERT Subjects OFF

SET IDENTITY_INSERT Records ON
INSERT INTO Records (IdRecord, WeekNumber, [WeekDay], SubjOrdinalNumber, IdGroup, IdSubject, IdLecturer, IdSubjectType, IdSubjectFor, DateFrom, DateTo, IdClassroom) VALUES
(1, 3, 5, 1, 99, 305, 307, 1, 3, '2017-09-15', '2017-09-15', 1),
(2, 4, 3, 2, 99, 86, 105, 6, 3, '2017-09-06', '2017-09-28', 1),
(3, 2, 3, 2, 99, 86, 105, 6, 3, '2017-09-06', '2017-09-28', 1),
(6, 2, 7, 2, 99, 305, 307, 1, 3, '2017-09-03', '2017-09-30', 1),
(7, 1, 7, 2, 99, 305, 307, 1, 3, '2017-09-03', '2017-09-30', 1),
(8, 3, 4, 2, 71, 308, 307, 1, 3, '2017-09-14', '2017-09-29', 1),
(9, 2, 4, 2, 71, 308, 307, 1, 3, '2017-09-14', '2017-09-29', 1),
(10, 2, 3, 1, 71, 70, 84, 1, 3, '2017-09-06', '2017-09-06', 1),
(11, 4, 1, 1, 72, 35, 34, 7, 3, '2017-09-01', '2018-01-20', 1),
(12, 3, 1, 1, 72, 35, 34, 7, 3, '2017-09-01', '2018-01-20', 31),
(13, 2, 1, 1, 72, 35, 34, 7, 3, '2017-09-01', '2018-01-20', 31),
(14, 1, 1, 1, 72, 35, 34, 7, 3, '2017-09-01', '2018-01-20', 31),
(15, 4, 1, 2, 72, 15, 33, 7, 3, '2017-09-01', '2018-01-20', 30),
(16, 3, 1, 2, 72, 15, 33, 7, 3, '2017-09-01', '2018-01-20', 30),
(17, 2, 1, 2, 72, 15, 33, 7, 3, '2017-09-01', '2018-01-20', 30),
(18, 1, 1, 2, 72, 15, 33, 7, 3, '2017-09-01', '2018-01-20', 30),
(19, 1, 1, 3, 72, 81, 97, 7, 3, '2017-09-01', '2018-01-20', 20),
(20, 2, 1, 3, 72, 81, 97, 7, 3, '2017-09-01', '2018-01-20', 20),
(21, 3, 1, 3, 72, 81, 97, 7, 3, '2017-09-01', '2018-01-20', 20),
(22, 4, 1, 3, 72, 81, 97, 7, 3, '2017-09-01', '2018-01-20', 20),
(23, 1, 2, 2, 72, 82, 100, 7, 3, '2017-09-01', '2018-01-20', 35),
(24, 2, 2, 2, 72, 82, 100, 7, 3, '2017-09-05', '2018-01-20', 35),
(25, 3, 2, 2, 72, 82, 100, 7, 3, '2017-09-01', '2018-01-20', 35),
(26, 4, 2, 2, 72, 82, 100, 7, 3, '2017-09-01', '2018-01-20', 35),
(27, 4, 2, 1, 72, 43, 51, 3, 1, '2017-09-01', '2018-01-20', 49),
(28, 3, 2, 1, 72, 43, 51, 3, 1, '2017-09-01', '2018-01-20', 49),
(29, 1, 2, 1, 72, 43, 51, 3, 1, '2017-09-01', '2018-01-20', 49),
(30, 2, 2, 1, 72, 43, 51, 3, 1, '2017-09-01', '2018-01-20', 49),
(31, 4, 2, 1, 72, 43, 43, 3, 2, '2017-09-01', '2018-01-20', 49),
(32, 3, 2, 1, 72, 43, 43, 3, 2, '2017-09-01', '2018-01-20', 49),
(33, 1, 2, 1, 72, 43, 43, 3, 2, '2017-09-01', '2018-01-20', 49),
(34, 2, 2, 1, 72, 43, 43, 3, 2, '2017-09-01', '2018-01-20', 49),
(35, 4, 2, 3, 72, 78, 98, 7, 3, '2017-09-01', '2018-01-20', 31),
(36, 3, 2, 3, 72, 78, 98, 7, 3, '2017-09-01', '2018-01-20', 31),
(37, 1, 2, 3, 72, 78, 98, 7, 3, '2017-09-01', '2018-01-20', 31),
(38, 2, 2, 3, 72, 78, 98, 7, 3, '2017-09-01', '2018-01-20', 31),
(39, 4, 2, 4, 72, 23, 310, 3, 1, '2017-09-01', '2018-01-20', 11),
(40, 3, 2, 4, 72, 23, 310, 3, 1, '2017-09-01', '2018-01-20', 11),
(41, 1, 2, 4, 72, 23, 310, 3, 1, '2017-09-01', '2018-01-20', 11),
(42, 2, 2, 4, 72, 23, 310, 3, 1, '2017-09-01', '2018-01-20', 11),
(43, 4, 3, 2, 72, 81, 97, 7, 3, '2017-09-01', '2018-01-20', 20),
(44, 3, 3, 2, 72, 81, 97, 7, 3, '2017-09-01', '2018-01-20', 20),
(45, 1, 3, 2, 72, 81, 97, 7, 3, '2017-09-01', '2018-01-20', 20),
(46, 2, 3, 2, 72, 81, 97, 7, 3, '2017-09-01', '2018-01-20', 20),
(47, 4, 3, 3, 72, 44, 52, 7, 1, '2017-09-01', '2018-01-20', 6),
(48, 3, 3, 3, 72, 44, 52, 7, 1, '2017-09-01', '2018-01-20', 6),
(49, 1, 3, 3, 72, 44, 52, 7, 1, '2017-09-01', '2018-01-20', 6),
(50, 2, 3, 3, 72, 44, 52, 7, 1, '2017-09-01', '2018-01-20', 6),
(51, 4, 3, 3, 72, 45, 60, 7, 2, '2017-09-01', '2018-01-20', 49),
(52, 3, 3, 3, 72, 45, 60, 7, 2, '2017-09-01', '2018-01-20', 49),
(53, 1, 3, 3, 72, 45, 60, 7, 2, '2017-09-01', '2018-01-20', 49),
(54, 2, 3, 3, 72, 45, 60, 7, 2, '2017-09-01', '2018-01-20', 49),
(55, 4, 3, 4, 72, 22, 19, 7, 3, '2017-09-01', '2018-01-20', 34),
(56, 3, 3, 4, 72, 22, 19, 7, 3, '2017-09-01', '2018-01-20', 34),
(57, 1, 3, 4, 72, 22, 19, 7, 3, '2017-09-01', '2018-01-20', 34),
(58, 2, 3, 4, 72, 22, 19, 7, 3, '2017-09-01', '2018-01-20', 34),
(59, 4, 3, 5, 72, 23, 27, 3, 2, '2017-09-01', '2018-01-20', 26),
(60, 3, 3, 5, 72, 23, 27, 3, 2, '2017-09-01', '2018-01-20', 26),
(61, 1, 3, 5, 72, 23, 27, 3, 2, '2017-09-01', '2018-01-20', 26),
(62, 2, 3, 5, 72, 23, 27, 3, 2, '2017-09-01', '2018-01-20', 26),
(63, 4, 4, 1, 72, 43, 51, 3, 1, '2017-09-01', '2018-01-20', 49),
(64, 3, 4, 1, 72, 43, 51, 3, 1, '2017-09-01', '2018-01-20', 49),
(65, 1, 4, 1, 72, 43, 51, 3, 1, '2017-09-01', '2018-01-20', 49),
(66, 2, 4, 1, 72, 43, 51, 3, 1, '2017-09-01', '2018-01-20', 49),
(67, 4, 4, 1, 72, 43, 43, 3, 2, '2017-09-01', '2018-01-20', 49),
(68, 3, 4, 1, 72, 43, 43, 3, 2, '2017-09-01', '2018-01-20', 49),
(69, 1, 4, 1, 72, 43, 43, 3, 2, '2017-09-01', '2018-01-20', 49),
(70, 2, 4, 1, 72, 43, 43, 3, 2, '2017-09-01', '2018-01-20', 49),
(71, 4, 4, 2, 72, 18, 35, 7, 3, '2017-09-01', '2018-01-20', 28),
(72, 3, 4, 2, 72, 18, 35, 7, 3, '2017-09-01', '2018-01-20', 28),
(73, 1, 4, 2, 72, 18, 35, 7, 3, '2017-09-01', '2018-01-20', 28),
(74, 2, 4, 2, 72, 18, 35, 7, 3, '2017-09-01', '2018-01-20', 28),
(75, 4, 4, 3, 72, 76, 102, 7, 3, '2017-09-01', '2018-01-20', 31),
(76, 3, 4, 3, 72, 76, 102, 7, 3, '2017-09-01', '2018-01-20', 31),
(77, 1, 4, 3, 72, 76, 102, 7, 3, '2017-09-01', '2018-01-20', 31),
(78, 2, 4, 3, 72, 76, 102, 7, 3, '2017-09-01', '2018-01-20', 31),
(79, 3, 4, 4, 72, 19, 35, 7, 3, '2017-09-01', '2018-01-20', 30),
(80, 1, 4, 4, 72, 19, 35, 7, 3, '2017-09-01', '2018-01-20', 30),
(81, 4, 4, 4, 72, 16, 33, 7, 3, '2017-09-01', '2018-01-20', 29),
(82, 2, 4, 4, 72, 16, 33, 7, 3, '2017-09-01', '2018-01-20', 29),
(83, 3, 5, 2, 72, 26, 310, 7, 3, '2017-09-01', '2018-01-20', 11),
(84, 1, 5, 2, 72, 26, 310, 7, 3, '2017-09-01', '2018-01-20', 11),
(85, 4, 5, 2, 72, 21, 26, 7, 3, '2017-09-08', '2018-01-20', 26),
(86, 2, 5, 2, 72, 21, 26, 7, 3, '2017-09-08', '2018-01-20', 26),
(87, 4, 5, 3, 72, 76, 102, 7, 3, '2017-09-01', '2018-01-20', 33),
(88, 3, 5, 3, 72, 76, 102, 7, 3, '2017-09-01', '2018-01-20', 33),
(89, 1, 5, 3, 72, 76, 102, 7, 3, '2017-09-01', '2018-01-20', 33),
(90, 2, 5, 3, 72, 76, 102, 7, 3, '2017-09-01', '2018-01-20', 33),
(91, 4, 5, 4, 72, 82, 100, 7, 3, '2017-09-01', '2018-01-20', 35),
(92, 3, 5, 4, 72, 82, 100, 7, 3, '2017-09-01', '2018-01-20', 35),
(93, 1, 5, 4, 72, 82, 100, 7, 3, '2017-09-01', '2018-01-20', 35),
(94, 2, 5, 4, 72, 82, 100, 7, 3, '2017-09-01', '2018-01-20', 35),
(95, 4, 5, 5, 72, 21, 26, 7, 3, '2017-09-01', '2018-01-20', 26),
(96, 3, 5, 5, 72, 21, 26, 7, 3, '2017-09-01', '2018-01-20', 26),
(97, 1, 5, 5, 72, 21, 26, 7, 3, '2017-09-01', '2018-01-20', 26),
(98, 2, 5, 5, 72, 21, 26, 7, 3, '2017-09-01', '2018-01-20', 26),
(99, 4, 6, 1, 72, 76, 102, 7, 3, '2017-09-02', '2018-01-20', 32),
(100, 3, 6, 1, 72, 76, 102, 7, 3, '2017-09-02', '2018-01-20', 32),
(101, 1, 6, 1, 72, 76, 102, 7, 3, '2017-09-02', '2018-01-20', 32),
(102, 2, 6, 1, 72, 76, 102, 7, 3, '2017-09-02', '2018-01-20', 32),
(103, 4, 6, 2, 72, 78, 98, 7, 3, '2017-09-09', '2018-01-20', 30),
(104, 2, 6, 2, 72, 78, 98, 7, 3, '2017-09-09', '2018-01-20', 30),
(105, 2, 1, 4, 100, 309, 197, 1, 3, '2017-09-01', '2017-12-22', 51),
(106, 3, 1, 4, 100, 309, 197, 1, 3, '2017-09-01', '2017-12-22', 51),
(107, 1, 1, 4, 100, 309, 197, 1, 3, '2017-09-01', '2017-12-22', 51),
(108, 4, 1, 4, 100, 309, 197, 1, 3, '2017-09-01', '2017-12-22', 51),
(109, 3, 1, 5, 100, 310, 196, 3, 3, '2017-09-01', '2017-12-22', 52),
(110, 1, 1, 5, 100, 310, 196, 3, 3, '2017-09-01', '2017-12-22', 52),
(111, 2, 1, 5, 100, 311, 83, 1, 3, '2017-09-01', '2017-12-22', 1),
(112, 4, 1, 5, 100, 311, 83, 1, 3, '2017-09-01', '2017-12-22', 1),
(113, 2, 2, 4, 100, 309, 197, 3, 3, '2017-09-01', '2017-12-22', 53),
(114, 3, 2, 4, 100, 309, 197, 3, 3, '2017-09-01', '2017-12-22', 53),
(115, 1, 2, 4, 100, 309, 197, 3, 3, '2017-09-01', '2017-12-22', 53),
(116, 4, 2, 4, 100, 309, 197, 3, 3, '2017-09-01', '2017-12-22', 53),
(117, 2, 2, 5, 100, 312, 311, 2, 3, '2017-09-01', '2017-12-22', 53),
(118, 3, 2, 5, 100, 312, 311, 2, 3, '2017-09-01', '2017-12-22', 53),
(119, 1, 2, 5, 100, 312, 311, 2, 3, '2017-09-01', '2017-12-22', 53),
(120, 4, 2, 5, 100, 312, 311, 2, 3, '2017-09-01', '2017-12-22', 53),
(121, 2, 3, 5, 100, 311, 83, 1, 3, '2017-09-01', '2017-12-22', 1),
(122, 3, 3, 5, 100, 311, 83, 1, 3, '2017-09-01', '2017-12-22', 1),
(123, 1, 3, 5, 100, 311, 83, 1, 3, '2017-09-01', '2017-12-22', 1),
(124, 4, 3, 5, 100, 311, 83, 1, 3, '2017-09-01', '2017-12-22', 1),
(125, 2, 3, 6, 100, 311, 79, 2, 3, '2017-09-01', '2017-12-22', 1),
(126, 3, 3, 6, 100, 311, 79, 2, 3, '2017-09-01', '2017-12-22', 1),
(127, 1, 3, 6, 100, 311, 79, 2, 3, '2017-09-01', '2017-12-22', 1),
(128, 4, 3, 6, 100, 311, 79, 2, 3, '2017-09-01', '2017-12-22', 1),
(129, 2, 5, 5, 100, 310, 196, 1, 3, '2017-09-01', '2017-12-22', 52),
(130, 3, 5, 5, 100, 310, 196, 1, 3, '2017-09-01', '2017-12-22', 52),
(131, 1, 5, 5, 100, 310, 196, 1, 3, '2017-09-01', '2017-12-22', 52),
(132, 4, 5, 5, 100, 310, 196, 1, 3, '2017-09-01', '2017-12-22', 52),
(133, 3, 5, 4, 100, 312, 311, 1, 3, '2017-09-01', '2017-12-22', 52),
(134, 1, 5, 4, 100, 312, 311, 1, 3, '2017-09-01', '2017-12-22', 52),
(135, 2, 5, 4, 100, 309, 197, 3, 3, '2017-09-01', '2017-12-22', 52),
(136, 4, 5, 4, 100, 309, 197, 3, 3, '2017-09-01', '2017-12-22', 52),
(137, 2, 1, 1, 73, 43, 53, 3, 1, '2017-09-01', '2018-01-20', 49),
(138, 3, 1, 1, 73, 43, 53, 3, 1, '2017-09-01', '2018-01-20', 49),
(139, 4, 1, 1, 73, 43, 53, 3, 1, '2017-09-01', '2018-01-20', 49),
(140, 1, 1, 1, 73, 43, 53, 3, 1, '2017-09-01', '2018-01-20', 49),
(141, 2, 1, 1, 73, 43, 54, 3, 2, '2017-09-01', '2018-01-20', 49),
(142, 3, 1, 1, 73, 43, 54, 3, 2, '2017-09-01', '2018-01-20', 49),
(143, 4, 1, 1, 73, 43, 54, 3, 2, '2017-09-01', '2018-01-20', 49),
(144, 1, 1, 1, 73, 43, 54, 3, 2, '2017-09-01', '2018-01-20', 49),
(145, 2, 1, 2, 73, 35, 34, 7, 3, '2017-09-01', '2018-01-20', 31),
(146, 3, 1, 2, 73, 35, 34, 7, 3, '2017-09-01', '2018-01-20', 31),
(147, 4, 1, 2, 73, 35, 34, 7, 3, '2017-09-01', '2018-01-20', 31),
(148, 1, 1, 2, 73, 35, 34, 7, 3, '2017-09-01', '2018-01-20', 31),
(149, 2, 1, 3, 73, 15, 33, 7, 3, '2017-09-01', '2018-01-20', 30),
(150, 3, 1, 3, 73, 15, 33, 7, 3, '2017-09-01', '2018-01-20', 30),
(151, 4, 1, 3, 73, 15, 33, 7, 3, '2017-09-01', '2018-01-20', 30),
(152, 1, 1, 3, 73, 15, 33, 7, 3, '2017-09-01', '2018-01-20', 30),
(153, 2, 1, 4, 73, 19, 35, 7, 3, '2017-09-01', '2018-01-20', 28),
(154, 4, 1, 4, 73, 19, 35, 7, 3, '2017-09-01', '2018-01-20', 28),
(155, 2, 2, 2, 73, 22, 19, 7, 3, '2017-09-01', '2018-01-20', 34),
(156, 3, 2, 2, 73, 22, 19, 7, 3, '2017-09-01', '2018-01-20', 34),
(157, 4, 2, 2, 73, 22, 19, 7, 3, '2017-09-01', '2018-01-20', 34),
(158, 1, 2, 2, 73, 22, 19, 7, 3, '2017-09-01', '2018-01-20', 34),
(159, 2, 2, 3, 73, 81, 97, 7, 3, '2017-09-01', '2018-01-20', 20),
(160, 3, 2, 3, 73, 81, 97, 7, 3, '2017-09-01', '2018-01-20', 20),
(161, 4, 2, 3, 73, 81, 97, 7, 3, '2017-09-01', '2018-01-20', 20),
(162, 1, 2, 3, 73, 81, 97, 7, 3, '2017-09-01', '2018-01-20', 20),
(163, 2, 2, 4, 73, 82, 100, 7, 3, '2017-09-01', '2018-01-20', 35),
(164, 3, 2, 4, 73, 82, 100, 7, 3, '2017-09-01', '2018-01-20', 35),
(165, 4, 2, 4, 73, 82, 100, 7, 3, '2017-09-01', '2018-01-20', 35),
(166, 1, 2, 4, 73, 82, 100, 7, 3, '2017-09-01', '2018-01-20', 35),
(167, 2, 2, 5, 73, 23, 27, 7, 1, '2017-09-01', '2018-01-20', 28),
(168, 3, 2, 5, 73, 23, 27, 7, 1, '2017-09-01', '2018-01-20', 28),
(169, 4, 2, 5, 73, 23, 27, 7, 1, '2017-09-01', '2018-01-20', 28),
(170, 1, 2, 5, 73, 23, 27, 7, 1, '2017-09-01', '2018-01-20', 28),
(171, 2, 2, 5, 73, 23, 310, 7, 3, '2017-09-01', '2018-01-20', 22),
(172, 3, 2, 5, 73, 23, 310, 7, 3, '2017-09-01', '2018-01-20', 22),
(173, 4, 2, 5, 73, 23, 310, 7, 3, '2017-09-01', '2018-01-20', 22),
(174, 1, 2, 5, 73, 23, 310, 7, 3, '2017-09-01', '2018-01-20', 22),
(175, 2, 2, 5, 73, 23, 310, 7, 2, '2017-09-01', '2018-01-20', 22),
(176, 3, 2, 5, 73, 23, 310, 7, 2, '2017-09-01', '2018-01-20', 22),
(177, 1, 2, 5, 73, 23, 310, 7, 2, '2017-09-01', '2018-01-20', 22),
(178, 4, 2, 5, 73, 23, 310, 7, 2, '2017-09-19', '2018-01-20', 22),
(179, 2, 3, 2, 73, 76, 101, 7, 3, '2017-09-01', '2018-01-20', 32),
(180, 3, 3, 2, 73, 76, 101, 7, 3, '2017-09-01', '2018-01-20', 32),
(181, 4, 3, 2, 73, 76, 101, 7, 3, '2017-09-01', '2018-01-20', 32),
(182, 1, 3, 2, 73, 76, 101, 7, 3, '2017-09-01', '2018-01-20', 32),
(183, 2, 3, 3, 73, 78, 98, 7, 3, '2017-09-01', '2018-01-20', 23),
(184, 3, 3, 3, 73, 78, 98, 7, 3, '2017-09-01', '2018-01-20', 23),
(185, 4, 3, 3, 73, 78, 98, 7, 3, '2017-09-01', '2018-01-20', 23),
(186, 1, 3, 3, 73, 78, 98, 7, 3, '2017-09-01', '2018-01-20', 23),
(187, 2, 3, 4, 73, 81, 97, 7, 3, '2017-09-01', '2018-01-20', 20),
(188, 3, 3, 4, 73, 81, 97, 7, 3, '2017-09-01', '2018-01-20', 20),
(189, 4, 3, 4, 73, 81, 97, 7, 3, '2017-09-01', '2018-01-20', 20),
(190, 1, 3, 4, 73, 81, 97, 7, 3, '2017-09-01', '2018-01-20', 20),
(191, 3, 4, 1, 73, 21, 26, 7, 3, '2017-09-01', '2018-01-20', 26),
(192, 1, 4, 1, 73, 21, 26, 7, 3, '2017-09-01', '2018-01-20', 26),
(193, 2, 4, 1, 73, 26, 27, 7, 3, '2017-09-07', '2018-01-20', 33),
(194, 4, 4, 1, 73, 26, 27, 7, 3, '2017-09-07', '2018-01-20', 33),
(195, 2, 4, 2, 73, 82, 100, 7, 3, '2017-09-01', '2018-01-20', 35),
(196, 3, 4, 2, 73, 82, 100, 7, 3, '2017-09-01', '2018-01-20', 35),
(197, 4, 4, 2, 73, 82, 100, 7, 3, '2017-09-01', '2018-01-20', 35),
(198, 1, 4, 2, 73, 82, 100, 7, 3, '2017-09-01', '2018-01-20', 35),
(199, 2, 4, 3, 73, 76, 101, 7, 3, '2017-09-01', '2018-01-20', 32),
(200, 3, 4, 3, 73, 76, 101, 7, 3, '2017-09-01', '2018-01-20', 32),
(201, 4, 4, 3, 73, 76, 101, 7, 3, '2017-09-01', '2018-01-20', 32),
(202, 1, 4, 3, 73, 76, 101, 7, 3, '2017-09-01', '2018-01-20', 32),
(203, 3, 4, 4, 73, 16, 33, 7, 3, '2017-09-01', '2018-01-20', 30),
(204, 1, 4, 4, 73, 16, 33, 7, 3, '2017-09-01', '2018-01-20', 30),
(205, 2, 5, 1, 73, 43, 53, 3, 1, '2017-09-01', '2018-01-20', 49),
(206, 3, 5, 1, 73, 43, 53, 3, 1, '2017-09-01', '2018-01-20', 49),
(207, 4, 5, 1, 73, 43, 53, 3, 1, '2017-09-01', '2018-01-20', 49),
(208, 1, 5, 1, 73, 43, 53, 3, 1, '2017-09-01', '2018-01-20', 49),
(209, 2, 5, 1, 73, 43, 54, 3, 2, '2017-09-01', '2018-01-20', 49),
(210, 3, 5, 1, 73, 43, 54, 3, 2, '2017-09-01', '2018-01-20', 49),
(211, 4, 5, 1, 73, 43, 54, 3, 2, '2017-09-01', '2018-01-20', 49),
(212, 1, 5, 1, 73, 43, 54, 3, 2, '2017-09-01', '2018-01-20', 49),
(213, 2, 5, 2, 73, 45, 60, 7, 1, '2017-09-01', '2018-01-20', 49),
(214, 3, 5, 2, 73, 45, 60, 7, 1, '2017-09-01', '2018-01-20', 49),
(215, 4, 5, 2, 73, 45, 60, 7, 1, '2017-09-01', '2018-01-20', 49),
(216, 1, 5, 2, 73, 45, 60, 7, 1, '2017-09-01', '2018-01-20', 49),
(217, 2, 5, 2, 73, 44, 52, 7, 2, '2017-09-01', '2018-01-20', 6),
(218, 3, 5, 2, 73, 44, 52, 7, 2, '2017-09-01', '2018-01-20', 6),
(219, 4, 5, 2, 73, 44, 52, 7, 2, '2017-09-01', '2018-01-20', 6),
(220, 1, 5, 2, 73, 44, 52, 7, 2, '2017-09-01', '2018-01-20', 6),
(221, 2, 5, 3, 73, 76, 101, 7, 3, '2017-09-01', '2018-01-20', 32),
(222, 3, 5, 3, 73, 76, 101, 7, 3, '2017-09-01', '2018-01-20', 32),
(223, 4, 5, 3, 73, 76, 101, 7, 3, '2017-09-01', '2018-01-20', 32),
(224, 1, 5, 3, 73, 76, 101, 7, 3, '2017-09-01', '2018-01-20', 32),
(225, 1, 5, 4, 73, 18, 35, 7, 3, '2017-09-01', '2018-01-20', 28),
(226, 2, 5, 4, 73, 18, 35, 7, 3, '2017-09-08', '2018-01-20', 28),
(227, 3, 5, 4, 73, 18, 35, 7, 3, '2017-09-08', '2018-01-20', 28),
(228, 4, 5, 4, 73, 18, 35, 7, 3, '2017-09-08', '2018-01-20', 28),
(229, 2, 6, 3, 73, 21, 26, 7, 3, '2017-09-02', '2018-01-20', 26),
(230, 3, 6, 3, 73, 21, 26, 7, 3, '2017-09-02', '2018-01-20', 26),
(231, 4, 6, 3, 73, 21, 26, 7, 3, '2017-09-02', '2018-01-20', 26),
(232, 1, 6, 3, 73, 21, 26, 7, 3, '2017-09-02', '2018-01-20', 26),
(233, 2, 6, 4, 73, 78, 98, 7, 3, '2017-09-09', '2018-01-20', 23),
(234, 4, 6, 4, 73, 78, 98, 7, 3, '2017-09-09', '2018-01-20', 23),
(235, 2, 1, 1, 74, 15, 33, 7, 3, '2017-09-01', '2018-01-20', 30),
(236, 3, 1, 1, 74, 15, 33, 7, 3, '2017-09-01', '2018-01-20', 30),
(237, 4, 1, 1, 74, 15, 33, 7, 3, '2017-09-01', '2018-01-20', 30),
(238, 1, 1, 1, 74, 15, 33, 7, 3, '2017-09-01', '2018-01-20', 30),
(239, 2, 1, 2, 74, 81, 97, 7, 3, '2017-09-01', '2018-01-20', 20),
(240, 3, 1, 2, 74, 81, 97, 7, 3, '2017-09-01', '2018-01-20', 20),
(241, 4, 1, 2, 74, 81, 97, 7, 3, '2017-09-01', '2018-01-20', 20),
(242, 1, 1, 2, 74, 81, 97, 7, 3, '2017-09-01', '2018-01-20', 20),
(243, 2, 1, 3, 74, 18, 35, 7, 3, '2017-09-01', '2018-01-20', 28),
(244, 3, 1, 3, 74, 18, 35, 7, 3, '2017-09-01', '2018-01-20', 28),
(245, 4, 1, 3, 74, 18, 35, 7, 3, '2017-09-01', '2018-01-20', 28),
(246, 1, 1, 3, 74, 18, 35, 7, 3, '2017-09-01', '2018-01-20', 28),
(247, 2, 2, 1, 74, 43, 51, 3, 1, '2017-09-01', '2018-01-20', 49),
(248, 3, 2, 1, 74, 43, 51, 3, 1, '2017-09-01', '2018-01-20', 49),
(249, 4, 2, 1, 74, 43, 51, 3, 1, '2017-09-01', '2018-01-20', 49),
(250, 1, 2, 1, 74, 43, 51, 3, 1, '2017-09-01', '2018-01-20', 49),
(251, 2, 2, 1, 74, 43, 43, 3, 2, '2017-09-01', '2018-01-20', 49),
(252, 3, 2, 1, 74, 43, 43, 3, 2, '2017-09-01', '2018-01-20', 49),
(253, 4, 2, 1, 74, 43, 43, 3, 2, '2017-09-01', '2018-01-20', 49),
(254, 1, 2, 1, 74, 43, 43, 3, 2, '2017-09-01', '2018-01-20', 49),
(255, 2, 2, 2, 74, 81, 97, 7, 3, '2017-09-01', '2018-01-20', 20),
(256, 3, 2, 2, 74, 81, 97, 7, 3, '2017-09-01', '2018-01-20', 20),
(257, 4, 2, 2, 74, 81, 97, 7, 3, '2017-09-01', '2018-01-20', 20),
(258, 1, 2, 2, 74, 81, 97, 7, 3, '2017-09-01', '2018-01-20', 20),
(259, 2, 2, 3, 74, 82, 100, 7, 3, '2017-09-01', '2018-01-20', 35),
(260, 3, 2, 3, 74, 82, 100, 7, 3, '2017-09-01', '2018-01-20', 35),
(261, 4, 2, 3, 74, 82, 100, 7, 3, '2017-09-01', '2018-01-20', 35),
(262, 1, 2, 3, 74, 82, 100, 7, 3, '2017-09-01', '2018-01-20', 35),
(263, 2, 2, 4, 74, 23, 27, 7, 1, '2017-09-01', '2018-01-20', 28),
(264, 3, 2, 4, 74, 23, 27, 7, 1, '2017-09-01', '2018-01-20', 28),
(265, 4, 2, 4, 74, 23, 27, 7, 1, '2017-09-01', '2018-01-20', 28),
(266, 1, 2, 4, 74, 23, 27, 7, 1, '2017-09-01', '2018-01-20', 28),
(267, 3, 3, 1, 74, 78, 98, 7, 3, '2017-09-01', '2018-01-20', 23),
(268, 1, 3, 1, 74, 78, 98, 7, 3, '2017-09-01', '2018-01-20', 23),
(269, 2, 3, 1, 74, 35, 34, 7, 3, '2017-09-06', '2018-01-20', 31),
(270, 4, 3, 1, 74, 35, 34, 7, 3, '2017-09-06', '2018-01-20', 31),
(271, 3, 3, 2, 74, 35, 34, 7, 3, '2017-09-01', '2018-01-20', 31),
(272, 1, 3, 2, 74, 35, 34, 7, 3, '2017-09-01', '2018-01-20', 31),
(273, 2, 3, 2, 74, 78, 98, 7, 3, '2017-09-06', '2018-01-20', 23),
(274, 4, 3, 2, 74, 78, 98, 7, 3, '2017-09-06', '2018-01-20', 23),
(275, 2, 3, 3, 74, 76, 102, 7, 3, '2017-09-01', '2018-01-20', 28),
(276, 3, 3, 3, 74, 76, 102, 7, 3, '2017-09-01', '2018-01-20', 28),
(277, 4, 3, 3, 74, 76, 102, 7, 3, '2017-09-01', '2018-01-20', 28),
(278, 1, 3, 3, 74, 76, 102, 7, 3, '2017-09-01', '2018-01-20', 28),
(279, 2, 4, 1, 74, 43, 51, 3, 1, '2017-09-01', '2018-01-20', 49),
(280, 3, 4, 1, 74, 43, 51, 3, 1, '2017-09-01', '2018-01-20', 49),
(281, 4, 4, 1, 74, 43, 51, 3, 1, '2017-09-01', '2018-01-20', 49),
(282, 1, 4, 1, 74, 43, 51, 3, 1, '2017-09-01', '2018-01-20', 49),
(283, 2, 4, 1, 74, 43, 43, 3, 2, '2017-09-01', '2018-01-20', 49),
(284, 3, 4, 1, 74, 43, 43, 3, 2, '2017-09-01', '2018-01-20', 49),
(285, 4, 4, 1, 74, 43, 43, 3, 2, '2017-09-01', '2018-01-20', 49),
(286, 1, 4, 1, 74, 43, 43, 3, 2, '2017-09-01', '2018-01-20', 49),
(287, 2, 4, 2, 74, 76, 102, 7, 3, '2017-09-01', '2018-01-20', 31),
(288, 3, 4, 2, 74, 76, 102, 7, 3, '2017-09-01', '2018-01-20', 31),
(289, 4, 4, 2, 74, 76, 102, 7, 3, '2017-09-01', '2018-01-20', 31),
(290, 1, 4, 2, 74, 76, 102, 7, 3, '2017-09-01', '2018-01-20', 31),
(291, 3, 4, 3, 74, 16, 33, 7, 3, '2017-09-01', '2018-01-20', 30),
(292, 1, 4, 3, 74, 16, 33, 7, 3, '2017-09-01', '2018-01-20', 30),
(293, 2, 4, 3, 74, 19, 35, 7, 3, '2017-09-07', '2018-01-20', 28),
(294, 4, 4, 3, 74, 19, 35, 7, 3, '2017-09-07', '2018-01-20', 28),
(295, 2, 4, 4, 74, 21, 26, 7, 3, '2017-09-01', '2018-01-20', 26),
(296, 3, 4, 4, 74, 21, 26, 7, 3, '2017-09-01', '2018-01-20', 26),
(297, 4, 4, 4, 74, 21, 26, 7, 3, '2017-09-01', '2018-01-20', 26),
(298, 1, 4, 4, 74, 21, 26, 7, 3, '2017-09-01', '2018-01-20', 26),
(299, 3, 5, 2, 74, 21, 26, 7, 3, '2017-09-01', '2018-01-20', 26),
(300, 1, 5, 2, 74, 21, 26, 7, 3, '2017-09-01', '2018-01-20', 26),
(301, 2, 5, 3, 74, 82, 100, 7, 3, '2017-09-01', '2018-01-20', 35),
(302, 3, 5, 3, 74, 82, 100, 7, 3, '2017-09-01', '2018-01-20', 35),
(303, 4, 5, 3, 74, 82, 100, 7, 3, '2017-09-01', '2018-01-20', 35),
(304, 1, 5, 3, 74, 82, 100, 7, 3, '2017-09-01', '2018-01-20', 35),
(305, 2, 5, 4, 74, 45, 59, 7, 1, '2017-09-01', '2018-01-20', 13),
(306, 3, 5, 4, 74, 45, 59, 7, 1, '2017-09-01', '2018-01-20', 13),
(307, 4, 5, 4, 74, 45, 59, 7, 1, '2017-09-01', '2018-01-20', 13),
(308, 1, 5, 4, 74, 45, 59, 7, 1, '2017-09-01', '2018-01-20', 13),
(309, 2, 5, 4, 74, 44, 52, 7, 2, '2017-09-01', '2018-01-20', 6),
(310, 3, 5, 4, 74, 44, 52, 7, 2, '2017-09-01', '2018-01-20', 6),
(311, 4, 5, 4, 74, 44, 52, 7, 2, '2017-09-01', '2018-01-20', 6),
(312, 1, 5, 4, 74, 44, 52, 7, 2, '2017-09-01', '2018-01-20', 6),
(313, 2, 5, 5, 74, 23, 310, 7, 1, '2017-09-01', '2018-01-20', 22),
(314, 3, 5, 5, 74, 23, 310, 7, 1, '2017-09-01', '2018-01-20', 22),
(315, 4, 5, 5, 74, 23, 310, 7, 1, '2017-09-01', '2018-01-20', 22),
(316, 1, 5, 5, 74, 23, 310, 7, 1, '2017-09-01', '2018-01-20', 22),
(317, 3, 6, 1, 74, 26, 27, 7, 3, '2017-09-02', '2018-01-20', 33),
(318, 1, 6, 1, 74, 26, 27, 7, 3, '2017-09-02', '2018-01-20', 33),
(319, 2, 6, 1, 74, 78, 98, 7, 3, '2017-09-09', '2018-01-20', 23),
(320, 4, 6, 1, 74, 78, 98, 7, 3, '2017-09-09', '2018-01-20', 23),
(321, 2, 6, 2, 74, 76, 102, 7, 3, '2017-09-02', '2018-01-20', 32),
(322, 3, 6, 2, 74, 76, 102, 7, 3, '2017-09-02', '2018-01-20', 32),
(323, 4, 6, 2, 74, 76, 102, 7, 3, '2017-09-02', '2018-01-20', 32),
(324, 1, 6, 2, 74, 76, 102, 7, 3, '2017-09-02', '2018-01-20', 32),
(325, 2, 6, 3, 74, 22, 19, 7, 3, '2017-09-02', '2018-01-20', 34),
(326, 3, 6, 3, 74, 22, 19, 7, 3, '2017-09-02', '2018-01-20', 34),
(327, 4, 6, 3, 74, 22, 19, 7, 3, '2017-09-02', '2018-01-20', 34),
(328, 1, 6, 3, 74, 22, 19, 7, 3, '2017-09-02', '2018-01-20', 34),
(329, 4, 1, 1, 75, 43, 53, 3, 1, '2017-09-01', '2018-01-20', 49),
(330, 1, 1, 1, 75, 43, 53, 3, 1, '2017-09-01', '2018-01-20', 49),
(331, 3, 1, 1, 75, 43, 53, 3, 1, '2017-09-01', '2018-01-20', 49),
(332, 2, 1, 1, 75, 43, 53, 3, 1, '2017-09-01', '2018-01-20', 49),
(333, 4, 1, 1, 75, 43, 54, 3, 2, '2017-09-01', '2018-01-20', 49),
(334, 1, 1, 1, 75, 43, 54, 3, 2, '2017-09-01', '2018-01-20', 49),
(335, 3, 1, 1, 75, 43, 54, 3, 2, '2017-09-01', '2018-01-20', 49),
(336, 2, 1, 1, 75, 43, 54, 3, 2, '2017-09-01', '2018-01-20', 49),
(337, 4, 1, 2, 75, 45, 59, 7, 1, '2017-09-01', '2018-01-20', 19),
(338, 1, 1, 2, 75, 45, 59, 7, 1, '2017-09-01', '2018-01-20', 19),
(339, 3, 1, 2, 75, 45, 59, 7, 1, '2017-09-01', '2018-01-20', 19),
(340, 2, 1, 2, 75, 45, 59, 7, 1, '2017-09-01', '2018-01-20', 19),
(341, 4, 1, 2, 75, 44, 61, 7, 2, '2017-09-01', '2018-01-20', 6),
(342, 1, 1, 2, 75, 44, 61, 7, 2, '2017-09-01', '2018-01-20', 6),
(343, 3, 1, 2, 75, 44, 61, 7, 2, '2017-09-01', '2018-01-20', 6),
(344, 2, 1, 2, 75, 44, 61, 7, 2, '2017-09-01', '2018-01-20', 6),
(345, 4, 1, 3, 75, 82, 100, 7, 3, '2017-09-01', '2018-01-20', 35),
(346, 1, 1, 3, 75, 82, 100, 7, 3, '2017-09-01', '2018-01-20', 35),
(347, 3, 1, 3, 75, 82, 100, 7, 3, '2017-09-01', '2018-01-20', 35),
(348, 2, 1, 3, 75, 82, 100, 7, 3, '2017-09-01', '2018-01-20', 35),
(349, 4, 1, 4, 75, 82, 100, 7, 3, '2017-09-04', '2018-01-20', 35),
(350, 2, 1, 4, 75, 82, 100, 7, 3, '2017-09-04', '2018-01-20', 35),
(351, 4, 2, 2, 75, 78, 98, 7, 3, '2017-09-01', '2018-01-20', 31),
(352, 1, 2, 2, 75, 78, 98, 7, 3, '2017-09-01', '2018-01-20', 31),
(353, 3, 2, 2, 75, 78, 98, 7, 3, '2017-09-01', '2018-01-20', 31),
(354, 2, 2, 2, 75, 78, 98, 7, 3, '2017-09-01', '2018-01-20', 31),
(355, 4, 2, 3, 75, 15, 20, 7, 3, '2017-09-01', '2018-01-20', 29),
(356, 1, 2, 3, 75, 15, 20, 7, 3, '2017-09-01', '2018-01-20', 29),
(357, 3, 2, 3, 75, 15, 20, 7, 3, '2017-09-01', '2018-01-20', 29),
(358, 2, 2, 3, 75, 15, 20, 7, 3, '2017-09-01', '2018-01-20', 29),
(359, 4, 2, 4, 75, 81, 97, 7, 3, '2017-09-01', '2018-01-20', 20),
(360, 1, 2, 4, 75, 81, 97, 7, 3, '2017-09-01', '2018-01-20', 20),
(361, 3, 2, 4, 75, 81, 97, 7, 3, '2017-09-01', '2018-01-20', 20),
(362, 2, 2, 4, 75, 81, 97, 7, 3, '2017-09-01', '2018-01-20', 20),
(363, 1, 3, 1, 75, 35, 34, 7, 3, '2017-09-01', '2018-01-20', 31),
(364, 3, 3, 1, 75, 35, 34, 7, 3, '2017-09-01', '2018-01-20', 31),
(365, 4, 3, 1, 75, 78, 98, 7, 3, '2017-09-06', '2018-01-20', 23),
(366, 2, 3, 1, 75, 78, 98, 7, 3, '2017-09-06', '2018-01-20', 23),
(367, 1, 3, 2, 75, 82, 100, 7, 3, '2017-09-01', '2018-01-20', 35),
(368, 3, 3, 2, 75, 82, 100, 7, 3, '2017-09-01', '2018-01-20', 35),
(369, 4, 3, 2, 75, 35, 34, 7, 3, '2017-09-06', '2018-01-20', 31),
(370, 2, 3, 2, 75, 35, 34, 7, 3, '2017-09-06', '2018-01-20', 31),
(371, 4, 3, 3, 75, 22, 19, 7, 3, '2017-09-01', '2018-01-20', 34),
(372, 1, 3, 3, 75, 22, 19, 7, 3, '2017-09-01', '2018-01-20', 34),
(373, 3, 3, 3, 75, 22, 19, 7, 3, '2017-09-01', '2018-01-20', 34),
(374, 2, 3, 3, 75, 22, 19, 7, 3, '2017-09-01', '2018-01-20', 34),
(375, 4, 3, 4, 75, 26, 27, 7, 3, '2017-09-01', '2018-01-20', 12),
(376, 1, 3, 4, 75, 26, 27, 7, 3, '2017-09-01', '2018-01-20', 12),
(377, 3, 3, 4, 75, 26, 27, 7, 3, '2017-09-01', '2018-01-20', 12),
(378, 2, 3, 4, 75, 26, 27, 7, 3, '2017-09-01', '2018-01-20', 12),
(379, 4, 4, 1, 75, 76, 102, 7, 3, '2017-09-01', '2018-01-20', 31),
(380, 1, 4, 1, 75, 76, 102, 7, 3, '2017-09-01', '2018-01-20', 31),
(381, 3, 4, 1, 75, 76, 102, 7, 3, '2017-09-01', '2018-01-20', 31),
(382, 2, 4, 1, 75, 76, 102, 7, 3, '2017-09-01', '2018-01-20', 31),
(383, 4, 4, 2, 75, 81, 97, 7, 3, '2017-09-01', '2018-01-20', 20),
(384, 1, 4, 2, 75, 81, 97, 7, 3, '2017-09-01', '2018-01-20', 20),
(385, 3, 4, 2, 75, 81, 97, 7, 3, '2017-09-01', '2018-01-20', 20),
(386, 2, 4, 2, 75, 81, 97, 7, 3, '2017-09-01', '2018-01-20', 20),
(387, 1, 4, 3, 75, 18, 35, 7, 3, '2017-09-01', '2018-01-20', 28),
(388, 3, 4, 3, 75, 18, 35, 7, 3, '2017-09-01', '2018-01-20', 28),
(389, 4, 4, 3, 75, 21, 26, 7, 3, '2017-09-07', '2018-01-20', 26),
(390, 2, 4, 3, 75, 21, 26, 7, 3, '2017-09-07', '2018-01-20', 26),
(391, 4, 4, 4, 75, 19, 35, 7, 3, '2017-09-07', '2018-01-20', 29),
(392, 2, 4, 4, 75, 19, 35, 7, 3, '2017-09-07', '2018-01-20', 29),
(393, 4, 5, 1, 75, 43, 53, 7, 1, '2017-09-01', '2018-01-20', 49),
(394, 1, 5, 1, 75, 43, 53, 7, 1, '2017-09-01', '2018-01-20', 49),
(395, 3, 5, 1, 75, 43, 53, 7, 1, '2017-09-01', '2018-01-20', 49),
(396, 2, 5, 1, 75, 43, 53, 7, 1, '2017-09-01', '2018-01-20', 49),
(397, 4, 5, 1, 75, 43, 54, 7, 2, '2017-09-01', '2018-01-20', 49),
(398, 1, 5, 1, 75, 43, 54, 7, 2, '2017-09-01', '2018-01-20', 49),
(399, 3, 5, 1, 75, 43, 54, 7, 2, '2017-09-01', '2018-01-20', 49),
(400, 2, 5, 1, 75, 43, 54, 7, 2, '2017-09-01', '2018-01-20', 49),
(401, 4, 5, 2, 75, 76, 102, 7, 3, '2017-09-01', '2018-01-20', 33),
(402, 1, 5, 2, 75, 76, 102, 7, 3, '2017-09-01', '2018-01-20', 33),
(403, 3, 5, 2, 75, 76, 102, 7, 3, '2017-09-01', '2018-01-20', 33),
(404, 2, 5, 2, 75, 76, 102, 7, 3, '2017-09-01', '2018-01-20', 33),
(405, 1, 5, 3, 75, 16, 20, 7, 3, '2017-09-01', '2018-01-20', 30),
(406, 3, 5, 3, 75, 16, 20, 7, 3, '2017-09-01', '2018-01-20', 30),
(407, 4, 5, 3, 75, 18, 35, 7, 3, '2017-09-08', '2018-01-20', 28),
(408, 2, 5, 3, 75, 18, 35, 7, 3, '2017-09-08', '2018-01-20', 28),
(409, 4, 5, 4, 75, 21, 26, 7, 3, '2017-09-01', '2018-01-20', 26),
(410, 1, 5, 4, 75, 21, 26, 7, 3, '2017-09-01', '2018-01-20', 26),
(411, 3, 5, 4, 75, 21, 26, 7, 3, '2017-09-01', '2018-01-20', 26),
(412, 2, 5, 4, 75, 21, 26, 7, 3, '2017-09-01', '2018-01-20', 26),
(413, 4, 6, 3, 75, 76, 102, 7, 3, '2017-09-02', '2018-01-20', 32),
(414, 1, 6, 3, 75, 76, 102, 7, 3, '2017-09-02', '2018-01-20', 32),
(415, 3, 6, 3, 75, 76, 102, 7, 3, '2017-09-02', '2018-01-20', 32),
(416, 2, 6, 3, 75, 76, 102, 7, 3, '2017-09-02', '2018-01-20', 32),
(417, 4, 6, 4, 75, 23, 310, 3, 1, '2017-09-02', '2018-01-20', 22),
(418, 1, 6, 4, 75, 23, 310, 3, 1, '2017-09-02', '2018-01-20', 22),
(419, 3, 6, 4, 75, 23, 310, 3, 1, '2017-09-02', '2018-01-20', 22),
(420, 2, 6, 4, 75, 23, 310, 3, 1, '2017-09-02', '2018-01-20', 22),
(421, 4, 6, 4, 75, 23, 27, 3, 2, '2017-09-02', '2018-01-20', 33),
(422, 1, 6, 4, 75, 23, 27, 3, 2, '2017-09-02', '2018-01-20', 33),
(423, 3, 6, 4, 75, 23, 27, 3, 2, '2017-09-02', '2018-01-20', 33),
(424, 2, 6, 4, 75, 23, 27, 3, 2, '2017-09-02', '2018-01-20', 33),
(425, 2, 1, 2, 78, 82, 100, 7, 3, '2017-09-01', '2018-01-20', 35),
(426, 1, 1, 2, 78, 82, 100, 7, 3, '2017-09-01', '2018-01-20', 35),
(427, 4, 1, 2, 78, 82, 100, 7, 3, '2017-09-01', '2018-01-20', 35),
(428, 3, 1, 2, 78, 82, 100, 7, 3, '2017-09-01', '2018-01-20', 35),
(429, 2, 1, 3, 78, 35, 34, 7, 3, '2017-09-01', '2018-01-20', 31),
(430, 1, 1, 3, 78, 35, 34, 7, 3, '2017-09-01', '2018-01-20', 31),
(431, 4, 1, 3, 78, 35, 34, 7, 3, '2017-09-01', '2018-01-20', 31),
(432, 3, 1, 3, 78, 35, 34, 7, 3, '2017-09-01', '2018-01-20', 31),
(433, 2, 1, 4, 78, 81, 97, 7, 3, '2017-09-01', '2018-01-20', 20),
(434, 4, 1, 4, 78, 81, 97, 7, 3, '2017-09-01', '2018-01-20', 20),
(435, 1, 2, 1, 78, 43, 57, 3, 2, '2017-09-01', '2018-01-20', 49),
(436, 2, 2, 1, 78, 43, 56, 3, 1, '2017-09-01', '2018-01-20', 49),
(437, 1, 2, 1, 78, 43, 56, 3, 1, '2017-09-01', '2018-01-20', 49),
(438, 4, 2, 1, 78, 43, 56, 3, 1, '2017-09-01', '2018-01-20', 49),
(439, 3, 2, 1, 78, 43, 56, 3, 1, '2017-09-01', '2018-01-20', 49),
(440, 2, 2, 1, 78, 43, 57, 3, 2, '2017-09-01', '2018-01-20', 49),
(441, 4, 2, 1, 78, 43, 57, 3, 2, '2017-09-01', '2018-01-20', 49),
(442, 3, 2, 1, 78, 43, 57, 3, 2, '2017-09-01', '2018-01-20', 49),
(443, 2, 2, 2, 78, 15, 20, 7, 3, '2017-09-01', '2018-01-20', 29),
(444, 1, 2, 2, 78, 15, 20, 7, 3, '2017-09-01', '2018-01-20', 29),
(445, 4, 2, 2, 78, 15, 20, 7, 3, '2017-09-01', '2018-01-20', 29),
(446, 3, 2, 2, 78, 15, 20, 7, 3, '2017-09-01', '2018-01-20', 29),
(447, 2, 2, 3, 78, 76, 94, 7, 3, '2017-09-01', '2018-01-20', 50),
(448, 1, 2, 3, 78, 76, 94, 7, 3, '2017-09-01', '2018-01-20', 50),
(449, 4, 2, 3, 78, 76, 94, 7, 3, '2017-09-01', '2018-01-20', 50),
(450, 3, 2, 3, 78, 76, 94, 7, 3, '2017-09-01', '2018-01-20', 50),
(451, 2, 2, 4, 78, 22, 19, 7, 3, '2017-09-01', '2018-01-20', 34),
(452, 1, 2, 4, 78, 22, 19, 7, 3, '2017-09-01', '2018-01-20', 34),
(453, 4, 2, 4, 78, 22, 19, 7, 3, '2017-09-01', '2018-01-20', 34),
(454, 3, 2, 4, 78, 22, 19, 7, 3, '2017-09-01', '2018-01-20', 34),
(455, 2, 3, 1, 78, 76, 94, 7, 3, '2017-09-01', '2018-01-20', 50),
(456, 1, 3, 1, 78, 76, 94, 7, 3, '2017-09-01', '2018-01-20', 50),
(457, 4, 3, 1, 78, 76, 94, 7, 3, '2017-09-01', '2018-01-20', 50),
(458, 3, 3, 1, 78, 76, 94, 7, 3, '2017-09-01', '2018-01-20', 50),
(459, 2, 3, 2, 78, 18, 16, 7, 3, '2017-09-01', '2018-01-20', 29),
(460, 1, 3, 2, 78, 18, 16, 7, 3, '2017-09-01', '2018-01-20', 29),
(461, 4, 3, 2, 78, 18, 16, 7, 3, '2017-09-01', '2018-01-20', 29),
(462, 3, 3, 2, 78, 18, 16, 7, 3, '2017-09-01', '2018-01-20', 29),
(463, 2, 3, 3, 78, 81, 97, 7, 3, '2017-09-01', '2018-01-20', 20),
(464, 1, 3, 3, 78, 81, 97, 7, 3, '2017-09-01', '2018-01-20', 20),
(465, 4, 3, 3, 78, 81, 97, 7, 3, '2017-09-01', '2018-01-20', 20),
(466, 3, 3, 3, 78, 81, 97, 7, 3, '2017-09-01', '2018-01-20', 20),
(467, 1, 3, 4, 78, 26, 310, 3, 3, '2017-09-01', '2018-01-20', 27),
(468, 3, 3, 4, 78, 26, 310, 3, 3, '2017-09-01', '2018-01-20', 27),
(469, 2, 4, 1, 78, 43, 56, 3, 1, '2017-09-01', '2018-01-20', 49),
(470, 1, 4, 1, 78, 43, 56, 3, 1, '2017-09-01', '2018-01-20', 49),
(471, 4, 4, 1, 78, 43, 56, 3, 1, '2017-09-01', '2018-01-20', 49),
(472, 3, 4, 1, 78, 43, 56, 3, 1, '2017-09-01', '2018-01-20', 49),
(473, 2, 4, 1, 78, 43, 57, 3, 2, '2017-09-01', '2018-01-20', 49),
(474, 1, 4, 1, 78, 43, 57, 3, 2, '2017-09-01', '2018-01-20', 49),
(475, 4, 4, 1, 78, 43, 57, 3, 2, '2017-09-01', '2018-01-20', 49),
(476, 3, 4, 1, 78, 43, 57, 3, 2, '2017-09-01', '2018-01-20', 49),
(477, 1, 4, 2, 78, 21, 26, 7, 3, '2017-09-01', '2018-01-20', 26),
(478, 3, 4, 2, 78, 21, 26, 7, 3, '2017-09-01', '2018-01-20', 26),
(479, 2, 4, 2, 78, 19, 16, 7, 3, '2017-09-01', '2018-01-20', 29),
(480, 4, 4, 2, 78, 19, 16, 7, 3, '2017-09-01', '2018-01-20', 29),
(481, 1, 4, 3, 78, 81, 97, 7, 3, '2017-09-01', '2018-01-20', 20),
(482, 3, 4, 3, 78, 81, 97, 7, 3, '2017-09-01', '2018-01-20', 20),
(483, 2, 4, 3, 78, 82, 100, 7, 3, '2017-09-01', '2018-01-20', 35),
(484, 4, 4, 3, 78, 82, 100, 7, 3, '2017-09-01', '2018-01-20', 35),
(485, 2, 4, 4, 78, 79, 99, 7, 3, '2017-09-01', '2018-01-20', 23),
(486, 4, 4, 4, 78, 79, 99, 7, 3, '2017-09-01', '2018-01-20', 23),
(487, 2, 5, 1, 78, 78, 98, 7, 3, '2017-09-01', '2018-01-20', 23),
(488, 1, 5, 1, 78, 78, 98, 7, 3, '2017-09-01', '2018-01-20', 23),
(489, 4, 5, 1, 78, 78, 98, 7, 3, '2017-09-01', '2018-01-20', 23),
(490, 3, 5, 1, 78, 78, 98, 7, 3, '2017-09-01', '2018-01-20', 23),
(491, 2, 5, 2, 78, 76, 94, 7, 3, '2017-09-01', '2018-01-20', 50),
(492, 1, 5, 2, 78, 76, 94, 7, 3, '2017-09-01', '2018-01-20', 50),
(493, 4, 5, 2, 78, 76, 94, 7, 3, '2017-09-01', '2018-01-20', 50),
(494, 3, 5, 2, 78, 76, 94, 7, 3, '2017-09-01', '2018-01-20', 50),
(495, 2, 5, 3, 78, 45, 59, 7, 1, '2017-09-01', '2018-01-20', 49),
(496, 1, 5, 3, 78, 45, 59, 7, 1, '2017-09-01', '2018-01-20', 13),
(497, 4, 5, 3, 78, 45, 59, 7, 1, '2017-09-01', '2018-01-20', 49),
(498, 3, 5, 3, 78, 45, 59, 7, 1, '2017-09-01', '2018-01-20', 49),
(499, 2, 5, 3, 78, 44, 61, 7, 2, '2017-09-01', '2018-01-20', 6),
(500, 1, 5, 3, 78, 44, 61, 7, 2, '2017-09-01', '2018-01-20', 6),
(501, 4, 5, 3, 78, 44, 61, 7, 2, '2017-09-01', '2018-01-20', 6),
(502, 3, 5, 3, 78, 44, 61, 7, 2, '2017-09-01', '2018-01-20', 6),
(503, 1, 5, 4, 78, 16, 20, 7, 3, '2017-09-01', '2018-01-20', 30),
(504, 3, 5, 4, 78, 16, 20, 7, 3, '2017-09-01', '2018-01-20', 30),
(505, 2, 5, 4, 78, 26, 310, 3, 3, '2017-09-01', '2018-01-20', 22),
(506, 4, 5, 4, 78, 26, 310, 3, 3, '2017-09-01', '2018-01-20', 22),
(507, 2, 6, 1, 78, 23, 310, 3, 1, '2017-09-01', '2018-01-20', 22),
(508, 1, 6, 1, 78, 23, 310, 3, 1, '2017-09-01', '2018-01-20', 22),
(509, 4, 6, 1, 78, 23, 310, 3, 1, '2017-09-01', '2018-01-20', 22),
(510, 3, 6, 1, 78, 23, 310, 3, 1, '2017-09-01', '2018-01-20', 22),
(511, 2, 6, 1, 78, 23, 27, 3, 3, '2017-09-01', '2018-01-20', 33),
(512, 4, 6, 1, 78, 23, 27, 3, 3, '2017-09-01', '2018-01-20', 33),
(513, 2, 6, 1, 78, 23, 27, 3, 2, '2017-09-01', '2018-01-20', 33),
(514, 4, 6, 1, 78, 23, 27, 3, 2, '2017-09-01', '2018-01-20', 33),
(515, 1, 6, 2, 78, 21, 26, 7, 3, '2017-09-01', '2018-01-20', 26),
(516, 2, 6, 2, 78, 21, 26, 7, 3, '2017-09-01', '2018-01-20', 26),
(517, 2, 6, 2, 78, 21, 26, 7, 3, '2017-09-01', '2018-01-20', 26),
(518, 1, 6, 2, 78, 21, 26, 7, 3, '2017-09-01', '2018-01-20', 26),
(519, 4, 6, 2, 78, 21, 26, 7, 3, '2017-09-01', '2018-01-20', 26),
(520, 3, 6, 2, 78, 21, 26, 7, 3, '2017-09-01', '2018-01-20', 26),
(521, 1, 6, 3, 78, 23, 27, 3, 2, '2017-09-01', '2018-01-20', 33),
(522, 3, 6, 3, 78, 23, 27, 3, 2, '2017-09-01', '2018-01-20', 33),
(523, 4, 6, 3, 78, 78, 98, 7, 3, '2017-09-01', '2018-01-20', 50),
(524, 2, 6, 3, 78, 78, 98, 7, 3, '2017-09-01', '2018-01-20', 50),
(525, 1, 1, 1, 101, 45, 59, 7, 1, '2017-09-01', '2018-01-20', 35),
(526, 4, 1, 1, 101, 45, 59, 7, 1, '2017-09-01', '2018-01-20', 35),
(527, 3, 1, 1, 101, 45, 59, 7, 1, '2017-09-01', '2018-01-20', 35),
(528, 2, 1, 1, 101, 45, 59, 7, 1, '2017-09-01', '2018-01-20', 35),
(529, 1, 1, 1, 101, 44, 61, 7, 2, '2017-09-01', '2018-01-20', 27),
(530, 4, 1, 1, 101, 44, 61, 7, 2, '2017-09-01', '2018-01-20', 27),
(531, 3, 1, 1, 101, 44, 61, 7, 2, '2017-09-01', '2018-01-20', 27),
(532, 2, 1, 1, 101, 44, 61, 7, 2, '2017-09-01', '2018-01-20', 27),
(533, 1, 1, 2, 101, 78, 99, 7, 3, '2017-09-01', '2018-01-20', 23),
(534, 4, 1, 2, 101, 78, 99, 7, 3, '2017-09-01', '2018-01-20', 23),
(535, 3, 1, 2, 101, 78, 99, 7, 3, '2017-09-01', '2018-01-20', 23),
(536, 2, 1, 2, 101, 78, 99, 7, 3, '2017-09-01', '2018-01-20', 23),
(537, 1, 1, 3, 101, 18, 16, 7, 3, '2017-09-01', '2018-01-20', 29),
(538, 4, 1, 3, 101, 18, 16, 7, 3, '2017-09-01', '2018-01-20', 29),
(539, 3, 1, 3, 101, 18, 16, 7, 3, '2017-09-01', '2018-01-20', 29),
(540, 2, 1, 3, 101, 18, 16, 7, 3, '2017-09-01', '2018-01-20', 29),
(541, 1, 2, 1, 101, 43, 56, 3, 1, '2017-09-01', '2018-01-20', 49),
(542, 4, 2, 1, 101, 43, 56, 3, 1, '2017-09-01', '2018-01-20', 49),
(543, 3, 2, 1, 101, 43, 56, 3, 1, '2017-09-01', '2018-01-20', 49),
(544, 2, 2, 1, 101, 43, 56, 3, 1, '2017-09-01', '2018-01-20', 49),
(545, 1, 2, 1, 101, 43, 57, 3, 2, '2017-09-01', '2018-01-20', 49),
(546, 4, 2, 1, 101, 43, 57, 3, 2, '2017-09-01', '2018-01-20', 49),
(547, 3, 2, 1, 101, 43, 57, 3, 2, '2017-09-01', '2018-01-20', 49),
(548, 2, 2, 1, 101, 43, 57, 3, 2, '2017-09-01', '2018-01-20', 49),
(549, 1, 2, 2, 101, 76, 94, 7, 3, '2017-09-01', '2018-01-20', 50),
(550, 4, 2, 2, 101, 76, 94, 7, 3, '2017-09-01', '2018-01-20', 50),
(551, 3, 2, 2, 101, 76, 94, 7, 3, '2017-09-01', '2018-01-20', 50),
(552, 2, 2, 2, 101, 76, 94, 7, 3, '2017-09-01', '2018-01-20', 50),
(553, 1, 2, 3, 101, 15, 33, 7, 3, '2017-09-01', '2018-01-20', 30),
(554, 4, 2, 3, 101, 15, 33, 7, 3, '2017-09-01', '2018-01-20', 30),
(555, 3, 2, 3, 101, 15, 33, 7, 3, '2017-09-01', '2018-01-20', 30),
(556, 2, 2, 3, 101, 15, 33, 7, 3, '2017-09-01', '2018-01-20', 30),
(557, 1, 3, 1, 101, 81, 97, 7, 3, '2017-09-01', '2018-01-20', 20),
(558, 4, 3, 1, 101, 81, 97, 7, 3, '2017-09-01', '2018-01-20', 20),
(559, 3, 3, 1, 101, 81, 97, 7, 3, '2017-09-01', '2018-01-20', 20),
(560, 2, 3, 1, 101, 81, 97, 7, 3, '2017-09-01', '2018-01-20', 20),
(561, 1, 3, 2, 101, 76, 94, 7, 3, '2017-09-01', '2018-01-20', 50),
(562, 4, 3, 2, 101, 76, 94, 7, 3, '2017-09-01', '2018-01-20', 50),
(563, 3, 3, 2, 101, 76, 94, 7, 3, '2017-09-01', '2018-01-20', 50),
(564, 2, 3, 2, 101, 76, 94, 7, 3, '2017-09-01', '2018-01-20', 50),
(565, 1, 3, 3, 101, 35, 34, 7, 3, '2017-08-30', '2018-01-20', 31),
(566, 4, 3, 3, 101, 35, 34, 7, 3, '2017-08-30', '2018-01-20', 31),
(567, 3, 3, 3, 101, 35, 34, 7, 3, '2017-08-30', '2018-01-20', 31),
(568, 2, 3, 3, 101, 35, 34, 7, 3, '2017-08-30', '2018-01-20', 31),
(569, 1, 3, 4, 101, 82, 100, 7, 3, '2017-09-01', '2018-01-20', 35),
(570, 4, 3, 4, 101, 82, 100, 7, 3, '2017-09-01', '2018-01-20', 35),
(571, 3, 3, 4, 101, 82, 100, 7, 3, '2017-09-01', '2018-01-20', 35),
(572, 2, 3, 4, 101, 82, 100, 7, 3, '2017-09-01', '2018-01-20', 35),
(573, 1, 4, 1, 101, 43, 56, 3, 1, '2017-09-01', '2018-01-20', 49),
(574, 4, 4, 1, 101, 43, 56, 3, 1, '2017-09-01', '2018-01-20', 49),
(575, 3, 4, 1, 101, 43, 56, 3, 1, '2017-09-01', '2018-01-20', 49),
(576, 2, 4, 1, 101, 43, 56, 3, 1, '2017-09-01', '2018-01-20', 49),
(577, 1, 4, 1, 101, 43, 57, 3, 2, '2017-09-01', '2018-01-20', 49),
(578, 4, 4, 1, 101, 43, 57, 3, 2, '2017-09-01', '2018-01-20', 49),
(579, 3, 4, 1, 101, 43, 57, 3, 2, '2017-09-01', '2018-01-20', 49),
(580, 2, 4, 1, 101, 43, 57, 3, 2, '2017-09-01', '2018-01-20', 49),
(581, 1, 4, 2, 101, 16, 33, 7, 3, '2017-09-01', '2018-01-20', 30),
(582, 3, 4, 2, 101, 16, 33, 7, 3, '2017-09-01', '2018-01-20', 30),
(583, 4, 4, 2, 101, 21, 26, 7, 3, '2017-09-07', '2018-01-20', 26),
(584, 2, 4, 2, 101, 21, 26, 7, 3, '2017-09-07', '2018-01-20', 26),
(585, 1, 4, 3, 101, 78, 99, 7, 3, '2017-09-01', '2018-01-20', 23),
(586, 3, 4, 3, 101, 78, 99, 7, 3, '2017-09-01', '2018-01-20', 23),
(587, 2, 4, 3, 101, 19, 16, 7, 3, '2017-09-07', '2018-01-20', 29),
(588, 4, 4, 3, 101, 19, 16, 7, 3, '2017-09-01', '2017-09-21', 29),
(589, 1, 4, 4, 101, 81, 97, 7, 3, '2017-09-01', '2018-01-20', 20),
(590, 4, 4, 4, 101, 81, 97, 7, 3, '2017-09-01', '2018-01-20', 20),
(591, 3, 4, 4, 101, 81, 97, 7, 3, '2017-09-01', '2018-01-20', 20),
(592, 2, 4, 4, 101, 81, 97, 7, 3, '2017-09-01', '2018-01-20', 20),
(593, 1, 5, 1, 101, 76, 94, 7, 3, '2017-09-01', '2018-01-20', 50),
(594, 4, 5, 1, 101, 76, 94, 7, 3, '2017-09-01', '2018-01-20', 50),
(595, 3, 5, 1, 101, 76, 94, 7, 3, '2017-09-01', '2018-01-20', 50),
(596, 2, 5, 1, 101, 76, 94, 7, 3, '2017-09-01', '2018-01-20', 50),
(597, 1, 5, 2, 101, 82, 100, 7, 3, '2017-09-01', '2018-01-20', 35),
(598, 4, 5, 2, 101, 82, 100, 7, 3, '2017-09-01', '2018-01-20', 35),
(599, 3, 5, 2, 101, 82, 100, 7, 3, '2017-09-01', '2018-01-20', 35),
(600, 2, 5, 2, 101, 82, 100, 7, 3, '2017-09-01', '2018-01-20', 35),
(601, 1, 5, 3, 101, 21, 26, 7, 3, '2017-09-01', '2018-01-20', 26),
(602, 4, 5, 3, 101, 21, 26, 7, 3, '2017-09-01', '2018-01-20', 26),
(603, 3, 5, 3, 101, 21, 26, 7, 3, '2017-09-01', '2018-01-20', 26),
(604, 2, 5, 3, 101, 21, 26, 7, 3, '2017-09-01', '2018-01-20', 26),
(605, 4, 5, 4, 101, 24, 309, 7, 3, '2017-09-08', '2018-01-20', 11),
(606, 2, 5, 4, 101, 24, 309, 7, 3, '2017-09-08', '2018-01-20', 11),
(607, 1, 6, 2, 101, 22, 19, 7, 3, '2017-09-02', '2018-01-20', 34),
(608, 4, 6, 2, 101, 22, 19, 7, 3, '2017-09-02', '2018-01-20', 34),
(609, 3, 6, 2, 101, 22, 19, 7, 3, '2017-09-02', '2018-01-20', 34),
(610, 2, 6, 2, 101, 22, 19, 7, 3, '2017-09-02', '2018-01-20', 34),
(611, 1, 6, 3, 101, 23, 310, 7, 1, '2017-09-02', '2018-01-20', 22),
(612, 4, 6, 3, 101, 23, 310, 7, 1, '2017-09-02', '2018-01-20', 22),
(613, 3, 6, 3, 101, 23, 310, 7, 1, '2017-09-02', '2018-01-20', 22),
(614, 2, 6, 3, 101, 23, 310, 7, 1, '2017-09-02', '2018-01-20', 22),
(615, 1, 6, 3, 101, 23, 309, 7, 2, '2017-09-02', '2018-01-20', 13),
(616, 4, 6, 3, 101, 23, 309, 7, 2, '2017-09-02', '2018-01-20', 13),
(617, 3, 6, 3, 101, 23, 309, 7, 2, '2017-09-02', '2018-01-20', 13),
(618, 2, 6, 3, 101, 23, 309, 7, 2, '2017-09-02', '2018-01-20', 13),
(619, 2, 1, 1, 102, 43, 49, 3, 1, '2017-09-01', '2018-01-20', 49),
(620, 1, 1, 1, 102, 43, 49, 3, 1, '2017-09-01', '2018-01-20', 49),
(621, 4, 1, 1, 102, 43, 49, 3, 1, '2017-09-01', '2018-01-20', 49),
(622, 3, 1, 1, 102, 43, 49, 3, 1, '2017-09-01', '2018-01-20', 49),
(623, 2, 1, 1, 102, 43, 50, 3, 2, '2017-09-01', '2018-01-20', 49),
(624, 1, 1, 1, 102, 43, 50, 3, 2, '2017-09-01', '2018-01-20', 49),
(625, 4, 1, 1, 102, 43, 50, 3, 2, '2017-09-01', '2018-01-20', 49),
(626, 3, 1, 1, 102, 43, 50, 3, 2, '2017-09-01', '2018-01-20', 49),
(627, 2, 1, 2, 102, 18, 16, 7, 3, '2017-09-01', '2018-01-20', 29),
(628, 1, 1, 2, 102, 18, 16, 7, 3, '2017-09-01', '2018-01-20', 29),
(629, 4, 1, 2, 102, 18, 16, 7, 3, '2017-09-01', '2018-01-20', 29),
(630, 3, 1, 2, 102, 18, 16, 7, 3, '2017-09-01', '2018-01-20', 29),
(631, 2, 1, 3, 102, 78, 99, 7, 3, '2017-09-01', '2018-01-20', 23),
(632, 1, 1, 3, 102, 78, 99, 7, 3, '2017-09-01', '2018-01-20', 23),
(633, 4, 1, 3, 102, 78, 99, 7, 3, '2017-09-01', '2018-01-20', 23),
(634, 3, 1, 3, 102, 78, 99, 7, 3, '2017-09-01', '2018-01-20', 23),
(635, 1, 1, 4, 102, 82, 100, 7, 3, '2017-09-01', '2018-01-20', 35),
(636, 3, 1, 4, 102, 82, 100, 7, 3, '2017-09-01', '2018-01-20', 35),
(637, 2, 1, 4, 102, 35, 34, 7, 3, '2017-09-04', '2018-01-20', 31),
(638, 4, 1, 4, 102, 35, 34, 7, 3, '2017-09-04', '2018-01-20', 31),
(639, 2, 2, 1, 102, 81, 97, 7, 3, '2017-09-01', '2018-01-20', 20),
(640, 1, 2, 1, 102, 81, 97, 7, 3, '2017-09-01', '2018-01-20', 20),
(641, 4, 2, 1, 102, 81, 97, 7, 3, '2017-09-01', '2018-01-20', 20),
(642, 3, 2, 1, 102, 81, 97, 7, 3, '2017-09-01', '2018-01-20', 20),
(643, 2, 2, 2, 102, 15, 33, 7, 3, '2017-09-01', '2018-01-20', 30),
(644, 1, 2, 2, 102, 15, 33, 7, 3, '2017-09-01', '2018-01-20', 30),
(645, 4, 2, 2, 102, 15, 33, 7, 3, '2017-09-01', '2018-01-20', 30),
(646, 3, 2, 2, 102, 15, 33, 7, 3, '2017-09-01', '2018-01-20', 30),
(647, 2, 2, 3, 102, 22, 19, 7, 3, '2017-09-01', '2018-01-20', 34),
(648, 1, 2, 3, 102, 22, 19, 7, 3, '2017-09-01', '2018-01-20', 34),
(649, 4, 2, 3, 102, 22, 19, 7, 3, '2017-09-01', '2018-01-20', 34),
(650, 3, 2, 3, 102, 22, 19, 7, 3, '2017-09-01', '2018-01-20', 34),
(651, 2, 3, 1, 102, 76, 101, 7, 3, '2017-09-01', '2018-01-20', 32),
(652, 1, 3, 1, 102, 76, 101, 7, 3, '2017-09-01', '2018-01-20', 32),
(653, 4, 3, 1, 102, 76, 101, 7, 3, '2017-09-01', '2018-01-20', 32),
(654, 3, 3, 1, 102, 76, 101, 7, 3, '2017-09-01', '2018-01-20', 32),
(655, 2, 3, 2, 102, 45, 60, 7, 1, '2017-09-01', '2018-01-20', 54),
(656, 1, 3, 2, 102, 45, 60, 7, 1, '2017-09-01', '2018-01-20', 54),
(657, 4, 3, 2, 102, 45, 60, 7, 1, '2017-09-01', '2018-01-20', 54),
(658, 3, 3, 2, 102, 45, 60, 7, 1, '2017-09-01', '2018-01-20', 54),
(659, 2, 3, 2, 102, 44, 52, 7, 2, '2017-09-01', '2018-01-20', 12),
(660, 1, 3, 2, 102, 44, 52, 7, 2, '2017-09-01', '2018-01-20', 12),
(661, 4, 3, 2, 102, 44, 52, 7, 2, '2017-09-01', '2018-01-20', 12),
(662, 3, 3, 2, 102, 44, 52, 7, 2, '2017-09-01', '2018-01-20', 12),
(663, 2, 3, 3, 102, 82, 100, 7, 3, '2017-09-01', '2018-01-20', 35),
(664, 1, 3, 3, 102, 82, 100, 7, 3, '2017-09-01', '2018-01-20', 35),
(665, 4, 3, 3, 102, 82, 100, 7, 3, '2017-09-01', '2018-01-20', 35),
(666, 3, 3, 3, 102, 82, 100, 7, 3, '2017-09-01', '2018-01-20', 35),
(667, 1, 3, 4, 102, 35, 34, 7, 3, '2017-09-01', '2018-01-20', 31),
(668, 3, 3, 4, 102, 35, 34, 7, 3, '2017-09-01', '2018-01-20', 31),
(669, 2, 4, 1, 102, 81, 97, 7, 3, '2017-09-01', '2018-01-20', 20),
(670, 1, 4, 1, 102, 81, 97, 7, 3, '2017-09-01', '2018-01-20', 20),
(671, 4, 4, 1, 102, 81, 97, 7, 3, '2017-09-01', '2018-01-20', 20),
(672, 3, 4, 1, 102, 81, 97, 7, 3, '2017-09-01', '2018-01-20', 20),
(673, 2, 4, 2, 102, 76, 101, 7, 3, '2017-09-01', '2018-01-20', 32),
(674, 1, 4, 2, 102, 76, 101, 7, 3, '2017-09-01', '2018-01-20', 32),
(675, 4, 4, 2, 102, 76, 101, 7, 3, '2017-09-01', '2018-01-20', 32),
(676, 3, 4, 2, 102, 76, 101, 7, 3, '2017-09-01', '2018-01-20', 32),
(677, 1, 4, 3, 102, 21, 26, 7, 3, '2017-09-01', '2018-01-20', 26),
(678, 3, 4, 3, 102, 21, 26, 7, 3, '2017-09-01', '2018-01-20', 26),
(679, 2, 4, 3, 102, 16, 33, 7, 3, '2017-09-07', '2018-01-20', 30),
(680, 4, 4, 3, 102, 16, 33, 7, 3, '2017-09-07', '2018-01-20', 30),
(681, 2, 4, 4, 102, 82, 100, 7, 3, '2017-09-07', '2018-01-20', 35),
(682, 4, 4, 4, 102, 82, 100, 7, 3, '2017-09-07', '2018-01-20', 35),
(683, 2, 5, 1, 102, 43, 49, 3, 1, '2017-09-01', '2018-01-20', 49),
(684, 1, 5, 1, 102, 43, 49, 3, 1, '2017-09-01', '2018-01-20', 49),
(685, 4, 5, 1, 102, 43, 49, 3, 1, '2017-09-01', '2018-01-20', 49),
(686, 3, 5, 1, 102, 43, 49, 3, 1, '2017-09-01', '2018-01-20', 49),
(687, 2, 5, 1, 102, 43, 50, 3, 2, '2017-09-01', '2018-01-20', 49),
(688, 1, 5, 1, 102, 43, 50, 3, 2, '2017-09-01', '2018-01-20', 49),
(689, 4, 5, 1, 102, 43, 50, 3, 2, '2017-09-01', '2018-01-20', 49),
(690, 3, 5, 1, 102, 43, 50, 3, 2, '2017-09-01', '2018-01-20', 49),
(691, 2, 5, 2, 102, 76, 101, 7, 3, '2017-09-01', '2018-01-20', 32),
(692, 1, 5, 2, 102, 76, 101, 7, 3, '2017-09-01', '2018-01-20', 32),
(693, 4, 5, 2, 102, 76, 101, 7, 3, '2017-09-01', '2018-01-20', 32),
(694, 3, 5, 2, 102, 76, 101, 7, 3, '2017-09-01', '2018-01-20', 32),
(695, 1, 5, 3, 102, 24, 310, 7, 3, '2017-09-01', '2018-01-20', 29),
(696, 3, 5, 3, 102, 24, 310, 7, 3, '2017-09-01', '2018-01-20', 29),
(697, 2, 5, 3, 102, 19, 16, 7, 3, '2017-09-08', '2018-01-20', 29),
(698, 4, 5, 3, 102, 19, 16, 7, 3, '2017-09-08', '2018-01-20', 29),
(699, 1, 5, 4, 102, 78, 99, 7, 3, '2017-09-01', '2018-01-20', 23),
(700, 3, 5, 4, 102, 78, 99, 7, 3, '2017-09-01', '2018-01-20', 23),
(701, 2, 6, 1, 102, 21, 26, 7, 3, '2017-09-02', '2018-01-20', 26),
(702, 1, 6, 1, 102, 21, 26, 7, 3, '2017-09-02', '2018-01-20', 26),
(703, 4, 6, 1, 102, 21, 26, 7, 3, '2017-09-02', '2018-01-20', 26),
(704, 3, 6, 1, 102, 21, 26, 7, 3, '2017-09-02', '2018-01-20', 26),
(705, 2, 6, 2, 102, 23, 310, 7, 1, '2017-09-02', '2018-01-20', 22),
(706, 1, 6, 2, 102, 23, 310, 7, 1, '2017-09-02', '2018-01-20', 22),
(707, 4, 6, 2, 102, 23, 310, 7, 1, '2017-09-02', '2018-01-20', 22),
(708, 3, 6, 2, 102, 23, 310, 7, 1, '2017-09-02', '2018-01-20', 22),
(709, 2, 6, 2, 102, 15, 309, 7, 2, '2017-09-02', '2018-01-20', 30),
(710, 3, 6, 2, 102, 15, 309, 7, 2, '2017-09-02', '2018-01-20', 30),
(711, 4, 6, 2, 102, 15, 309, 7, 2, '2017-09-02', '2018-01-20', 30),
(712, 1, 6, 2, 102, 15, 309, 7, 2, '2017-09-02', '2018-01-20', 30),
(713, 2, 1, 1, 103, 43, 49, 3, 1, '2017-09-01', '2018-01-20', 49),
(714, 3, 1, 1, 103, 43, 49, 3, 1, '2017-09-01', '2018-01-20', 49),
(715, 4, 1, 1, 103, 43, 49, 3, 1, '2017-09-01', '2018-01-20', 49),
(716, 1, 1, 1, 103, 43, 49, 3, 1, '2017-09-01', '2018-01-20', 49),
(717, 2, 1, 1, 103, 43, 50, 3, 2, '2017-08-28', '2018-01-20', 49),
(718, 3, 1, 1, 103, 43, 50, 3, 2, '2017-08-28', '2018-01-20', 49),
(719, 4, 1, 1, 103, 43, 50, 3, 2, '2017-08-28', '2018-01-20', 49),
(720, 1, 1, 1, 103, 43, 50, 3, 2, '2017-08-28', '2018-01-20', 49),
(721, 2, 1, 2, 103, 33, 14, 7, 1, '2017-09-01', '2018-01-20', 22),
(722, 3, 1, 2, 103, 33, 14, 7, 1, '2017-09-01', '2018-01-20', 22),
(723, 4, 1, 2, 103, 33, 14, 7, 1, '2017-09-01', '2018-01-20', 22),
(724, 1, 1, 2, 103, 33, 14, 7, 1, '2017-09-01', '2018-01-20', 22),
(725, 2, 1, 2, 103, 33, 32, 7, 2, '2017-09-01', '2018-01-20', 21),
(726, 3, 1, 2, 103, 33, 32, 7, 2, '2017-09-01', '2018-01-20', 21),
(727, 4, 1, 2, 103, 33, 32, 7, 2, '2017-09-01', '2018-01-20', 21),
(728, 1, 1, 2, 103, 33, 32, 7, 2, '2017-09-01', '2018-01-20', 21),
(729, 3, 1, 3, 103, 90, 114, 7, 3, '2017-08-28', '2018-01-20', 1),
(730, 1, 1, 3, 103, 90, 114, 7, 3, '2017-08-28', '2018-01-20', 1),
(731, 2, 1, 3, 103, 89, 114, 7, 3, '2017-09-04', '2018-01-20', 1),
(732, 4, 1, 3, 103, 89, 114, 7, 3, '2017-09-04', '2018-01-20', 1),
(733, 2, 1, 4, 103, 34, 36, 7, 3, '2017-08-28', '2018-01-20', 26),
(734, 3, 1, 4, 103, 34, 36, 7, 3, '2017-08-28', '2018-01-20', 26),
(735, 4, 1, 4, 103, 34, 36, 7, 3, '2017-08-28', '2018-01-20', 26),
(736, 1, 1, 4, 103, 34, 36, 7, 3, '2017-08-28', '2018-01-20', 26),
(737, 2, 1, 1, 105, 169, 300, 7, 3, '2017-09-01', '2018-01-05', 25),
(738, 3, 1, 1, 105, 169, 300, 7, 3, '2017-09-01', '2018-01-05', 25),
(739, 1, 1, 1, 105, 169, 300, 7, 3, '2017-09-01', '2018-01-05', 25),
(740, 4, 1, 1, 105, 169, 300, 7, 3, '2017-09-01', '2018-01-05', 25),
(741, 3, 1, 2, 105, 149, 163, 7, 3, '2017-08-28', '2018-01-05', 18),
(742, 1, 1, 2, 105, 149, 163, 7, 3, '2017-08-28', '2018-01-05', 18),
(743, 2, 1, 2, 105, 80, 96, 7, 3, '2017-09-04', '2018-01-05', 33),
(744, 4, 1, 2, 105, 80, 96, 7, 3, '2017-09-04', '2018-01-05', 33),
(745, 3, 1, 3, 105, 26, 32, 7, 3, '2017-08-28', '2018-01-05', 22),
(746, 1, 1, 3, 105, 26, 32, 7, 3, '2017-08-28', '2018-01-05', 22),
(747, 2, 1, 3, 105, 23, 14, 7, 1, '2017-09-04', '2018-01-05', 22),
(748, 4, 1, 3, 105, 23, 14, 7, 1, '2017-09-04', '2018-01-05', 22),
(749, 2, 1, 3, 105, 33, 32, 7, 2, '2017-09-04', '2018-01-05', 21),
(750, 4, 1, 3, 105, 33, 32, 7, 2, '2017-09-04', '2018-01-05', 21),
(751, 3, 1, 4, 105, 80, 96, 7, 3, '2017-08-28', '2018-01-05', 33),
(752, 1, 1, 4, 105, 80, 96, 7, 3, '2017-08-28', '2018-01-05', 33),
(753, 2, 1, 4, 105, 149, 163, 7, 3, '2017-09-04', '2018-01-05', 18),
(754, 4, 1, 4, 105, 149, 163, 7, 3, '2017-09-04', '2018-01-05', 18),
(755, 2, 2, 1, 105, 76, 102, 7, 3, '2017-08-29', '2018-01-05', 32),
(756, 3, 2, 1, 105, 76, 102, 7, 3, '2017-08-29', '2018-01-05', 32),
(757, 1, 2, 1, 105, 76, 102, 7, 3, '2017-08-29', '2018-01-05', 32),
(758, 4, 2, 1, 105, 76, 102, 7, 3, '2017-08-29', '2018-01-05', 32),
(759, 2, 2, 2, 105, 43, 51, 3, 1, '2017-08-29', '2018-01-05', 49),
(760, 3, 2, 2, 105, 43, 51, 3, 1, '2017-08-29', '2018-01-05', 49),
(761, 1, 2, 2, 105, 43, 51, 3, 1, '2017-08-29', '2018-01-05', 49),
(762, 4, 2, 2, 105, 43, 51, 3, 1, '2017-08-29', '2018-01-05', 49),
(763, 2, 2, 2, 105, 43, 43, 3, 2, '2017-08-29', '2018-01-05', 49),
(764, 3, 2, 2, 105, 43, 43, 3, 2, '2017-08-29', '2018-01-05', 49),
(765, 1, 2, 2, 105, 43, 43, 3, 2, '2017-08-29', '2018-01-05', 49),
(766, 4, 2, 2, 105, 43, 43, 3, 2, '2017-08-29', '2018-01-05', 49),
(767, 3, 2, 3, 105, 34, 36, 7, 3, '2017-08-29', '2018-01-05', 26),
(768, 1, 2, 3, 105, 34, 36, 7, 3, '2017-08-29', '2018-01-05', 26),
(769, 2, 2, 3, 105, 49, 72, 7, 1, '2017-09-05', '2018-01-05', 41),
(770, 4, 2, 3, 105, 49, 72, 7, 1, '2017-09-05', '2018-01-05', 41),
(771, 2, 2, 3, 105, 49, 70, 7, 2, '2017-09-01', '2018-01-05', 38),
(772, 4, 2, 3, 105, 49, 70, 7, 2, '2017-09-01', '2018-01-05', 38),
(773, 3, 2, 4, 105, 23, 24, 3, 1, '2017-08-29', '2018-01-05', 21);
INSERT INTO Records (IdRecord, WeekNumber, [WeekDay], SubjOrdinalNumber, IdGroup, IdSubject, IdLecturer, IdSubjectType, IdSubjectFor, DateFrom, DateTo, IdClassroom) VALUES
(774, 1, 2, 4, 105, 23, 24, 3, 1, '2017-08-29', '2018-01-05', 21),
(775, 2, 2, 4, 105, 34, 36, 7, 3, '2017-09-01', '2018-01-05', 26),
(776, 4, 2, 4, 105, 34, 36, 7, 3, '2017-09-01', '2018-01-05', 26),
(777, 2, 3, 2, 105, 80, 96, 7, 3, '2017-09-01', '2018-01-05', 33),
(778, 3, 3, 2, 105, 80, 96, 7, 3, '2017-09-01', '2018-01-05', 33),
(779, 1, 3, 2, 105, 80, 96, 7, 3, '2017-09-01', '2018-01-05', 33),
(780, 4, 3, 2, 105, 80, 96, 7, 3, '2017-09-01', '2018-01-05', 33),
(781, 3, 3, 3, 105, 90, 312, 7, 3, '2017-09-01', '2018-01-05', 13),
(782, 1, 3, 3, 105, 90, 312, 7, 3, '2017-09-01', '2018-01-05', 13),
(783, 2, 3, 3, 105, 23, 24, 3, 1, '2017-09-01', '2018-01-05', 21),
(784, 4, 3, 3, 105, 23, 24, 3, 1, '2017-09-01', '2018-01-05', 21),
(785, 2, 3, 3, 105, 23, 32, 3, 2, '2017-09-01', '2018-01-05', 22),
(786, 4, 3, 3, 105, 23, 32, 3, 2, '2017-09-01', '2018-01-05', 22),
(787, 2, 3, 4, 105, 76, 102, 7, 3, '2017-09-01', '2018-01-05', 28),
(788, 3, 3, 4, 105, 76, 102, 7, 3, '2017-09-01', '2018-01-05', 28),
(789, 1, 3, 4, 105, 76, 102, 7, 3, '2017-09-01', '2018-01-05', 28),
(790, 4, 3, 4, 105, 76, 102, 7, 3, '2017-09-01', '2018-01-05', 28),
(791, 3, 3, 5, 105, 23, 24, 3, 1, '2017-09-01', '2018-01-05', 21),
(792, 1, 3, 5, 105, 23, 24, 3, 1, '2017-09-01', '2018-01-05', 21),
(793, 3, 3, 5, 105, 23, 32, 3, 2, '2017-08-30', '2018-01-05', 22),
(794, 1, 3, 5, 105, 23, 32, 3, 2, '2017-08-30', '2018-01-05', 22),
(795, 2, 4, 1, 105, 127, 129, 7, 3, '2017-09-01', '2018-01-05', 40),
(796, 4, 4, 1, 105, 127, 129, 7, 3, '2017-09-01', '2018-01-05', 40),
(797, 2, 4, 2, 105, 43, 51, 3, 1, '2017-09-01', '2018-01-05', 49),
(798, 3, 4, 2, 105, 43, 51, 3, 1, '2017-09-01', '2018-01-05', 49),
(799, 1, 4, 2, 105, 43, 51, 3, 1, '2017-09-01', '2018-01-05', 49),
(800, 4, 4, 2, 105, 43, 51, 3, 1, '2017-09-01', '2018-01-05', 49),
(801, 2, 4, 2, 105, 43, 43, 3, 2, '2017-09-01', '2018-01-05', 49),
(802, 3, 4, 2, 105, 43, 43, 3, 2, '2017-09-01', '2018-01-05', 49),
(803, 1, 4, 2, 105, 43, 43, 3, 2, '2017-09-01', '2018-01-05', 49),
(804, 4, 4, 2, 105, 43, 43, 3, 2, '2017-09-01', '2018-01-05', 49),
(805, 2, 4, 3, 105, 49, 72, 7, 1, '2017-09-01', '2018-01-05', 41),
(806, 3, 4, 3, 105, 49, 72, 7, 1, '2017-09-01', '2018-01-05', 41),
(807, 1, 4, 3, 105, 49, 72, 7, 1, '2017-09-01', '2018-01-05', 41),
(808, 4, 4, 3, 105, 49, 72, 7, 1, '2017-09-01', '2018-01-05', 41),
(809, 2, 4, 3, 105, 49, 70, 7, 2, '2017-09-01', '2018-01-05', 38),
(810, 3, 4, 3, 105, 49, 70, 7, 2, '2017-09-01', '2018-01-05', 38),
(811, 1, 4, 3, 105, 49, 70, 7, 2, '2017-09-01', '2018-01-05', 38),
(812, 4, 4, 3, 105, 49, 70, 7, 2, '2017-09-01', '2018-01-05', 38),
(813, 3, 4, 4, 105, 168, 190, 7, 3, '2017-09-01', '2018-01-05', 3),
(814, 1, 4, 4, 105, 168, 190, 7, 3, '2017-09-01', '2018-01-05', 3),
(815, 3, 5, 1, 105, 169, 300, 7, 3, '2017-09-01', '2018-01-05', 25),
(816, 1, 5, 1, 105, 169, 300, 7, 3, '2017-09-01', '2018-01-05', 25),
(817, 2, 5, 2, 105, 127, 129, 7, 3, '2017-09-01', '2018-01-05', 36),
(818, 3, 5, 2, 105, 127, 129, 7, 3, '2017-09-01', '2018-01-05', 36),
(819, 1, 5, 2, 105, 127, 129, 7, 3, '2017-09-01', '2018-01-05', 36),
(820, 4, 5, 2, 105, 127, 129, 7, 3, '2017-09-01', '2018-01-05', 36),
(821, 2, 5, 3, 105, 169, 300, 7, 3, '2017-09-01', '2018-01-05', 25),
(822, 3, 5, 3, 105, 169, 300, 7, 3, '2017-09-01', '2018-01-05', 25),
(823, 1, 5, 3, 105, 169, 300, 7, 3, '2017-09-01', '2018-01-05', 25),
(824, 4, 5, 3, 105, 169, 300, 7, 3, '2017-09-01', '2018-01-05', 25),
(825, 2, 5, 4, 105, 149, 163, 7, 3, '2017-09-01', '2018-01-05', 16),
(826, 3, 5, 4, 105, 149, 163, 7, 3, '2017-09-01', '2018-01-05', 16),
(827, 1, 5, 4, 105, 149, 163, 7, 3, '2017-09-01', '2018-01-05', 16),
(828, 4, 5, 4, 105, 149, 163, 7, 3, '2017-09-01', '2018-01-05', 16),
(829, 2, 5, 5, 105, 31, 18, 7, 3, '2017-09-08', '2018-01-05', 34),
(830, 4, 5, 5, 105, 31, 18, 7, 3, '2017-09-08', '2018-01-05', 34),
(831, 2, 6, 1, 105, 43, 51, 3, 1, '2017-09-01', '2018-01-05', 49),
(832, 3, 6, 1, 105, 43, 51, 3, 1, '2017-09-01', '2018-01-05', 49),
(833, 1, 6, 1, 105, 43, 51, 3, 1, '2017-09-01', '2018-01-05', 49),
(834, 4, 6, 1, 105, 43, 51, 3, 1, '2017-09-01', '2018-01-05', 49),
(835, 2, 6, 1, 105, 43, 43, 3, 2, '2017-09-01', '2018-01-05', 49),
(836, 3, 6, 1, 105, 43, 43, 3, 2, '2017-09-01', '2018-01-05', 49),
(837, 1, 6, 1, 105, 43, 43, 3, 2, '2017-09-01', '2018-01-05', 49),
(838, 4, 6, 1, 105, 43, 43, 3, 2, '2017-09-01', '2018-01-05', 49),
(839, 2, 6, 2, 105, 168, 190, 7, 3, '2017-09-01', '2018-01-05', 2),
(840, 4, 6, 2, 105, 168, 190, 7, 3, '2017-09-01', '2018-01-05', 2),
(841, 4, 1, 1, 108, 80, 96, 7, 3, '2017-09-01', '2018-01-05', 33),
(842, 1, 1, 1, 108, 80, 96, 7, 3, '2017-09-01', '2018-01-05', 33),
(843, 2, 1, 1, 108, 80, 96, 7, 3, '2017-09-01', '2018-01-05', 33),
(844, 3, 1, 1, 108, 80, 96, 7, 3, '2017-09-01', '2018-01-05', 33),
(845, 1, 1, 2, 108, 85, 96, 7, 3, '2017-08-28', '2018-01-05', 33),
(846, 3, 1, 2, 108, 85, 96, 7, 3, '2017-08-28', '2018-01-05', 33),
(847, 4, 1, 2, 108, 34, 36, 7, 3, '2017-09-04', '2018-01-05', 26),
(848, 2, 1, 2, 108, 34, 36, 7, 3, '2017-09-04', '2018-01-05', 26),
(849, 1, 1, 3, 108, 34, 36, 7, 3, '2017-08-28', '2018-01-05', 26),
(850, 3, 1, 3, 108, 34, 36, 7, 3, '2017-08-28', '2018-01-05', 26),
(851, 4, 2, 1, 108, 23, 14, 7, 1, '2017-08-29', '2018-01-05', 22),
(852, 1, 2, 1, 108, 23, 14, 7, 1, '2017-08-29', '2018-01-05', 22),
(853, 2, 2, 1, 108, 23, 14, 7, 1, '2017-08-29', '2018-01-05', 22),
(854, 3, 2, 1, 108, 23, 14, 7, 1, '2017-08-29', '2018-01-05', 22),
(855, 4, 2, 1, 108, 23, 32, 7, 2, '2017-08-29', '2018-01-05', 21),
(856, 1, 2, 1, 108, 23, 32, 7, 2, '2017-08-29', '2018-01-05', 21),
(857, 2, 2, 1, 108, 23, 32, 7, 2, '2017-08-29', '2018-01-05', 21),
(858, 3, 2, 1, 108, 23, 32, 7, 2, '2017-08-29', '2018-01-05', 21),
(859, 4, 2, 2, 108, 149, 165, 7, 3, '2017-08-29', '2018-01-05', 16),
(860, 1, 2, 2, 108, 149, 165, 7, 3, '2017-08-29', '2018-01-05', 16),
(861, 2, 2, 2, 108, 149, 165, 7, 3, '2017-08-29', '2018-01-05', 16),
(862, 3, 2, 2, 108, 149, 165, 7, 3, '2017-08-29', '2018-01-05', 16),
(863, 4, 2, 3, 108, 43, 43, 3, 1, '2017-08-29', '2018-01-05', 49),
(864, 1, 2, 3, 108, 43, 43, 3, 1, '2017-08-29', '2018-01-05', 49),
(865, 2, 2, 3, 108, 43, 43, 3, 1, '2017-08-29', '2018-01-05', 49),
(866, 3, 2, 3, 108, 43, 43, 3, 1, '2017-08-29', '2018-01-05', 49),
(867, 4, 2, 3, 108, 43, 51, 3, 2, '2017-08-29', '2018-01-05', 49),
(868, 1, 2, 3, 108, 43, 51, 3, 2, '2017-08-29', '2018-01-05', 49),
(869, 2, 2, 3, 108, 43, 51, 3, 2, '2017-08-29', '2018-01-05', 49),
(870, 3, 2, 3, 108, 43, 51, 3, 2, '2017-08-29', '2018-01-05', 49),
(871, 1, 2, 4, 108, 90, 312, 7, 3, '2017-08-29', '2018-01-05', 13),
(872, 3, 2, 4, 108, 90, 312, 7, 3, '2017-08-29', '2018-01-05', 13),
(873, 4, 2, 4, 108, 76, 94, 7, 3, '2017-09-05', '2018-01-05', 50),
(874, 2, 2, 4, 108, 76, 94, 7, 3, '2017-09-05', '2018-01-05', 50),
(875, 4, 3, 1, 108, 80, 96, 7, 3, '2017-08-30', '2018-01-05', 33),
(876, 1, 3, 1, 108, 80, 96, 7, 3, '2017-08-30', '2018-01-05', 33),
(877, 2, 3, 1, 108, 80, 96, 7, 3, '2017-08-30', '2018-01-05', 33),
(878, 3, 3, 1, 108, 80, 96, 7, 3, '2017-08-30', '2018-01-05', 33),
(879, 4, 3, 2, 108, 170, 300, 7, 3, '2017-08-30', '2018-01-05', 25),
(880, 1, 3, 2, 108, 170, 300, 7, 3, '2017-08-30', '2018-01-05', 25),
(881, 2, 3, 2, 108, 170, 300, 7, 3, '2017-08-30', '2018-01-05', 25),
(882, 3, 3, 2, 108, 170, 300, 7, 3, '2017-08-30', '2018-01-05', 25),
(883, 1, 3, 3, 108, 49, 72, 7, 1, '2017-08-30', '2018-01-05', 41),
(884, 3, 3, 3, 108, 49, 72, 7, 1, '2017-08-30', '2018-01-05', 41),
(885, 1, 3, 3, 108, 49, 70, 7, 2, '2017-08-30', '2018-01-05', 38),
(886, 3, 3, 3, 108, 49, 70, 7, 2, '2017-08-30', '2018-01-05', 38),
(887, 1, 3, 4, 108, 26, 14, 7, 3, '2017-08-30', '2018-01-05', 22),
(888, 2, 3, 4, 108, 26, 14, 7, 3, '2017-08-30', '2018-01-05', 22),
(889, 3, 3, 4, 108, 26, 14, 7, 3, '2017-08-30', '2018-01-05', 22),
(890, 4, 3, 3, 108, 170, 300, 7, 3, '2017-09-06', '2018-01-05', 2),
(891, 2, 3, 3, 108, 170, 300, 7, 3, '2017-09-06', '2018-01-05', 2),
(892, 4, 3, 4, 108, 26, 14, 7, 3, '2017-09-20', '2018-01-05', 22),
(893, 4, 4, 1, 108, 84, 94, 7, 3, '2017-09-07', '2018-01-05', 50),
(894, 2, 4, 1, 108, 84, 94, 7, 3, '2017-09-07', '2018-01-05', 50),
(895, 4, 4, 2, 108, 43, 43, 3, 1, '2017-08-31', '2018-01-05', 49),
(896, 1, 4, 2, 108, 43, 43, 3, 1, '2017-08-31', '2018-01-05', 49),
(897, 2, 4, 2, 108, 43, 43, 3, 1, '2017-08-31', '2018-01-05', 49),
(898, 3, 4, 2, 108, 43, 43, 3, 1, '2017-08-31', '2018-01-05', 49),
(899, 4, 4, 2, 108, 43, 51, 3, 2, '2017-08-31', '2018-01-05', 49),
(900, 1, 4, 2, 108, 43, 51, 3, 2, '2017-08-31', '2018-01-05', 49),
(901, 2, 4, 2, 108, 43, 51, 3, 2, '2017-08-31', '2018-01-05', 49),
(902, 3, 4, 2, 108, 43, 51, 3, 2, '2017-08-31', '2018-01-05', 49),
(903, 4, 4, 3, 108, 149, 165, 7, 3, '2017-08-31', '2018-01-05', 16),
(904, 1, 4, 3, 108, 149, 165, 7, 3, '2017-08-31', '2018-01-05', 16),
(905, 2, 4, 3, 108, 149, 165, 7, 3, '2017-08-31', '2018-01-05', 16),
(906, 3, 4, 3, 108, 149, 165, 7, 3, '2017-08-31', '2018-01-05', 16),
(907, 4, 4, 4, 108, 29, 17, 7, 3, '2017-08-31', '2018-01-05', 28),
(908, 1, 4, 4, 108, 29, 17, 7, 3, '2017-08-31', '2018-01-05', 28),
(909, 2, 4, 4, 108, 29, 17, 7, 3, '2017-08-31', '2018-01-05', 28),
(910, 3, 4, 4, 108, 29, 17, 7, 3, '2017-08-31', '2018-01-05', 28),
(911, 1, 4, 5, 108, 127, 299, 7, 3, '2017-08-31', '2018-01-05', 36),
(912, 3, 4, 5, 108, 127, 299, 7, 3, '2017-08-31', '2018-01-05', 36),
(913, 1, 5, 1, 108, 23, 14, 7, 1, '2017-09-01', '2018-01-05', 22),
(914, 3, 5, 1, 108, 23, 14, 7, 1, '2017-09-01', '2018-01-05', 22),
(915, 1, 5, 1, 108, 23, 32, 7, 2, '2017-09-01', '2018-01-05', 21),
(916, 3, 5, 1, 108, 23, 32, 7, 2, '2017-09-01', '2018-01-05', 21),
(917, 4, 5, 2, 108, 49, 72, 7, 1, '2017-09-01', '2018-01-05', 41),
(918, 1, 5, 2, 108, 49, 72, 7, 1, '2017-09-01', '2018-01-05', 41),
(919, 2, 5, 2, 108, 49, 72, 7, 1, '2017-09-01', '2018-01-05', 41),
(920, 3, 5, 2, 108, 49, 72, 7, 1, '2017-09-01', '2018-01-05', 41),
(921, 4, 5, 2, 108, 49, 70, 7, 2, '2017-09-01', '2018-01-05', 38),
(922, 1, 5, 2, 108, 49, 70, 7, 2, '2017-09-01', '2018-01-05', 38),
(923, 2, 5, 2, 108, 49, 70, 7, 2, '2017-09-01', '2018-01-05', 38),
(924, 3, 5, 2, 108, 49, 70, 7, 2, '2017-09-01', '2018-01-05', 38),
(925, 4, 5, 3, 108, 76, 94, 7, 3, '2017-09-01', '2018-01-05', 50),
(926, 1, 5, 3, 108, 76, 94, 7, 3, '2017-09-01', '2018-01-05', 50),
(927, 2, 5, 3, 108, 76, 94, 7, 3, '2017-09-01', '2018-01-05', 50),
(928, 3, 5, 3, 108, 76, 94, 7, 3, '2017-09-01', '2018-01-05', 50),
(929, 4, 5, 4, 108, 170, 300, 7, 3, '2017-09-01', '2018-01-05', 25),
(930, 1, 5, 4, 108, 170, 300, 7, 3, '2017-09-01', '2018-01-05', 25),
(931, 2, 5, 4, 108, 170, 300, 7, 3, '2017-09-01', '2018-01-05', 25),
(932, 3, 5, 4, 108, 170, 300, 7, 3, '2017-09-01', '2018-01-05', 25),
(933, 4, 5, 5, 108, 127, 299, 7, 3, '2017-09-08', '2018-01-05', 36),
(934, 2, 5, 5, 108, 127, 299, 7, 3, '2017-09-08', '2018-01-05', 36),
(935, 4, 6, 1, 108, 43, 43, 3, 1, '2017-09-02', '2018-01-05', 49),
(936, 1, 6, 1, 108, 43, 43, 3, 1, '2017-09-02', '2018-01-05', 49),
(937, 2, 6, 1, 108, 43, 43, 3, 1, '2017-09-02', '2018-01-05', 49),
(938, 3, 6, 1, 108, 43, 43, 3, 1, '2017-09-02', '2018-01-05', 49),
(939, 4, 6, 1, 108, 43, 51, 3, 2, '2017-09-02', '2018-01-05', 49),
(940, 1, 6, 1, 108, 43, 51, 3, 2, '2017-09-02', '2018-01-05', 49),
(941, 2, 6, 1, 108, 43, 51, 3, 2, '2017-09-02', '2018-01-05', 49),
(942, 3, 6, 1, 108, 43, 51, 3, 2, '2017-09-02', '2018-01-05', 49),
(943, 4, 6, 2, 108, 151, 150, 7, 3, '2017-09-02', '2018-01-05', 12),
(944, 1, 6, 2, 108, 151, 150, 7, 3, '2017-09-02', '2018-01-05', 12),
(945, 2, 6, 2, 108, 151, 150, 7, 3, '2017-09-02', '2018-01-05', 12),
(946, 3, 6, 2, 108, 151, 150, 7, 3, '2017-09-02', '2018-01-05', 12),
(947, 1, 1, 1, 106, 34, 36, 7, 3, '2017-08-28', '2018-01-05', 26),
(948, 3, 1, 1, 106, 34, 36, 7, 3, '2017-08-28', '2018-01-05', 26),
(949, 4, 1, 2, 106, 76, 101, 7, 3, '2017-08-28', '2018-01-05', 32),
(950, 1, 1, 2, 106, 76, 101, 7, 3, '2017-08-28', '2018-01-05', 32),
(951, 2, 1, 2, 106, 76, 101, 7, 3, '2017-08-28', '2018-01-05', 32),
(952, 3, 1, 2, 106, 76, 101, 7, 3, '2017-08-28', '2018-01-05', 32),
(953, 4, 1, 3, 106, 149, 163, 7, 3, '2017-08-28', '2018-01-05', 17),
(954, 1, 1, 3, 106, 149, 163, 7, 3, '2017-08-28', '2018-01-05', 17),
(955, 2, 1, 3, 106, 149, 163, 7, 3, '2017-08-28', '2018-01-05', 17),
(956, 3, 1, 3, 106, 149, 163, 7, 3, '2017-08-28', '2018-01-05', 17),
(957, 1, 1, 4, 106, 23, 309, 7, 1, '2017-08-28', '2018-01-05', 13),
(958, 3, 1, 4, 106, 23, 309, 7, 1, '2017-08-28', '2018-01-05', 13),
(959, 4, 1, 4, 106, 23, 309, 7, 2, '2017-09-04', '2018-01-05', 13),
(960, 2, 1, 4, 106, 23, 309, 7, 2, '2017-09-04', '2018-01-05', 13),
(961, 1, 2, 1, 106, 127, 130, 7, 3, '2017-08-29', '2018-01-05', 43),
(962, 3, 2, 1, 106, 127, 130, 7, 3, '2017-08-29', '2018-01-05', 43),
(963, 4, 2, 2, 106, 43, 43, 3, 1, '2017-08-29', '2018-01-05', 49),
(964, 1, 2, 2, 106, 43, 43, 3, 1, '2017-08-29', '2018-01-05', 49),
(965, 2, 2, 2, 106, 43, 43, 3, 1, '2017-08-29', '2018-01-05', 49),
(966, 3, 2, 2, 106, 43, 43, 3, 1, '2017-08-29', '2018-01-05', 49),
(967, 4, 2, 2, 106, 43, 51, 7, 2, '2017-08-29', '2018-01-05', 49),
(968, 1, 2, 2, 106, 43, 51, 7, 2, '2017-08-29', '2018-01-05', 49),
(969, 2, 2, 2, 106, 43, 51, 7, 2, '2017-08-29', '2018-01-05', 49),
(970, 3, 2, 2, 106, 43, 51, 7, 2, '2017-08-29', '2018-01-05', 49),
(971, 4, 2, 3, 106, 80, 95, 7, 3, '2017-08-29', '2018-01-05', 23),
(972, 1, 2, 3, 106, 80, 95, 7, 3, '2017-08-29', '2018-01-05', 23),
(973, 2, 2, 3, 106, 80, 95, 7, 3, '2017-08-29', '2018-01-05', 23),
(974, 3, 2, 3, 106, 80, 95, 7, 3, '2017-08-29', '2018-01-05', 23),
(975, 4, 3, 1, 106, 49, 72, 7, 1, '2017-08-30', '2018-01-05', 41),
(976, 1, 3, 1, 106, 49, 72, 7, 1, '2017-08-30', '2018-01-05', 41),
(977, 2, 3, 1, 106, 49, 72, 7, 1, '2017-08-30', '2018-01-05', 41),
(978, 3, 3, 1, 106, 49, 72, 7, 1, '2017-08-30', '2018-01-05', 41),
(979, 4, 3, 1, 106, 49, 70, 7, 2, '2017-08-30', '2018-01-05', 38),
(980, 1, 3, 1, 106, 49, 70, 7, 2, '2017-08-30', '2018-01-05', 38),
(981, 2, 3, 1, 106, 49, 70, 7, 2, '2017-08-30', '2018-01-05', 38),
(982, 3, 3, 1, 106, 49, 70, 7, 2, '2017-08-30', '2018-01-05', 38),
(983, 1, 3, 2, 106, 90, 312, 7, 3, '2017-08-30', '2018-01-05', 34),
(984, 3, 3, 2, 106, 90, 312, 7, 3, '2017-08-30', '2018-01-05', 34),
(985, 4, 3, 2, 106, 80, 95, 7, 3, '2017-09-06', '2018-01-05', 34),
(986, 2, 3, 2, 106, 80, 95, 7, 3, '2017-09-06', '2018-01-05', 34),
(987, 4, 3, 3, 106, 149, 163, 7, 3, '2017-08-30', '2018-01-05', 16),
(988, 1, 3, 3, 106, 149, 163, 7, 3, '2017-08-30', '2018-01-05', 16),
(989, 2, 3, 3, 106, 149, 163, 7, 3, '2017-08-30', '2018-01-05', 16),
(990, 3, 3, 3, 106, 149, 163, 7, 3, '2017-08-30', '2018-01-05', 16),
(991, 1, 3, 4, 106, 31, 18, 7, 3, '2017-08-30', '2018-01-05', 26),
(992, 3, 3, 4, 106, 31, 18, 7, 3, '2017-08-30', '2018-01-05', 26),
(993, 4, 3, 4, 106, 169, 300, 7, 3, '2017-09-06', '2018-01-05', 25),
(994, 2, 3, 4, 106, 169, 300, 7, 3, '2017-09-06', '2018-01-05', 25),
(995, 4, 4, 1, 106, 169, 300, 7, 3, '2017-08-31', '2018-01-05', 25),
(996, 1, 4, 1, 106, 169, 300, 7, 3, '2017-08-31', '2018-01-05', 25),
(997, 2, 4, 1, 106, 169, 300, 7, 3, '2017-08-31', '2018-01-05', 25),
(998, 3, 4, 1, 106, 169, 300, 7, 3, '2017-08-31', '2018-01-05', 25),
(999, 1, 4, 2, 106, 127, 130, 7, 3, '2017-08-31', '2018-01-05', 43),
(1000, 3, 4, 2, 106, 127, 130, 7, 3, '2017-08-31', '2018-01-05', 43),
(1001, 4, 4, 2, 106, 34, 36, 7, 3, '2017-09-07', '2018-01-05', 30),
(1002, 2, 4, 2, 106, 34, 36, 7, 3, '2017-09-07', '2018-01-05', 30),
(1003, 4, 4, 3, 106, 43, 43, 3, 1, '2017-08-31', '2018-01-05', 49),
(1004, 1, 4, 3, 106, 43, 43, 3, 1, '2017-08-31', '2018-01-05', 49),
(1005, 2, 4, 3, 106, 43, 43, 3, 1, '2017-08-31', '2018-01-05', 49),
(1006, 3, 4, 3, 106, 43, 43, 3, 1, '2017-08-31', '2018-01-05', 49),
(1007, 4, 4, 3, 106, 43, 51, 3, 3, '2017-08-31', '2018-01-05', 49),
(1008, 1, 4, 3, 106, 43, 51, 3, 3, '2017-08-31', '2018-01-05', 49),
(1009, 2, 4, 3, 106, 43, 51, 3, 3, '2017-08-31', '2018-01-05', 49),
(1010, 3, 4, 3, 106, 43, 51, 3, 3, '2017-08-31', '2018-01-05', 49),
(1011, 4, 4, 3, 106, 43, 51, 3, 2, '2017-08-31', '2018-01-05', 49),
(1012, 1, 4, 3, 106, 43, 51, 3, 2, '2017-08-31', '2018-01-05', 49),
(1013, 2, 4, 3, 106, 43, 51, 3, 2, '2017-08-31', '2018-01-05', 49),
(1014, 3, 4, 3, 106, 43, 51, 3, 2, '2017-08-31', '2018-01-05', 49),
(1015, 4, 4, 4, 106, 23, 309, 7, 2, '2017-08-31', '2018-01-05', 21),
(1016, 1, 4, 4, 106, 23, 309, 7, 2, '2017-08-31', '2018-01-05', 21),
(1017, 2, 4, 4, 106, 23, 309, 7, 2, '2017-08-31', '2018-01-05', 21),
(1018, 3, 4, 4, 106, 23, 309, 7, 2, '2017-08-31', '2018-01-05', 21),
(1019, 1, 5, 1, 106, 49, 72, 7, 1, '2017-09-01', '2018-01-05', 41),
(1020, 3, 5, 1, 106, 49, 72, 7, 1, '2017-09-01', '2018-01-05', 41),
(1021, 1, 5, 1, 106, 49, 70, 7, 2, '2017-09-01', '2018-01-05', 38),
(1022, 3, 5, 1, 106, 49, 70, 7, 2, '2017-09-01', '2018-01-05', 38),
(1023, 4, 5, 2, 106, 169, 300, 7, 3, '2017-09-01', '2018-01-05', 25),
(1024, 1, 5, 2, 106, 169, 300, 7, 3, '2017-09-01', '2018-01-05', 25),
(1025, 2, 5, 2, 106, 169, 300, 7, 3, '2017-09-01', '2018-01-05', 25),
(1026, 3, 5, 2, 106, 169, 300, 7, 3, '2017-09-01', '2018-01-05', 25),
(1027, 4, 5, 3, 106, 26, 309, 7, 3, '2017-09-01', '2018-01-05', 31),
(1028, 1, 5, 3, 106, 26, 309, 7, 3, '2017-09-01', '2018-01-05', 31),
(1029, 2, 5, 3, 106, 26, 309, 7, 3, '2017-09-01', '2018-01-05', 31),
(1030, 3, 5, 3, 106, 26, 309, 7, 3, '2017-09-01', '2018-01-05', 31),
(1031, 4, 5, 4, 106, 76, 101, 7, 3, '2017-09-01', '2018-01-05', 32),
(1032, 1, 5, 4, 106, 76, 101, 7, 3, '2017-09-01', '2018-01-05', 32),
(1033, 2, 5, 4, 106, 76, 101, 7, 3, '2017-09-01', '2018-01-05', 32),
(1034, 3, 5, 4, 106, 76, 101, 7, 3, '2017-09-01', '2018-01-05', 32),
(1035, 4, 6, 1, 106, 127, 130, 7, 3, '2017-09-09', '2018-01-05', 43),
(1036, 2, 6, 1, 106, 127, 130, 7, 3, '2017-09-09', '2018-01-05', 43),
(1037, 4, 6, 2, 106, 43, 43, 3, 1, '2017-09-02', '2018-01-05', 49),
(1038, 1, 6, 2, 106, 43, 43, 3, 1, '2017-09-02', '2018-01-05', 49),
(1039, 2, 6, 2, 106, 43, 43, 3, 1, '2017-09-02', '2018-01-05', 49),
(1040, 3, 6, 2, 106, 43, 43, 3, 1, '2017-09-02', '2018-01-05', 49),
(1041, 4, 6, 2, 106, 43, 51, 3, 2, '2017-09-02', '2018-01-05', 49),
(1042, 1, 6, 2, 106, 43, 51, 3, 2, '2017-09-02', '2018-01-05', 49),
(1043, 2, 6, 2, 106, 43, 51, 3, 2, '2017-09-02', '2018-01-05', 49),
(1044, 3, 6, 2, 106, 43, 51, 3, 2, '2017-09-02', '2018-01-05', 49),
(1045, 4, 6, 3, 106, 168, 190, 7, 3, '2017-09-02', '2018-01-05', 4),
(1046, 1, 6, 3, 106, 168, 190, 7, 3, '2017-09-02', '2018-01-05', 4),
(1047, 2, 6, 3, 106, 168, 190, 7, 3, '2017-09-02', '2018-01-05', 4),
(1048, 3, 6, 3, 106, 168, 190, 7, 3, '2017-09-02', '2018-01-05', 4),
(1049, 4, 6, 4, 106, 23, 309, 7, 1, '2017-09-02', '2018-01-05', 13),
(1050, 1, 6, 4, 106, 23, 309, 7, 1, '2017-09-02', '2018-01-05', 13),
(1051, 2, 6, 4, 106, 23, 309, 7, 1, '2017-09-02', '2018-01-05', 13),
(1052, 3, 6, 4, 106, 23, 309, 7, 1, '2017-09-02', '2018-01-05', 13),
(1053, 4, 1, 1, 107, 76, 101, 7, 3, '2017-09-01', '2018-01-05', 32),
(1054, 1, 1, 1, 107, 76, 101, 7, 3, '2017-09-01', '2018-01-05', 32),
(1055, 2, 1, 1, 107, 76, 101, 7, 3, '2017-09-01', '2018-01-05', 32),
(1056, 3, 1, 1, 107, 76, 101, 7, 3, '2017-09-01', '2018-01-05', 32),
(1057, 4, 1, 2, 107, 43, 53, 3, 1, '2017-08-28', '2018-01-05', 49),
(1058, 1, 1, 2, 107, 43, 53, 3, 1, '2017-08-28', '2018-01-05', 49),
(1059, 2, 1, 2, 107, 43, 53, 3, 1, '2017-08-28', '2018-01-05', 49),
(1060, 3, 1, 2, 107, 43, 53, 3, 1, '2017-08-28', '2018-01-05', 49),
(1061, 4, 1, 2, 107, 43, 54, 3, 2, '2017-08-28', '2018-01-05', 49),
(1062, 1, 1, 2, 107, 43, 54, 3, 2, '2017-08-28', '2018-01-05', 49),
(1063, 2, 1, 2, 107, 43, 54, 3, 2, '2017-08-28', '2018-01-05', 49),
(1064, 3, 1, 2, 107, 43, 54, 3, 2, '2017-08-28', '2018-01-05', 49),
(1065, 4, 1, 3, 107, 80, 96, 7, 3, '2017-08-28', '2018-01-05', 33),
(1066, 1, 1, 3, 107, 80, 96, 7, 3, '2017-08-28', '2018-01-05', 33),
(1067, 2, 1, 3, 107, 80, 96, 7, 3, '2017-08-28', '2018-01-05', 33),
(1068, 3, 1, 3, 107, 80, 96, 7, 3, '2017-08-28', '2018-01-05', 33),
(1069, 4, 2, 2, 107, 23, 24, 7, 1, '2017-08-29', '2018-01-05', 21),
(1070, 1, 2, 2, 107, 23, 24, 7, 1, '2017-08-29', '2018-01-05', 21),
(1071, 2, 2, 2, 107, 23, 24, 7, 1, '2017-08-29', '2018-01-05', 21),
(1072, 3, 2, 2, 107, 23, 24, 7, 1, '2017-08-29', '2018-01-05', 21),
(1073, 4, 2, 2, 107, 23, 27, 7, 2, '2017-09-05', '2018-01-05', 33),
(1074, 2, 2, 2, 107, 23, 27, 7, 2, '2017-09-05', '2018-01-05', 33),
(1075, 4, 2, 3, 107, 149, 162, 7, 3, '2017-08-29', '2018-01-05', 16),
(1076, 1, 2, 3, 107, 149, 162, 7, 3, '2017-08-29', '2018-01-05', 16),
(1077, 2, 2, 3, 107, 149, 162, 7, 3, '2017-08-29', '2018-01-05', 16),
(1078, 3, 2, 3, 107, 149, 162, 7, 3, '2017-08-29', '2018-01-05', 16),
(1079, 1, 2, 4, 107, 31, 18, 7, 3, '2017-08-29', '2018-01-05', 31),
(1080, 3, 2, 4, 107, 31, 18, 7, 3, '2017-08-29', '2018-01-05', 31),
(1081, 4, 2, 4, 107, 149, 162, 7, 3, '2017-09-05', '2018-01-05', 16),
(1082, 2, 2, 4, 107, 149, 162, 7, 3, '2017-09-05', '2018-01-05', 16),
(1083, 1, 2, 5, 107, 127, 299, 7, 3, '2017-08-29', '2018-01-05', 36),
(1084, 3, 2, 5, 107, 127, 299, 7, 3, '2017-08-29', '2018-01-05', 36),
(1085, 4, 2, 5, 107, 168, 190, 7, 3, '2017-09-05', '2018-01-05', 3),
(1086, 2, 2, 5, 107, 168, 190, 7, 3, '2017-09-05', '2018-01-05', 3),
(1087, 4, 3, 1, 107, 43, 53, 3, 1, '2017-08-30', '2018-01-05', 49),
(1088, 1, 3, 1, 107, 43, 53, 3, 1, '2017-08-30', '2018-01-05', 49),
(1089, 2, 3, 1, 107, 43, 53, 3, 1, '2017-08-30', '2018-01-05', 49),
(1090, 3, 3, 1, 107, 43, 53, 3, 1, '2017-08-30', '2018-01-05', 49),
(1091, 4, 3, 1, 107, 43, 54, 3, 3, '2017-08-30', '2018-01-05', 49),
(1092, 1, 3, 1, 107, 43, 54, 3, 3, '2017-08-30', '2018-01-05', 49),
(1093, 2, 3, 1, 107, 43, 54, 3, 3, '2017-08-30', '2018-01-05', 49),
(1094, 3, 3, 1, 107, 43, 54, 3, 3, '2017-08-30', '2018-01-05', 49),
(1095, 4, 3, 1, 107, 43, 54, 3, 2, '2017-08-30', '2018-01-05', 49),
(1096, 1, 3, 1, 107, 43, 54, 3, 2, '2017-08-30', '2018-01-05', 49),
(1097, 2, 3, 1, 107, 43, 54, 3, 2, '2017-08-30', '2018-01-05', 49),
(1098, 3, 3, 1, 107, 43, 54, 3, 2, '2017-08-30', '2018-01-05', 49),
(1099, 1, 3, 2, 107, 49, 72, 7, 1, '2017-08-30', '2018-01-05', 41),
(1100, 2, 3, 2, 107, 49, 72, 7, 1, '2017-08-30', '2018-01-05', 41),
(1101, 3, 3, 2, 107, 49, 72, 7, 1, '2017-08-30', '2018-01-05', 41),
(1102, 4, 3, 2, 107, 49, 70, 7, 2, '2017-08-30', '2018-01-05', 38),
(1103, 1, 3, 2, 107, 49, 70, 7, 2, '2017-08-30', '2018-01-05', 38),
(1104, 2, 3, 2, 107, 49, 70, 7, 2, '2017-08-30', '2018-01-05', 38),
(1105, 3, 3, 2, 107, 49, 70, 7, 2, '2017-08-30', '2018-01-05', 38),
(1106, 4, 3, 3, 107, 80, 96, 7, 3, '2017-08-30', '2018-01-05', 33),
(1107, 1, 3, 3, 107, 80, 96, 7, 3, '2017-08-30', '2018-01-05', 33),
(1108, 2, 3, 3, 107, 80, 96, 7, 3, '2017-08-30', '2018-01-05', 33),
(1109, 3, 3, 3, 107, 80, 96, 7, 3, '2017-08-30', '2018-01-05', 33),
(1110, 1, 3, 4, 107, 90, 312, 7, 3, '2017-08-30', '2018-01-05', 13),
(1111, 3, 3, 4, 107, 90, 312, 7, 3, '2017-08-30', '2018-01-05', 13),
(1112, 4, 3, 4, 107, 23, 24, 7, 1, '2017-09-06', '2018-01-05', 21),
(1113, 2, 3, 4, 107, 23, 24, 7, 1, '2017-09-06', '2018-01-05', 21),
(1114, 4, 4, 2, 107, 23, 27, 7, 2, '2017-08-31', '2018-01-05', 33),
(1115, 1, 4, 2, 107, 23, 27, 7, 2, '2017-08-31', '2018-01-05', 33),
(1116, 2, 4, 2, 107, 23, 27, 7, 2, '2017-08-31', '2018-01-05', 33),
(1117, 3, 4, 2, 107, 23, 27, 7, 2, '2017-08-31', '2018-01-05', 33),
(1118, 4, 4, 3, 107, 34, 36, 7, 3, '2017-08-31', '2018-01-05', 35),
(1119, 1, 4, 3, 107, 34, 36, 7, 3, '2017-08-31', '2018-01-05', 35),
(1120, 2, 4, 3, 107, 34, 36, 7, 3, '2017-08-31', '2018-01-05', 35),
(1121, 3, 4, 3, 107, 34, 36, 7, 3, '2017-08-31', '2018-01-05', 35),
(1122, 1, 4, 4, 107, 149, 162, 7, 3, '2017-08-31', '2018-01-05', 17),
(1123, 3, 4, 4, 107, 149, 162, 7, 3, '2017-08-31', '2018-01-05', 17),
(1124, 4, 4, 4, 107, 168, 190, 7, 3, '2017-09-07', '2018-01-05', 3),
(1125, 2, 4, 4, 107, 168, 190, 7, 3, '2017-09-07', '2018-01-05', 3),
(1126, 4, 4, 5, 107, 76, 101, 7, 3, '2017-08-31', '2018-01-05', 32),
(1127, 1, 4, 5, 107, 76, 101, 7, 3, '2017-08-31', '2018-01-05', 32),
(1128, 2, 4, 5, 107, 76, 101, 7, 3, '2017-08-31', '2018-01-05', 32),
(1129, 3, 4, 5, 107, 76, 101, 7, 3, '2017-08-31', '2018-01-05', 32),
(1130, 2, 5, 1, 107, 49, 72, 7, 1, '2017-09-01', '2017-10-06', 41),
(1131, 4, 5, 1, 107, 49, 72, 7, 1, '2017-09-01', '2017-10-06', 41),
(1132, 2, 5, 1, 107, 49, 70, 7, 2, '2017-09-01', '2017-10-06', 38),
(1133, 4, 5, 1, 107, 49, 70, 7, 2, '2017-09-01', '2017-10-06', 38),
(1134, 1, 5, 2, 107, 43, 53, 3, 1, '2017-09-01', '2018-01-05', 49),
(1135, 3, 5, 2, 107, 43, 53, 3, 1, '2017-09-01', '2018-01-05', 49),
(1136, 2, 5, 2, 107, 43, 53, 3, 1, '2017-09-01', '2018-01-05', 49),
(1137, 4, 5, 2, 107, 43, 53, 3, 1, '2017-09-01', '2018-01-05', 49),
(1138, 1, 5, 2, 107, 43, 54, 3, 2, '2017-09-01', '2018-01-05', 49),
(1139, 3, 5, 2, 107, 43, 54, 3, 2, '2017-09-01', '2018-01-05', 49),
(1140, 2, 5, 2, 107, 43, 54, 3, 2, '2017-09-01', '2018-01-05', 49),
(1141, 4, 5, 2, 107, 43, 54, 3, 2, '2017-09-01', '2018-01-05', 49),
(1142, 1, 5, 3, 107, 169, 193, 7, 3, '2017-09-01', '2018-01-05', 1),
(1143, 3, 5, 3, 107, 169, 193, 7, 3, '2017-09-01', '2018-01-05', 1),
(1144, 2, 5, 3, 107, 169, 193, 7, 3, '2017-09-01', '2018-01-05', 1),
(1145, 4, 5, 3, 107, 169, 193, 7, 3, '2017-09-01', '2018-01-05', 1),
(1146, 1, 5, 4, 107, 169, 193, 1, 3, '2017-09-01', '2018-01-05', 1),
(1147, 3, 5, 4, 107, 169, 193, 1, 3, '2017-09-01', '2018-01-05', 1),
(1148, 1, 6, 2, 107, 169, 193, 7, 3, '2017-09-01', '2018-01-05', 4),
(1149, 3, 6, 2, 107, 169, 193, 7, 3, '2017-09-01', '2018-01-05', 4),
(1150, 2, 6, 2, 107, 169, 193, 7, 3, '2017-09-01', '2018-01-05', 4),
(1151, 4, 6, 2, 107, 169, 193, 7, 3, '2017-09-01', '2018-01-05', 4),
(1152, 1, 6, 3, 107, 127, 299, 7, 3, '2017-09-01', '2018-01-05', 37),
(1153, 3, 6, 3, 107, 127, 299, 7, 3, '2017-09-01', '2018-01-05', 37),
(1154, 2, 6, 3, 107, 127, 299, 7, 3, '2017-09-01', '2018-01-05', 37),
(1155, 4, 6, 3, 107, 127, 299, 7, 3, '2017-09-01', '2018-01-05', 37),
(1156, 1, 6, 4, 107, 26, 24, 7, 3, '2017-09-01', '2018-01-05', 21),
(1157, 3, 6, 4, 107, 26, 24, 7, 3, '2017-09-01', '2018-01-05', 21),
(1158, 2, 6, 4, 107, 26, 24, 7, 3, '2017-09-01', '2018-01-05', 21),
(1159, 4, 6, 4, 107, 26, 24, 7, 3, '2017-09-01', '2018-01-05', 21),
(1160, 2, 1, 1, 14, 80, 99, 7, 3, '2017-09-01', '2018-01-05', 23),
(1161, 4, 1, 1, 14, 80, 99, 7, 3, '2017-09-01', '2018-01-05', 23),
(1162, 1, 1, 1, 14, 80, 99, 7, 3, '2017-09-01', '2018-01-05', 23),
(1163, 3, 1, 1, 14, 80, 99, 7, 3, '2017-09-01', '2018-01-05', 23),
(1164, 1, 1, 2, 14, 90, 312, 7, 3, '2017-09-01', '2018-01-05', 13),
(1165, 3, 1, 2, 14, 90, 312, 7, 3, '2017-09-01', '2018-01-05', 13),
(1166, 2, 1, 2, 14, 149, 162, 7, 3, '2017-09-01', '2018-01-05', 18),
(1167, 4, 1, 2, 14, 149, 162, 7, 3, '2017-09-01', '2018-01-05', 18),
(1168, 2, 1, 3, 14, 43, 53, 3, 1, '2017-09-25', '2018-01-05', 49),
(1169, 4, 1, 3, 14, 43, 53, 3, 1, '2017-09-25', '2018-01-05', 49),
(1170, 1, 1, 3, 14, 43, 53, 3, 1, '2017-09-25', '2018-01-05', 49),
(1171, 3, 1, 3, 14, 43, 53, 3, 1, '2017-09-25', '2018-01-05', 49),
(1172, 2, 1, 3, 14, 43, 54, 3, 2, '2017-09-25', '2018-01-05', 49),
(1173, 4, 1, 3, 14, 43, 54, 3, 2, '2017-09-25', '2018-01-05', 49),
(1174, 1, 1, 3, 14, 43, 54, 3, 2, '2017-09-25', '2018-01-05', 49),
(1175, 3, 1, 3, 14, 43, 54, 3, 2, '2017-09-25', '2018-01-05', 49),
(1176, 1, 1, 4, 14, 149, 162, 7, 3, '2017-09-25', '2018-01-05', 18),
(1177, 3, 1, 4, 14, 149, 162, 7, 3, '2017-09-25', '2018-01-05', 18),
(1178, 2, 2, 1, 14, 23, 27, 7, 1, '2017-09-01', '2018-01-05', 34),
(1179, 4, 2, 1, 14, 23, 27, 7, 1, '2017-09-01', '2018-01-05', 34),
(1180, 1, 2, 1, 14, 23, 37, 7, 1, '2017-09-01', '2018-01-05', 34),
(1181, 3, 2, 1, 14, 23, 37, 7, 1, '2017-09-01', '2018-01-05', 34),
(1182, 2, 2, 2, 14, 313, 102, 7, 3, '2017-09-01', '2018-01-05', 32),
(1183, 4, 2, 2, 14, 313, 102, 7, 3, '2017-09-01', '2018-01-05', 32),
(1184, 1, 2, 2, 14, 313, 102, 7, 3, '2017-09-01', '2018-01-05', 32),
(1185, 3, 2, 2, 14, 313, 102, 7, 3, '2017-09-01', '2018-01-05', 32),
(1186, 1, 2, 3, 14, 49, 72, 7, 1, '2017-09-01', '2018-01-05', 41),
(1187, 3, 2, 3, 14, 49, 72, 7, 1, '2017-09-01', '2018-01-05', 41),
(1188, 1, 2, 3, 14, 49, 70, 7, 2, '2017-09-01', '2018-01-05', 38),
(1189, 3, 2, 3, 14, 49, 70, 7, 2, '2017-09-01', '2018-01-05', 38),
(1190, 2, 2, 3, 14, 34, 36, 7, 3, '2017-09-01', '2018-01-05', 26),
(1191, 4, 2, 3, 14, 34, 36, 7, 3, '2017-09-01', '2018-01-05', 26),
(1192, 1, 2, 4, 14, 34, 36, 7, 3, '2017-09-26', '2018-01-05', 26),
(1193, 3, 2, 4, 14, 34, 36, 7, 3, '2017-09-26', '2018-01-05', 26),
(1194, 2, 2, 4, 14, 23, 309, 7, 2, '2017-09-01', '2018-01-05', 31),
(1195, 4, 2, 4, 14, 23, 309, 7, 2, '2017-09-01', '2018-01-05', 31),
(1196, 2, 3, 1, 14, 127, 130, 7, 3, '2017-09-01', '2018-01-05', 43),
(1197, 4, 3, 1, 14, 127, 130, 7, 3, '2017-09-01', '2018-01-05', 43),
(1198, 1, 3, 1, 14, 127, 130, 7, 3, '2017-09-01', '2018-01-05', 43),
(1199, 3, 3, 1, 14, 127, 130, 7, 3, '2017-09-01', '2018-01-05', 43),
(1200, 2, 3, 2, 14, 43, 53, 7, 1, '2017-09-01', '2018-01-05', 49),
(1201, 4, 3, 2, 14, 43, 53, 7, 1, '2017-09-01', '2018-01-05', 49),
(1202, 1, 3, 2, 14, 43, 53, 7, 1, '2017-09-01', '2018-01-05', 49),
(1203, 3, 3, 2, 14, 43, 53, 7, 1, '2017-09-01', '2018-01-05', 49),
(1204, 2, 3, 2, 14, 43, 54, 3, 2, '2017-09-01', '2018-01-05', 49),
(1205, 4, 3, 2, 14, 43, 54, 3, 2, '2017-09-01', '2018-01-05', 49),
(1206, 1, 3, 2, 14, 43, 54, 3, 2, '2017-09-01', '2018-01-05', 49),
(1207, 3, 3, 2, 14, 43, 54, 3, 2, '2017-09-01', '2018-01-05', 49),
(1208, 2, 3, 3, 14, 16, 20, 7, 3, '2017-09-01', '2018-01-05', 30),
(1209, 4, 3, 3, 14, 16, 20, 7, 3, '2017-09-01', '2018-01-05', 30),
(1210, 1, 3, 3, 14, 16, 20, 7, 3, '2017-09-01', '2018-01-05', 30),
(1211, 3, 3, 3, 14, 16, 20, 7, 3, '2017-09-01', '2018-01-05', 30),
(1212, 1, 3, 4, 14, 168, 190, 7, 3, '2017-09-01', '2018-01-05', 3),
(1213, 3, 3, 4, 14, 168, 190, 7, 3, '2017-09-01', '2018-01-05', 3),
(1214, 2, 3, 4, 14, 31, 18, 7, 3, '2017-09-01', '2018-01-05', 26),
(1215, 4, 3, 4, 14, 31, 18, 7, 3, '2017-09-01', '2018-01-05', 26),
(1216, 2, 4, 1, 14, 19, 35, 7, 3, '2017-09-01', '2018-01-05', 28),
(1217, 4, 4, 1, 14, 19, 35, 7, 3, '2017-09-01', '2018-01-05', 28),
(1218, 1, 4, 1, 14, 19, 35, 7, 3, '2017-09-01', '2018-01-05', 28),
(1219, 3, 4, 1, 14, 19, 35, 7, 3, '2017-09-01', '2018-01-05', 28),
(1220, 2, 4, 2, 14, 49, 72, 7, 1, '2017-09-01', '2018-01-05', 41),
(1221, 4, 4, 2, 14, 49, 72, 7, 1, '2017-09-01', '2018-01-05', 41),
(1222, 1, 4, 2, 14, 49, 72, 7, 1, '2017-09-01', '2018-01-05', 41),
(1223, 3, 4, 2, 14, 49, 72, 7, 1, '2017-09-01', '2018-01-05', 41),
(1224, 2, 4, 2, 14, 49, 70, 7, 2, '2017-09-01', '2018-01-05', 38),
(1225, 4, 4, 2, 14, 49, 70, 7, 2, '2017-09-01', '2018-01-05', 38),
(1226, 1, 4, 2, 14, 49, 70, 7, 2, '2017-09-01', '2018-01-05', 38),
(1227, 3, 4, 2, 14, 49, 70, 7, 2, '2017-09-01', '2018-01-05', 38),
(1228, 1, 4, 3, 14, 149, 162, 7, 3, '2017-09-01', '2018-01-05', 18),
(1229, 3, 4, 3, 14, 149, 162, 7, 3, '2017-09-01', '2018-01-05', 18),
(1230, 2, 4, 3, 14, 23, 27, 7, 1, '2017-09-01', '2018-01-05', 21),
(1231, 4, 4, 3, 14, 23, 27, 7, 1, '2017-09-01', '2018-01-05', 21),
(1232, 2, 4, 3, 14, 23, 309, 7, 2, '2017-09-01', '2018-01-05', 22),
(1233, 4, 4, 3, 14, 23, 309, 7, 2, '2017-09-01', '2018-01-05', 22),
(1234, 2, 4, 4, 14, 149, 162, 7, 3, '2017-09-01', '2018-01-05', 18),
(1235, 4, 4, 4, 14, 149, 162, 7, 3, '2017-09-01', '2018-01-05', 18),
(1236, 2, 5, 1, 14, 313, 102, 7, 3, '2017-09-01', '2018-01-05', 33),
(1237, 1, 5, 1, 14, 313, 102, 7, 3, '2017-09-01', '2018-01-05', 33),
(1238, 3, 5, 1, 14, 313, 102, 7, 3, '2017-09-01', '2018-01-05', 33),
(1239, 4, 5, 1, 14, 313, 102, 7, 3, '2017-09-01', '2018-01-05', 33),
(1240, 2, 5, 2, 14, 169, 193, 7, 3, '2017-09-01', '2018-01-05', 1),
(1241, 1, 5, 2, 14, 169, 193, 7, 3, '2017-09-01', '2018-01-05', 1),
(1242, 3, 5, 2, 14, 169, 193, 7, 3, '2017-09-01', '2018-01-05', 1),
(1243, 4, 5, 2, 14, 169, 193, 7, 3, '2017-09-01', '2018-01-05', 1),
(1244, 2, 5, 3, 14, 43, 53, 3, 1, '2017-09-01', '2018-01-05', 49),
(1245, 1, 5, 3, 14, 43, 53, 3, 1, '2017-09-01', '2018-01-05', 49),
(1246, 3, 5, 3, 14, 43, 53, 3, 1, '2017-09-01', '2018-01-05', 49),
(1247, 4, 5, 3, 14, 43, 53, 3, 1, '2017-09-01', '2018-01-05', 49),
(1248, 2, 5, 3, 14, 43, 54, 3, 2, '2017-09-01', '2018-01-05', 49),
(1249, 1, 5, 3, 14, 43, 54, 3, 2, '2017-09-01', '2018-01-05', 49),
(1250, 3, 5, 3, 14, 43, 54, 3, 2, '2017-09-01', '2018-01-05', 49),
(1251, 4, 5, 3, 14, 43, 54, 3, 2, '2017-09-01', '2018-01-05', 49),
(1252, 1, 5, 4, 14, 23, 309, 7, 1, '2017-09-01', '2018-01-05', 19),
(1253, 3, 5, 4, 14, 23, 309, 7, 1, '2017-09-01', '2018-01-05', 19),
(1254, 1, 5, 4, 14, 23, 27, 7, 2, '2017-09-01', '2018-01-05', 11),
(1255, 3, 5, 4, 14, 23, 27, 7, 2, '2017-09-01', '2018-01-05', 11),
(1256, 2, 5, 4, 14, 80, 99, 7, 3, '2017-09-01', '2018-01-05', 23),
(1257, 4, 5, 4, 14, 80, 99, 7, 3, '2017-09-01', '2018-01-05', 23),
(1258, 2, 6, 3, 14, 169, 193, 7, 3, '2017-09-01', '2018-01-05', 4),
(1259, 1, 6, 3, 14, 169, 193, 7, 3, '2017-09-01', '2018-01-05', 4),
(1260, 3, 6, 3, 14, 169, 193, 7, 3, '2017-09-01', '2018-01-05', 4),
(1261, 4, 6, 3, 14, 169, 193, 7, 3, '2017-09-01', '2018-01-05', 4),
(1262, 1, 6, 4, 14, 169, 193, 7, 3, '2017-09-30', '2018-01-05', 4),
(1263, 3, 6, 4, 14, 169, 193, 7, 3, '2017-09-30', '2018-01-05', 4),
(1264, 2, 6, 4, 14, 127, 130, 7, 3, '2017-09-01', '2018-01-05', 43),
(1265, 4, 6, 4, 14, 127, 130, 7, 3, '2017-09-01', '2018-01-05', 43),
(1266, 2, 1, 1, 9, 19, 35, 7, 3, '2017-09-01', '2018-01-05', 28),
(1267, 4, 1, 1, 9, 19, 35, 7, 3, '2017-09-01', '2018-01-05', 28),
(1268, 3, 1, 2, 9, 169, 180, 7, 3, '2017-09-25', '2018-01-05', 4),
(1269, 2, 1, 2, 9, 169, 180, 7, 3, '2017-09-25', '2018-01-05', 4),
(1270, 4, 1, 2, 9, 169, 180, 7, 3, '2017-09-25', '2018-01-05', 4),
(1271, 1, 1, 2, 9, 169, 180, 7, 3, '2017-09-25', '2018-01-05', 4),
(1272, 3, 1, 3, 9, 149, 165, 7, 3, '2017-09-25', '2018-01-05', 16),
(1273, 2, 1, 3, 9, 149, 165, 7, 3, '2017-09-25', '2018-01-05', 16),
(1274, 4, 1, 3, 9, 149, 165, 7, 3, '2017-09-25', '2018-01-05', 16),
(1275, 1, 1, 3, 9, 149, 165, 7, 3, '2017-09-25', '2018-01-05', 16),
(1276, 3, 1, 4, 9, 90, 312, 7, 3, '2017-09-25', '2018-01-05', 28),
(1277, 1, 1, 4, 9, 90, 312, 7, 3, '2017-09-25', '2018-01-05', 28),
(1278, 3, 1, 5, 9, 23, 309, 7, 1, '2017-09-25', '2018-01-05', 31),
(1279, 1, 1, 5, 9, 23, 309, 7, 1, '2017-09-25', '2018-01-05', 31),
(1280, 3, 2, 1, 9, 80, 95, 7, 3, '2017-09-26', '2018-01-05', 23),
(1281, 2, 2, 1, 9, 80, 95, 7, 3, '2017-09-26', '2018-01-05', 23),
(1282, 4, 2, 1, 9, 80, 95, 7, 3, '2017-09-26', '2018-01-05', 23),
(1283, 1, 2, 1, 9, 80, 95, 7, 3, '2017-09-26', '2018-01-05', 23),
(1284, 3, 2, 2, 9, 49, 70, 7, 1, '2017-09-26', '2018-01-05', 38),
(1285, 2, 2, 2, 9, 49, 70, 7, 1, '2017-09-26', '2018-01-05', 38),
(1286, 4, 2, 2, 9, 49, 70, 7, 1, '2017-09-26', '2018-01-05', 38),
(1287, 1, 2, 2, 9, 49, 70, 7, 1, '2017-09-26', '2018-01-05', 38),
(1288, 3, 2, 2, 9, 49, 72, 7, 2, '2017-09-26', '2018-01-05', 41),
(1289, 2, 2, 2, 9, 49, 72, 7, 2, '2017-09-26', '2018-01-05', 41),
(1290, 4, 2, 2, 9, 49, 72, 7, 2, '2017-09-26', '2018-01-05', 41),
(1291, 1, 2, 2, 9, 49, 72, 7, 2, '2017-09-26', '2018-01-05', 41),
(1292, 3, 2, 3, 9, 43, 51, 3, 1, '2017-09-26', '2018-01-05', 49),
(1293, 2, 2, 3, 9, 43, 51, 3, 1, '2017-09-26', '2018-01-05', 49),
(1294, 4, 2, 3, 9, 43, 51, 3, 1, '2017-09-26', '2018-01-05', 49),
(1295, 1, 2, 3, 9, 43, 51, 3, 1, '2017-09-26', '2018-01-05', 49),
(1296, 3, 2, 3, 9, 43, 43, 3, 2, '2017-09-26', '2018-01-05', 49),
(1297, 2, 2, 3, 9, 43, 43, 3, 2, '2017-09-26', '2018-01-05', 49),
(1298, 4, 2, 3, 9, 43, 43, 3, 2, '2017-09-26', '2018-01-05', 49),
(1299, 1, 2, 3, 9, 43, 43, 3, 2, '2017-09-26', '2018-01-05', 49),
(1300, 3, 2, 4, 9, 169, 180, 7, 3, '2017-09-26', '2018-01-05', 4),
(1301, 2, 2, 4, 9, 169, 180, 7, 3, '2017-09-26', '2018-01-05', 4),
(1302, 4, 2, 4, 9, 169, 180, 7, 3, '2017-09-26', '2018-01-05', 4),
(1303, 1, 2, 4, 9, 169, 180, 7, 3, '2017-09-26', '2018-01-05', 4),
(1304, 3, 3, 2, 9, 313, 102, 7, 3, '2017-09-27', '2018-01-05', 28),
(1305, 4, 3, 2, 9, 313, 102, 7, 3, '2017-09-27', '2018-01-05', 28),
(1306, 2, 3, 2, 9, 313, 102, 7, 3, '2017-09-27', '2018-01-05', 28),
(1307, 1, 3, 2, 9, 313, 102, 7, 3, '2017-09-27', '2018-01-05', 28),
(1308, 3, 3, 3, 9, 168, 190, 7, 3, '2017-09-27', '2018-01-05', 3),
(1309, 1, 3, 3, 9, 168, 190, 7, 3, '2017-09-27', '2018-01-05', 3),
(1310, 4, 3, 3, 9, 80, 95, 7, 3, '2017-10-04', '2018-01-05', 19),
(1311, 2, 3, 3, 9, 80, 95, 7, 3, '2017-10-04', '2018-01-05', 19),
(1312, 3, 3, 4, 9, 16, 20, 7, 3, '2017-09-27', '2018-01-05', 30),
(1313, 4, 3, 4, 9, 16, 20, 7, 3, '2017-09-27', '2018-01-05', 30),
(1314, 2, 3, 4, 9, 16, 20, 7, 3, '2017-09-27', '2018-01-05', 30),
(1315, 1, 3, 4, 9, 16, 20, 7, 3, '2017-09-27', '2018-01-05', 30),
(1316, 4, 3, 5, 9, 31, 18, 7, 3, '2017-10-04', '2018-01-05', 26),
(1317, 2, 3, 5, 9, 31, 18, 7, 3, '2017-10-04', '2018-01-05', 26),
(1318, 3, 4, 1, 9, 49, 70, 7, 1, '2017-09-28', '2018-01-05', 38),
(1319, 1, 4, 1, 9, 49, 70, 7, 1, '2017-09-28', '2018-01-05', 38),
(1320, 3, 4, 1, 9, 49, 72, 7, 2, '2017-09-28', '2018-01-05', 41),
(1321, 1, 4, 1, 9, 49, 72, 7, 2, '2017-09-28', '2018-01-05', 41),
(1322, 3, 4, 2, 9, 149, 165, 7, 3, '2017-09-28', '2018-01-05', 16),
(1323, 4, 4, 2, 9, 149, 165, 7, 3, '2017-09-28', '2018-01-05', 16),
(1324, 2, 4, 2, 9, 149, 165, 7, 3, '2017-09-28', '2018-01-05', 16),
(1325, 1, 4, 2, 9, 149, 165, 7, 3, '2017-09-28', '2018-01-05', 16),
(1326, 3, 4, 3, 9, 43, 43, 3, 1, '2017-09-28', '2018-01-05', 49),
(1327, 4, 4, 3, 9, 43, 43, 3, 1, '2017-09-28', '2018-01-05', 49),
(1328, 2, 4, 3, 9, 43, 43, 3, 1, '2017-09-28', '2018-01-05', 49),
(1329, 1, 4, 3, 9, 43, 43, 3, 1, '2017-09-28', '2018-01-05', 49),
(1330, 3, 4, 3, 9, 43, 51, 3, 2, '2017-09-28', '2018-01-05', 49),
(1331, 4, 4, 3, 9, 43, 51, 3, 2, '2017-09-28', '2018-01-05', 49),
(1332, 2, 4, 3, 9, 43, 51, 3, 2, '2017-09-28', '2018-01-05', 49),
(1333, 1, 4, 3, 9, 43, 51, 3, 2, '2017-09-28', '2018-01-05', 49),
(1334, 3, 4, 4, 9, 23, 27, 7, 2, '2017-09-28', '2018-01-05', 22),
(1335, 1, 4, 4, 9, 23, 27, 7, 2, '2017-09-28', '2018-01-05', 22),
(1336, 4, 4, 4, 9, 127, 129, 7, 3, '2017-09-01', '2018-01-05', 40),
(1337, 2, 4, 4, 9, 127, 129, 7, 3, '2017-09-01', '2018-01-05', 40),
(1338, 3, 5, 2, 9, 23, 309, 7, 1, '2017-09-29', '2018-01-05', 34),
(1339, 4, 5, 2, 9, 23, 309, 7, 1, '2017-09-29', '2018-01-05', 34),
(1340, 2, 5, 2, 9, 23, 309, 7, 1, '2017-09-29', '2018-01-05', 34),
(1341, 1, 5, 2, 9, 23, 309, 7, 1, '2017-09-29', '2018-01-05', 34),
(1342, 3, 5, 2, 9, 23, 27, 7, 2, '2017-09-29', '2018-01-05', 29),
(1343, 4, 5, 2, 9, 23, 27, 7, 2, '2017-09-29', '2018-01-05', 29),
(1344, 2, 5, 2, 9, 23, 27, 7, 2, '2017-09-29', '2018-01-05', 29),
(1345, 1, 5, 2, 9, 23, 27, 7, 2, '2017-09-29', '2018-01-05', 29),
(1346, 3, 5, 3, 9, 19, 35, 7, 3, '2017-09-29', '2018-01-05', 28),
(1347, 1, 5, 3, 9, 19, 35, 7, 3, '2017-09-29', '2018-01-05', 28),
(1348, 4, 5, 3, 9, 169, 180, 7, 3, '2017-10-06', '2018-01-05', 4),
(1349, 2, 5, 3, 9, 169, 180, 7, 3, '2017-10-06', '2018-01-05', 4),
(1350, 3, 5, 4, 9, 313, 102, 7, 3, '2017-09-29', '2018-01-05', 33),
(1351, 4, 5, 4, 9, 313, 102, 7, 3, '2017-09-29', '2018-01-05', 33),
(1352, 2, 5, 4, 9, 313, 102, 7, 3, '2017-09-29', '2018-01-05', 33),
(1353, 1, 5, 4, 9, 313, 102, 7, 3, '2017-09-29', '2018-01-05', 33),
(1354, 3, 5, 5, 9, 127, 129, 7, 3, '2017-09-29', '2018-01-05', 38),
(1355, 4, 5, 5, 9, 127, 129, 7, 3, '2017-09-29', '2018-01-05', 38),
(1356, 2, 5, 5, 9, 127, 129, 7, 3, '2017-09-29', '2018-01-05', 38),
(1357, 1, 5, 5, 9, 127, 129, 7, 3, '2017-09-29', '2018-01-05', 38),
(1358, 3, 6, 2, 9, 43, 43, 3, 1, '2017-09-30', '2018-01-05', 49),
(1359, 4, 6, 2, 9, 43, 43, 3, 1, '2017-09-30', '2018-01-05', 49),
(1360, 2, 6, 2, 9, 43, 43, 3, 1, '2017-09-30', '2018-01-05', 49),
(1361, 1, 6, 2, 9, 43, 43, 3, 1, '2017-09-30', '2018-01-05', 49),
(1362, 3, 6, 2, 9, 43, 51, 3, 2, '2017-09-30', '2018-01-05', 49),
(1363, 4, 6, 2, 9, 43, 51, 3, 2, '2017-09-30', '2018-01-05', 49),
(1364, 2, 6, 2, 9, 43, 51, 3, 2, '2017-09-30', '2018-01-05', 49),
(1365, 1, 6, 2, 9, 43, 51, 3, 2, '2017-09-30', '2018-01-05', 49),
(1366, 3, 6, 3, 9, 34, 36, 7, 3, '2017-09-30', '2018-01-05', 28),
(1367, 4, 6, 3, 9, 34, 36, 7, 3, '2017-09-30', '2018-01-05', 28),
(1368, 2, 6, 3, 9, 34, 36, 7, 3, '2017-09-30', '2018-01-05', 28),
(1369, 1, 6, 3, 9, 34, 36, 7, 3, '2017-09-30', '2018-01-05', 28),
(1370, 3, 6, 1, 106, 23, 309, 7, 1, '2017-09-30', '2018-01-05', 34),
(1371, 1, 6, 1, 106, 23, 309, 7, 1, '2017-09-30', '2018-01-05', 34),
(1372, 4, 5, 1, 106, 23, 309, 7, 1, '2017-10-06', '2018-01-05', 34),
(1373, 2, 5, 1, 106, 23, 309, 7, 1, '2017-10-06', '2018-01-05', 34),
(1374, 3, 1, 2, 10, 149, 165, 7, 3, '2017-09-25', '2018-01-05', 16),
(1375, 4, 1, 2, 10, 149, 165, 7, 3, '2017-09-25', '2018-01-05', 16),
(1376, 2, 1, 2, 10, 149, 165, 7, 3, '2017-09-25', '2018-01-05', 16),
(1377, 1, 1, 2, 10, 149, 165, 7, 3, '2017-09-25', '2018-01-05', 16),
(1378, 3, 1, 3, 10, 90, 312, 7, 3, '2017-09-25', '2018-01-05', 12),
(1379, 1, 1, 3, 10, 90, 312, 7, 3, '2017-09-25', '2018-01-05', 12),
(1380, 4, 1, 3, 10, 169, 180, 7, 3, '2017-10-02', '2018-01-05', 4),
(1381, 2, 1, 3, 10, 169, 180, 7, 3, '2017-10-02', '2018-01-05', 4),
(1382, 3, 1, 4, 10, 169, 180, 7, 3, '2017-09-25', '2018-01-05', 4),
(1383, 2, 1, 4, 10, 169, 180, 7, 3, '2017-09-25', '2018-01-05', 4),
(1384, 1, 1, 4, 10, 169, 180, 7, 3, '2017-09-25', '2018-01-05', 4),
(1385, 3, 2, 1, 10, 49, 70, 7, 1, '2017-09-26', '2018-01-05', 38),
(1386, 4, 2, 1, 10, 49, 70, 7, 1, '2017-09-26', '2018-01-05', 38),
(1387, 2, 2, 1, 10, 49, 70, 7, 1, '2017-09-26', '2018-01-05', 38),
(1388, 1, 2, 1, 10, 49, 70, 7, 1, '2017-09-26', '2018-01-05', 38),
(1389, 3, 2, 1, 10, 49, 72, 7, 2, '2017-09-26', '2018-01-05', 41),
(1390, 4, 2, 1, 10, 49, 72, 7, 2, '2017-09-26', '2018-01-05', 41),
(1391, 2, 2, 1, 10, 49, 72, 7, 2, '2017-09-26', '2018-01-05', 41),
(1392, 1, 2, 1, 10, 49, 72, 7, 2, '2017-09-26', '2018-01-05', 41),
(1393, 3, 2, 2, 10, 43, 56, 3, 1, '2017-09-26', '2018-01-05', 49),
(1394, 4, 2, 2, 10, 43, 56, 3, 1, '2017-09-26', '2018-01-05', 49),
(1395, 2, 2, 2, 10, 43, 56, 3, 1, '2017-09-26', '2018-01-05', 49),
(1396, 1, 2, 2, 10, 43, 56, 3, 1, '2017-09-26', '2018-01-05', 49),
(1397, 3, 2, 2, 10, 43, 57, 3, 2, '2017-09-26', '2018-01-05', 49),
(1398, 4, 2, 2, 10, 43, 57, 3, 2, '2017-09-26', '2018-01-05', 49),
(1399, 2, 2, 2, 10, 43, 57, 3, 2, '2017-09-26', '2018-01-05', 49),
(1400, 1, 2, 2, 10, 43, 57, 3, 2, '2017-09-26', '2018-01-05', 49),
(1401, 3, 2, 3, 10, 313, 102, 7, 3, '2017-09-26', '2018-01-05', 32),
(1402, 4, 2, 3, 10, 313, 102, 7, 3, '2017-09-26', '2018-01-05', 32),
(1403, 2, 2, 3, 10, 313, 102, 7, 3, '2017-09-26', '2018-01-05', 32),
(1404, 1, 2, 3, 10, 313, 102, 7, 3, '2017-09-26', '2018-01-05', 32),
(1405, 4, 2, 4, 10, 127, 130, 7, 3, '2017-10-03', '2018-01-05', 43),
(1406, 2, 2, 4, 10, 127, 130, 7, 3, '2017-10-03', '2018-01-05', 43),
(1407, 3, 3, 1, 10, 313, 102, 7, 3, '2017-09-27', '2018-01-05', 28),
(1408, 4, 3, 1, 10, 313, 102, 7, 3, '2017-09-27', '2018-01-05', 28),
(1409, 2, 3, 1, 10, 313, 102, 7, 3, '2017-09-27', '2018-01-05', 28),
(1410, 1, 3, 1, 10, 313, 102, 7, 3, '2017-09-27', '2018-01-05', 28),
(1411, 3, 3, 2, 10, 16, 20, 7, 3, '2017-09-27', '2018-01-05', 30),
(1412, 4, 3, 2, 10, 16, 20, 7, 3, '2017-09-27', '2018-01-05', 30),
(1413, 2, 3, 2, 10, 16, 20, 7, 3, '2017-09-27', '2018-01-05', 30),
(1414, 1, 3, 2, 10, 16, 20, 7, 3, '2017-09-27', '2018-01-05', 30),
(1415, 3, 3, 3, 10, 169, 180, 7, 3, '2017-09-27', '2018-01-05', 4),
(1416, 1, 3, 3, 10, 169, 180, 7, 3, '2017-09-27', '2018-01-05', 4),
(1417, 4, 3, 3, 10, 168, 190, 7, 3, '2017-10-04', '2018-01-05', 3),
(1418, 2, 3, 3, 10, 168, 190, 7, 3, '2017-10-04', '2018-01-05', 3),
(1419, 3, 3, 4, 10, 23, 13, 7, 1, '2017-09-27', '2018-01-05', 33),
(1420, 1, 3, 4, 10, 23, 13, 7, 1, '2017-09-27', '2018-01-05', 33),
(1421, 3, 3, 4, 10, 23, 27, 7, 2, '2017-09-27', '2018-01-05', 19),
(1422, 1, 3, 4, 10, 23, 27, 7, 2, '2017-09-27', '2018-01-05', 19),
(1423, 4, 4, 1, 10, 49, 70, 7, 1, '2017-10-05', '2018-01-05', 38),
(1424, 2, 4, 1, 10, 49, 70, 7, 1, '2017-10-05', '2018-01-05', 38),
(1425, 4, 4, 1, 10, 49, 72, 7, 2, '2017-10-05', '2018-01-05', 41),
(1426, 2, 4, 1, 10, 49, 72, 7, 2, '2017-10-05', '2018-01-05', 41),
(1427, 3, 4, 2, 10, 43, 56, 3, 1, '2017-09-28', '2018-01-05', 49),
(1428, 4, 4, 2, 10, 43, 56, 3, 1, '2017-09-28', '2018-01-05', 49),
(1429, 2, 4, 2, 10, 43, 56, 3, 1, '2017-09-28', '2018-01-05', 49),
(1430, 1, 4, 2, 10, 43, 56, 3, 1, '2017-09-28', '2018-01-05', 49),
(1431, 3, 4, 2, 10, 43, 57, 3, 2, '2017-09-28', '2018-01-05', 49),
(1432, 4, 4, 2, 10, 43, 57, 3, 2, '2017-09-28', '2018-01-05', 49),
(1433, 2, 4, 2, 10, 43, 57, 3, 2, '2017-09-28', '2018-01-05', 49),
(1434, 1, 4, 2, 10, 43, 57, 3, 2, '2017-09-28', '2018-01-05', 49),
(1435, 3, 4, 3, 10, 127, 130, 7, 3, '2017-09-28', '2018-01-05', 43),
(1436, 1, 4, 3, 10, 127, 130, 7, 3, '2017-09-28', '2018-01-05', 43),
(1437, 4, 4, 3, 10, 80, 99, 7, 3, '2017-10-05', '2018-01-05', 23),
(1438, 2, 4, 3, 10, 80, 99, 7, 3, '2017-10-05', '2018-01-05', 23),
(1439, 3, 4, 4, 10, 149, 165, 7, 3, '2017-09-28', '2018-01-05', 16),
(1440, 2, 4, 4, 10, 149, 165, 7, 3, '2017-09-28', '2018-01-05', 16),
(1441, 1, 4, 4, 10, 149, 165, 7, 3, '2017-09-28', '2018-01-05', 16),
(1442, 3, 4, 5, 10, 31, 18, 7, 3, '2017-09-28', '2018-01-05', 34),
(1443, 1, 4, 5, 10, 31, 18, 7, 3, '2017-09-28', '2018-01-05', 34),
(1444, 3, 5, 1, 10, 127, 130, 7, 3, '2017-09-29', '2018-01-05', 43),
(1445, 4, 5, 1, 10, 127, 130, 7, 3, '2017-09-29', '2018-01-05', 43),
(1446, 2, 5, 1, 10, 127, 130, 7, 3, '2017-09-29', '2018-01-05', 43),
(1447, 1, 5, 1, 10, 127, 130, 7, 3, '2017-09-29', '2018-01-05', 43),
(1448, 3, 5, 2, 10, 19, 35, 7, 3, '2017-09-29', '2018-01-05', 29),
(1449, 4, 5, 2, 10, 19, 35, 7, 3, '2017-09-29', '2018-01-05', 29),
(1450, 2, 5, 2, 10, 19, 35, 7, 3, '2017-09-29', '2018-01-05', 29),
(1451, 1, 5, 2, 10, 19, 35, 7, 3, '2017-09-29', '2018-01-05', 29),
(1452, 3, 5, 3, 10, 80, 99, 7, 3, '2017-09-29', '2018-01-05', 23),
(1453, 4, 5, 3, 10, 80, 99, 7, 3, '2017-09-29', '2018-01-05', 23),
(1454, 2, 5, 3, 10, 80, 99, 7, 3, '2017-09-29', '2018-01-05', 23),
(1455, 1, 5, 3, 10, 80, 99, 7, 3, '2017-09-29', '2018-01-05', 23),
(1456, 3, 5, 4, 10, 169, 180, 7, 3, '2017-09-29', '2018-01-05', 4),
(1457, 1, 5, 4, 10, 169, 180, 7, 3, '2017-09-29', '2018-01-05', 4),
(1458, 4, 5, 4, 10, 23, 13, 7, 1, '2017-10-06', '2018-01-05', 31),
(1459, 2, 5, 4, 10, 23, 13, 7, 1, '2017-10-06', '2018-01-05', 31),
(1460, 4, 5, 4, 10, 23, 27, 7, 2, '2017-10-06', '2018-01-05', 19),
(1461, 2, 5, 4, 10, 23, 27, 7, 2, '2017-10-06', '2018-01-05', 19),
(1462, 3, 6, 1, 10, 43, 56, 3, 1, '2017-09-30', '2018-01-05', 49),
(1463, 4, 6, 1, 10, 43, 56, 3, 1, '2017-09-30', '2018-01-05', 49),
(1464, 2, 6, 1, 10, 43, 56, 3, 1, '2017-09-30', '2018-01-05', 49),
(1465, 1, 6, 1, 10, 43, 56, 3, 1, '2017-09-30', '2018-01-05', 49),
(1466, 3, 6, 1, 10, 43, 57, 3, 2, '2017-09-30', '2018-01-05', 49),
(1467, 4, 6, 1, 10, 43, 57, 3, 2, '2017-09-30', '2018-01-05', 49),
(1468, 2, 6, 1, 10, 43, 57, 3, 2, '2017-09-30', '2018-01-05', 49),
(1469, 1, 6, 1, 10, 43, 57, 3, 2, '2017-09-30', '2018-01-05', 49),
(1470, 3, 6, 2, 10, 34, 36, 7, 3, '2017-09-30', '2018-01-05', 28),
(1471, 4, 6, 2, 10, 34, 36, 7, 3, '2017-09-30', '2018-01-05', 28),
(1472, 2, 6, 2, 10, 34, 36, 7, 3, '2017-09-30', '2018-01-05', 28),
(1473, 1, 6, 2, 10, 34, 36, 7, 3, '2017-09-30', '2018-01-05', 28),
(1474, 4, 6, 3, 10, 23, 13, 7, 1, '2017-10-07', '2018-01-05', 29),
(1475, 2, 6, 3, 10, 23, 13, 7, 1, '2017-10-07', '2018-01-05', 29),
(1476, 4, 6, 3, 10, 23, 27, 7, 2, '2017-10-07', '2018-01-05', 33),
(1477, 2, 6, 3, 10, 23, 27, 7, 2, '2017-10-07', '2018-01-05', 33),
(1478, 3, 1, 1, 12, 171, 179, 7, 3, '2017-09-01', '2018-01-05', 55),
(1479, 4, 1, 1, 12, 171, 179, 7, 3, '2017-09-01', '2018-01-05', 55),
(1480, 2, 1, 1, 12, 171, 179, 7, 3, '2017-09-01', '2018-01-05', 55),
(1481, 1, 1, 1, 12, 171, 179, 7, 3, '2017-09-01', '2018-01-05', 55),
(1482, 3, 1, 2, 12, 43, 49, 3, 1, '2017-09-01', '2018-01-05', 49),
(1483, 4, 1, 2, 12, 43, 49, 3, 1, '2017-09-01', '2018-01-05', 49),
(1484, 2, 1, 2, 12, 43, 49, 3, 1, '2017-09-01', '2018-01-05', 49),
(1485, 1, 1, 2, 12, 43, 49, 3, 1, '2017-09-01', '2018-01-05', 49),
(1486, 3, 1, 2, 12, 43, 50, 3, 2, '2017-09-01', '2018-01-05', 49),
(1487, 4, 1, 2, 12, 43, 50, 3, 2, '2017-09-01', '2018-01-05', 49),
(1488, 2, 1, 2, 12, 43, 50, 3, 2, '2017-09-01', '2018-01-05', 49),
(1489, 1, 1, 2, 12, 43, 50, 3, 2, '2017-09-01', '2018-01-05', 49),
(1490, 3, 1, 3, 12, 76, 101, 7, 3, '2017-09-01', '2018-01-05', 32),
(1491, 4, 1, 3, 12, 76, 101, 7, 3, '2017-09-01', '2018-01-05', 32),
(1492, 2, 1, 3, 12, 76, 101, 7, 3, '2017-09-01', '2018-01-05', 32),
(1493, 1, 1, 3, 12, 76, 101, 7, 3, '2017-09-01', '2018-01-05', 32),
(1494, 3, 1, 4, 12, 149, 165, 7, 3, '2017-09-01', '2018-01-05', 16),
(1495, 4, 1, 4, 12, 149, 165, 7, 3, '2017-09-01', '2018-01-05', 16),
(1496, 2, 1, 4, 12, 149, 165, 7, 3, '2017-09-01', '2018-01-05', 16),
(1497, 1, 1, 4, 12, 149, 165, 7, 3, '2017-09-01', '2018-01-05', 16),
(1498, 3, 2, 1, 12, 149, 165, 7, 3, '2017-09-01', '2018-01-05', 16),
(1499, 4, 2, 1, 12, 149, 165, 7, 3, '2017-09-01', '2018-01-05', 16),
(1500, 2, 2, 1, 12, 149, 165, 7, 3, '2017-09-01', '2018-01-05', 16),
(1501, 1, 2, 1, 12, 149, 165, 7, 3, '2017-09-01', '2018-01-05', 16),
(1502, 3, 2, 2, 12, 80, 95, 7, 3, '2017-09-01', '2018-01-05', 23),
(1503, 4, 2, 2, 12, 80, 95, 7, 3, '2017-09-01', '2018-01-05', 23),
(1504, 2, 2, 2, 12, 80, 95, 7, 3, '2017-09-01', '2018-01-05', 23),
(1505, 1, 2, 2, 12, 80, 95, 7, 3, '2017-09-01', '2018-01-05', 23),
(1506, 3, 2, 3, 12, 169, 180, 7, 3, '2017-09-01', '2018-01-05', 4),
(1507, 4, 2, 3, 12, 169, 180, 7, 3, '2017-09-01', '2018-01-05', 4),
(1508, 2, 2, 3, 12, 169, 180, 7, 3, '2017-09-01', '2018-01-05', 4),
(1509, 1, 2, 3, 12, 169, 180, 7, 3, '2017-09-01', '2018-01-05', 4),
(1510, 3, 2, 4, 12, 16, 20, 7, 3, '2017-09-01', '2018-01-05', 29),
(1511, 4, 2, 4, 12, 16, 20, 7, 3, '2017-09-01', '2018-01-05', 29),
(1512, 2, 2, 4, 12, 16, 20, 7, 3, '2017-09-01', '2018-01-05', 29),
(1513, 1, 2, 4, 12, 16, 20, 7, 3, '2017-09-01', '2018-01-05', 29),
(1514, 4, 3, 1, 12, 80, 95, 7, 3, '2017-09-01', '2018-01-05', 34),
(1515, 2, 3, 1, 12, 80, 95, 7, 3, '2017-09-01', '2018-01-05', 34),
(1516, 3, 3, 2, 12, 43, 49, 3, 1, '2017-09-01', '2018-01-05', 49),
(1517, 4, 3, 2, 12, 43, 49, 3, 1, '2017-09-01', '2018-01-05', 49),
(1518, 2, 3, 2, 12, 43, 49, 3, 1, '2017-09-01', '2018-01-05', 49),
(1519, 1, 3, 2, 12, 43, 49, 3, 1, '2017-09-01', '2018-01-05', 49),
(1520, 3, 3, 2, 12, 43, 50, 3, 2, '2017-09-01', '2018-01-05', 49),
(1521, 4, 3, 2, 12, 43, 50, 3, 2, '2017-09-01', '2018-01-05', 49),
(1522, 2, 3, 2, 12, 43, 50, 3, 2, '2017-09-01', '2018-01-05', 49),
(1523, 1, 3, 2, 12, 43, 50, 3, 2, '2017-09-01', '2018-01-05', 49),
(1524, 3, 3, 3, 12, 76, 101, 7, 3, '2017-09-01', '2018-01-05', 32),
(1525, 4, 3, 3, 12, 76, 101, 7, 3, '2017-09-01', '2018-01-05', 32),
(1526, 2, 3, 3, 12, 76, 101, 7, 3, '2017-09-01', '2018-01-05', 32),
(1527, 1, 3, 3, 12, 76, 101, 7, 3, '2017-09-01', '2018-01-05', 32),
(1528, 3, 3, 4, 12, 169, 180, 7, 3, '2017-09-01', '2018-01-05', 4),
(1529, 1, 3, 4, 12, 169, 180, 7, 3, '2017-09-01', '2018-01-05', 4),
(1530, 4, 3, 4, 12, 171, 179, 7, 3, '2017-09-01', '2018-01-05', 55),
(1531, 2, 3, 4, 12, 171, 179, 7, 3, '2017-09-01', '2018-01-05', 55);
INSERT INTO Records (IdRecord, WeekNumber, [WeekDay], SubjOrdinalNumber, IdGroup, IdSubject, IdLecturer, IdSubjectType, IdSubjectFor, DateFrom, DateTo, IdClassroom) VALUES
(1532, 4, 4, 2, 12, 23, 13, 3, 1, '2017-09-01', '2018-01-05', 21),
(1533, 2, 4, 2, 12, 23, 13, 3, 1, '2017-09-01', '2018-01-05', 21),
(1534, 3, 4, 3, 12, 23, 27, 3, 2, '2017-09-01', '2018-01-05', 29),
(1535, 1, 4, 3, 12, 23, 27, 3, 2, '2017-09-01', '2018-01-05', 29),
(1536, 4, 4, 3, 12, 171, 179, 7, 3, '2017-09-01', '2018-01-05', 55),
(1537, 2, 4, 3, 12, 171, 179, 7, 3, '2017-09-01', '2018-01-05', 55),
(1538, 3, 4, 4, 12, 34, 36, 7, 3, '2017-09-01', '2018-01-05', 33),
(1539, 4, 4, 4, 12, 34, 36, 7, 3, '2017-09-01', '2018-01-05', 33),
(1540, 2, 4, 4, 12, 34, 36, 7, 3, '2017-09-01', '2018-01-05', 33),
(1541, 1, 4, 4, 12, 34, 36, 7, 3, '2017-09-01', '2018-01-05', 33),
(1542, 3, 4, 5, 12, 29, 17, 7, 3, '2017-09-01', '2018-01-05', 28),
(1543, 4, 4, 5, 12, 29, 17, 7, 3, '2017-09-01', '2018-01-05', 28),
(1544, 2, 4, 5, 12, 29, 17, 7, 3, '2017-09-01', '2018-01-05', 28),
(1545, 1, 4, 5, 12, 29, 17, 7, 3, '2017-09-01', '2018-01-05', 28),
(1546, 3, 5, 1, 12, 19, 35, 7, 3, '2017-09-01', '2018-01-05', 28),
(1547, 4, 5, 1, 12, 19, 35, 7, 3, '2017-09-01', '2018-01-05', 28),
(1548, 2, 5, 1, 12, 19, 35, 7, 3, '2017-09-01', '2018-01-05', 28),
(1549, 1, 5, 1, 12, 19, 35, 7, 3, '2017-09-01', '2018-01-05', 28),
(1550, 1, 5, 2, 12, 43, 49, 3, 1, '2017-09-01', '2018-01-05', 49),
(1551, 3, 5, 2, 12, 43, 50, 3, 2, '2017-09-01', '2018-01-05', 49),
(1552, 4, 5, 2, 12, 43, 50, 3, 2, '2017-09-01', '2018-01-05', 49),
(1553, 2, 5, 2, 12, 43, 50, 3, 2, '2017-09-01', '2018-01-05', 49),
(1554, 1, 5, 2, 12, 43, 50, 3, 2, '2017-09-01', '2018-01-05', 49),
(1555, 3, 5, 2, 12, 43, 49, 3, 1, '2017-09-01', '2018-01-05', 49),
(1556, 4, 5, 2, 12, 43, 49, 3, 1, '2017-09-01', '2018-01-05', 49),
(1557, 2, 5, 2, 12, 43, 49, 3, 1, '2017-09-01', '2018-01-05', 49),
(1558, 1, 5, 2, 12, 43, 49, 3, 1, '2017-09-01', '2018-01-05', 49),
(1559, 3, 5, 3, 12, 169, 180, 7, 3, '2017-09-01', '2018-01-05', 4),
(1560, 1, 5, 3, 12, 169, 180, 7, 3, '2017-09-01', '2018-01-05', 4),
(1561, 4, 5, 3, 12, 23, 13, 3, 1, '2017-09-01', '2018-01-05', 31),
(1562, 2, 5, 3, 12, 23, 13, 3, 1, '2017-09-01', '2018-01-05', 31),
(1563, 4, 5, 3, 12, 23, 27, 3, 2, '2017-09-01', '2018-01-05', 30),
(1564, 2, 5, 3, 12, 23, 27, 3, 2, '2017-09-01', '2018-01-05', 30),
(1565, 4, 5, 4, 12, 169, 180, 7, 3, '2017-09-01', '2018-01-05', 4),
(1566, 2, 5, 4, 12, 169, 180, 7, 3, '2017-09-01', '2018-01-05', 4),
(1567, 3, 6, 2, 12, 127, 299, 7, 3, '2017-09-01', '2018-01-05', 39),
(1568, 4, 6, 2, 12, 127, 299, 7, 3, '2017-09-01', '2018-01-05', 39),
(1569, 2, 6, 2, 12, 127, 299, 7, 3, '2017-09-01', '2018-01-05', 39),
(1570, 1, 6, 2, 12, 127, 299, 7, 3, '2017-09-01', '2018-01-05', 39),
(1571, 3, 6, 3, 12, 151, 150, 7, 3, '2017-09-01', '2018-01-05', 12),
(1572, 4, 6, 3, 12, 151, 150, 7, 3, '2017-09-01', '2018-01-05', 12),
(1573, 2, 6, 3, 12, 151, 150, 7, 3, '2017-09-01', '2018-01-05', 12),
(1574, 1, 6, 3, 12, 151, 150, 7, 3, '2017-09-01', '2018-01-05', 12),
(1575, 3, 6, 4, 12, 26, 13, 3, 3, '2017-09-01', '2018-01-05', 30),
(1576, 4, 6, 4, 12, 26, 13, 3, 3, '2017-09-01', '2018-01-05', 30),
(1577, 2, 6, 4, 12, 26, 13, 3, 3, '2017-09-01', '2018-01-05', 30),
(1578, 1, 6, 4, 12, 26, 13, 3, 3, '2017-09-01', '2018-01-05', 30),
(1579, 1, 1, 3, 109, 96, 116, 1, 3, '2017-09-11', '2017-09-11', 19),
(1580, 1, 1, 5, 109, 94, 109, 1, 3, '2017-09-11', '2017-09-11', 46),
(1586, 3, 1, 1, 18, 131, 129, 7, 3, '2017-09-25', '2018-01-05', 41),
(1587, 2, 1, 1, 18, 131, 129, 7, 3, '2017-09-25', '2018-01-05', 41),
(1588, 4, 1, 1, 18, 131, 129, 7, 3, '2017-09-25', '2018-01-05', 41),
(1589, 1, 1, 1, 18, 131, 129, 7, 3, '2017-09-25', '2018-01-05', 41),
(1590, 3, 1, 2, 18, 34, 36, 7, 3, '2017-09-25', '2018-01-05', 26),
(1591, 1, 1, 2, 18, 34, 36, 7, 3, '2017-09-25', '2018-01-05', 26),
(1592, 2, 1, 2, 18, 37, 19, 7, 3, '2017-09-01', '2018-01-05', 34),
(1593, 4, 1, 2, 18, 37, 19, 7, 3, '2017-09-01', '2018-01-05', 34),
(1594, 3, 1, 3, 18, 37, 19, 7, 3, '2017-09-25', '2018-01-05', 34),
(1595, 1, 1, 3, 18, 37, 19, 7, 3, '2017-09-25', '2018-01-05', 34),
(1596, 2, 1, 3, 18, 34, 36, 7, 3, '2017-10-02', '2018-01-05', 26),
(1597, 4, 1, 3, 18, 34, 36, 7, 3, '2017-10-02', '2018-01-05', 26),
(1598, 3, 1, 4, 18, 313, 101, 7, 3, '2017-09-25', '2018-01-05', 32),
(1599, 2, 1, 4, 18, 313, 101, 7, 3, '2017-09-25', '2018-01-05', 32),
(1600, 4, 1, 4, 18, 313, 101, 7, 3, '2017-09-25', '2018-01-05', 32),
(1601, 1, 1, 4, 18, 313, 101, 7, 3, '2017-09-25', '2018-01-05', 32),
(1602, 3, 2, 1, 18, 49, 75, 7, 1, '2017-09-26', '2018-01-05', 39),
(1603, 2, 2, 1, 18, 49, 75, 7, 1, '2017-09-26', '2018-01-05', 39),
(1604, 4, 2, 1, 18, 49, 70, 7, 1, '2017-09-26', '2018-01-05', 39),
(1605, 1, 2, 1, 18, 49, 75, 7, 1, '2017-09-26', '2018-01-05', 39),
(1606, 3, 2, 1, 18, 49, 74, 7, 2, '2017-09-26', '2018-01-05', 37),
(1607, 2, 2, 1, 18, 49, 74, 7, 2, '2017-09-26', '2018-01-05', 37),
(1608, 4, 2, 1, 18, 49, 74, 7, 2, '2017-09-26', '2018-01-05', 37),
(1609, 1, 2, 1, 18, 49, 74, 7, 2, '2017-09-26', '2018-01-05', 37),
(1610, 3, 2, 2, 18, 43, 56, 3, 1, '2017-09-26', '2018-01-05', 49),
(1611, 2, 2, 2, 18, 43, 56, 3, 1, '2017-09-26', '2018-01-05', 49),
(1612, 4, 2, 2, 18, 43, 56, 3, 1, '2017-09-26', '2018-01-05', 49),
(1613, 1, 2, 2, 18, 43, 56, 3, 1, '2017-09-26', '2018-01-05', 49),
(1614, 3, 2, 2, 18, 43, 57, 3, 2, '2017-09-26', '2018-01-05', 49),
(1615, 2, 2, 2, 18, 43, 57, 3, 2, '2017-09-26', '2018-01-05', 49),
(1616, 4, 2, 2, 18, 43, 57, 3, 2, '2017-09-26', '2018-01-05', 49),
(1617, 1, 2, 2, 18, 43, 57, 3, 2, '2017-09-26', '2018-01-05', 49),
(1618, 3, 2, 3, 18, 314, 313, 7, 3, '2017-09-26', '2018-01-05', 33),
(1619, 1, 2, 3, 18, 314, 313, 7, 3, '2017-09-26', '2018-01-05', 33),
(1620, 2, 2, 3, 18, 136, 140, 7, 3, '2017-10-03', '2018-01-05', 33),
(1621, 4, 2, 3, 18, 136, 140, 7, 3, '2017-10-03', '2018-01-05', 33),
(1622, 3, 2, 4, 18, 23, 28, 7, 2, '2017-09-26', '2018-01-05', 22),
(1623, 1, 2, 4, 18, 23, 28, 7, 2, '2017-09-26', '2018-01-05', 22),
(1624, 2, 3, 1, 18, 136, 316, 7, 3, '2017-09-01', '2018-01-05', 36),
(1625, 4, 3, 1, 18, 136, 316, 7, 3, '2017-09-01', '2018-01-05', 36),
(1626, 3, 3, 2, 18, 136, 316, 7, 3, '2017-09-27', '2018-01-05', 36),
(1627, 1, 3, 2, 18, 136, 316, 7, 3, '2017-09-27', '2018-01-05', 36),
(1628, 2, 3, 2, 18, 23, 13, 7, 1, '2017-09-01', '2018-01-05', 26),
(1629, 4, 3, 2, 18, 23, 13, 7, 1, '2017-09-01', '2018-01-05', 26),
(1630, 2, 3, 2, 18, 23, 28, 7, 2, '2017-09-01', '2018-01-05', 35),
(1631, 4, 3, 2, 18, 23, 28, 7, 2, '2017-09-01', '2018-01-05', 35),
(1632, 3, 3, 3, 18, 19, 16, 7, 3, '2017-09-27', '2018-01-05', 29),
(1633, 2, 3, 3, 18, 19, 16, 7, 3, '2017-09-27', '2018-01-05', 29),
(1634, 4, 3, 3, 18, 19, 16, 7, 3, '2017-09-27', '2018-01-05', 29),
(1635, 1, 3, 3, 18, 19, 16, 7, 3, '2017-09-27', '2018-01-05', 29),
(1636, 3, 3, 4, 18, 136, 316, 7, 3, '2017-09-27', '2018-01-05', 36),
(1637, 1, 3, 4, 18, 136, 316, 7, 3, '2017-09-27', '2018-01-05', 36),
(1638, 2, 3, 4, 18, 314, 313, 7, 3, '2017-09-01', '2018-01-05', 33),
(1639, 4, 3, 4, 18, 314, 313, 7, 3, '2017-09-01', '2018-01-05', 33),
(1640, 3, 4, 1, 18, 49, 74, 7, 1, '2017-09-28', '2018-01-05', 37),
(1641, 2, 4, 1, 18, 49, 74, 7, 1, '2017-09-28', '2018-01-05', 37),
(1642, 4, 4, 1, 18, 49, 74, 7, 1, '2017-09-28', '2018-01-05', 37),
(1643, 1, 4, 1, 18, 49, 74, 7, 1, '2017-09-28', '2018-01-05', 37),
(1644, 3, 4, 1, 18, 49, 75, 7, 2, '2017-09-28', '2018-01-05', 39),
(1645, 2, 4, 1, 18, 49, 75, 7, 2, '2017-09-28', '2018-01-05', 39),
(1646, 4, 4, 1, 18, 49, 75, 7, 2, '2017-09-28', '2018-01-05', 39),
(1647, 1, 4, 1, 18, 49, 75, 7, 2, '2017-09-28', '2018-01-05', 39),
(1648, 3, 4, 2, 18, 43, 56, 3, 1, '2017-09-28', '2018-01-05', 49),
(1649, 2, 4, 2, 18, 43, 56, 3, 1, '2017-09-28', '2018-01-05', 49),
(1650, 4, 4, 2, 18, 43, 56, 3, 1, '2017-09-28', '2018-01-05', 49),
(1651, 1, 4, 2, 18, 43, 56, 3, 1, '2017-09-28', '2018-01-05', 49),
(1652, 3, 4, 2, 18, 43, 57, 3, 2, '2017-09-28', '2018-01-05', 49),
(1653, 2, 4, 2, 18, 43, 57, 3, 2, '2017-09-28', '2018-01-05', 49),
(1654, 4, 4, 2, 18, 43, 57, 3, 2, '2017-09-28', '2018-01-05', 49),
(1655, 1, 4, 2, 18, 43, 57, 3, 2, '2017-09-28', '2018-01-05', 49),
(1656, 3, 4, 3, 18, 23, 13, 7, 1, '2017-09-28', '2018-01-05', 21),
(1657, 1, 4, 3, 18, 23, 13, 7, 1, '2017-09-28', '2018-01-05', 21),
(1658, 3, 4, 3, 18, 23, 28, 7, 2, '2017-09-28', '2018-01-05', 22),
(1659, 1, 4, 3, 18, 23, 28, 7, 2, '2017-09-28', '2018-01-05', 22),
(1660, 2, 4, 3, 18, 90, 105, 7, 3, '2017-10-05', '2018-01-05', 13),
(1661, 4, 4, 3, 18, 90, 105, 7, 3, '2017-10-05', '2018-01-05', 13),
(1662, 3, 4, 4, 18, 313, 101, 7, 3, '2017-09-28', '2018-01-05', 32),
(1663, 2, 4, 4, 18, 313, 101, 7, 3, '2017-09-28', '2018-01-05', 32),
(1664, 4, 4, 4, 18, 313, 101, 7, 3, '2017-09-28', '2018-01-05', 32),
(1665, 1, 4, 4, 18, 313, 101, 7, 3, '2017-09-28', '2018-01-05', 32),
(1666, 3, 5, 1, 18, 313, 101, 7, 3, '2017-09-29', '2018-01-05', 32),
(1667, 2, 5, 1, 18, 313, 101, 7, 3, '2017-09-29', '2018-01-05', 32),
(1668, 4, 5, 1, 18, 313, 101, 7, 3, '2017-09-29', '2018-01-05', 32),
(1669, 1, 5, 1, 18, 313, 101, 7, 3, '2017-09-29', '2018-01-05', 32),
(1670, 3, 5, 2, 18, 16, 33, 7, 3, '2017-09-29', '2018-01-05', 30),
(1671, 2, 5, 2, 18, 16, 33, 7, 3, '2017-09-29', '2018-01-05', 30),
(1672, 4, 5, 2, 18, 16, 33, 7, 3, '2017-09-29', '2018-01-05', 30),
(1673, 1, 5, 2, 18, 16, 33, 7, 3, '2017-09-29', '2018-01-05', 30),
(1674, 3, 5, 3, 18, 131, 129, 7, 3, '2017-09-29', '2018-01-05', 36),
(1675, 2, 5, 3, 18, 131, 129, 7, 3, '2017-09-29', '2018-01-05', 36),
(1676, 4, 5, 3, 18, 131, 129, 7, 3, '2017-09-29', '2018-01-05', 36),
(1677, 1, 5, 3, 18, 131, 129, 7, 3, '2017-09-29', '2018-01-05', 36),
(1678, 3, 5, 4, 18, 131, 129, 7, 3, '2017-09-29', '2018-01-05', 38),
(1679, 2, 5, 4, 18, 131, 129, 7, 3, '2017-09-29', '2018-01-05', 38),
(1680, 4, 5, 4, 18, 131, 129, 7, 3, '2017-09-29', '2018-01-05', 38),
(1681, 1, 5, 4, 18, 131, 129, 7, 3, '2017-09-29', '2018-01-05', 38),
(1682, 3, 6, 1, 18, 43, 56, 3, 1, '2017-09-30', '2018-01-05', 49),
(1683, 2, 6, 1, 18, 43, 56, 3, 1, '2017-09-30', '2018-01-05', 49),
(1684, 4, 6, 1, 18, 43, 56, 3, 1, '2017-09-30', '2018-01-05', 49),
(1685, 1, 6, 1, 18, 43, 56, 3, 1, '2017-09-30', '2018-01-05', 49),
(1686, 3, 6, 1, 18, 43, 57, 3, 3, '2017-09-30', '2018-01-05', 49),
(1687, 2, 6, 1, 18, 43, 57, 3, 3, '2017-09-30', '2018-01-05', 49),
(1688, 4, 6, 1, 18, 43, 57, 3, 3, '2017-09-30', '2018-01-05', 49),
(1689, 1, 6, 1, 18, 43, 57, 3, 3, '2017-09-30', '2018-01-05', 49),
(1690, 3, 6, 1, 18, 43, 57, 3, 2, '2017-09-30', '2018-01-05', 49),
(1691, 2, 6, 1, 18, 43, 57, 3, 2, '2017-09-30', '2018-01-05', 49),
(1692, 4, 6, 1, 18, 43, 57, 3, 2, '2017-09-30', '2018-01-05', 49),
(1693, 1, 6, 1, 18, 43, 57, 3, 2, '2017-09-30', '2018-01-05', 49),
(1694, 3, 6, 2, 18, 80, 95, 7, 3, '2017-09-30', '2018-01-05', 23),
(1695, 2, 6, 2, 18, 80, 95, 7, 3, '2017-09-30', '2018-01-05', 23),
(1696, 4, 6, 2, 18, 80, 95, 7, 3, '2017-09-30', '2018-01-05', 23),
(1697, 1, 6, 2, 18, 80, 95, 7, 3, '2017-09-30', '2018-01-05', 23),
(1698, 3, 6, 3, 18, 23, 13, 7, 1, '2017-09-30', '2018-01-05', 30),
(1699, 1, 6, 3, 18, 23, 13, 7, 1, '2017-09-30', '2018-01-05', 30),
(1700, 1, 1, 1, 32, 51, 77, 7, 3, '2017-09-01', '2017-09-25', 9),
(1701, 3, 1, 1, 32, 51, 77, 7, 3, '2017-09-01', '2017-09-25', 9),
(1702, 4, 1, 1, 32, 51, 77, 7, 3, '2017-09-01', '2017-09-25', 9),
(1703, 2, 1, 1, 32, 51, 77, 7, 3, '2017-09-01', '2017-09-25', 9),
(1704, 1, 1, 2, 32, 47, 74, 7, 1, '2017-09-01', '2017-09-25', 37),
(1705, 3, 1, 2, 32, 47, 74, 7, 1, '2017-09-01', '2017-09-25', 37),
(1706, 1, 1, 2, 32, 47, 75, 7, 2, '2017-09-01', '2017-09-25', 39),
(1707, 3, 1, 2, 32, 47, 75, 7, 2, '2017-09-01', '2017-09-25', 39),
(1708, 4, 1, 2, 32, 129, 129, 7, 3, '2017-09-01', '2018-01-05', 41),
(1709, 2, 1, 2, 32, 129, 129, 7, 3, '2017-09-01', '2018-01-05', 41),
(1710, 1, 1, 2, 19, 313, 94, 7, 3, '2017-09-25', '2018-01-05', 50),
(1711, 3, 1, 2, 19, 313, 94, 7, 3, '2017-09-25', '2018-01-05', 50),
(1712, 4, 1, 2, 19, 313, 94, 7, 3, '2017-09-25', '2018-01-05', 50),
(1713, 2, 1, 2, 19, 313, 94, 7, 3, '2017-09-25', '2018-01-05', 50),
(1714, 1, 1, 3, 19, 43, 53, 3, 1, '2017-09-25', '2018-01-05', 49),
(1715, 3, 1, 3, 19, 43, 53, 3, 1, '2017-09-25', '2018-01-05', 49),
(1716, 4, 1, 3, 19, 43, 53, 3, 1, '2017-09-25', '2018-01-05', 49),
(1717, 2, 1, 3, 19, 43, 53, 3, 1, '2017-09-25', '2018-01-05', 49),
(1718, 1, 1, 3, 19, 43, 54, 3, 2, '2017-09-25', '2018-01-05', 49),
(1719, 3, 1, 3, 19, 43, 54, 3, 2, '2017-09-25', '2018-01-05', 49),
(1720, 4, 1, 3, 19, 43, 54, 3, 2, '2017-09-25', '2018-01-05', 49),
(1721, 2, 1, 3, 19, 43, 54, 3, 2, '2017-09-25', '2018-01-05', 49),
(1722, 1, 1, 4, 19, 314, 314, 7, 3, '2017-09-25', '2018-01-05', 39),
(1723, 3, 1, 4, 19, 314, 314, 7, 3, '2017-09-25', '2018-01-05', 39),
(1724, 4, 1, 4, 19, 314, 314, 7, 3, '2017-09-25', '2018-01-05', 39),
(1725, 2, 1, 4, 19, 314, 314, 7, 3, '2017-09-25', '2018-01-05', 39),
(1726, 1, 1, 5, 19, 136, 316, 7, 3, '2017-09-25', '2018-01-05', 36),
(1727, 3, 1, 5, 19, 136, 316, 7, 3, '2017-09-25', '2018-01-05', 36),
(1728, 4, 1, 5, 19, 136, 316, 7, 3, '2017-09-25', '2018-01-05', 36),
(1729, 2, 1, 5, 19, 136, 316, 7, 3, '2017-09-25', '2018-01-05', 36),
(1730, 1, 2, 1, 19, 313, 94, 7, 3, '2017-09-26', '2018-01-05', 50),
(1731, 3, 2, 1, 19, 313, 94, 7, 3, '2017-09-26', '2018-01-05', 50),
(1732, 4, 2, 1, 19, 313, 94, 7, 3, '2017-09-26', '2018-01-05', 50),
(1733, 2, 2, 1, 19, 313, 94, 7, 3, '2017-09-26', '2018-01-05', 50),
(1734, 1, 2, 2, 19, 49, 74, 7, 1, '2017-09-26', '2018-01-05', 37),
(1735, 3, 2, 2, 19, 49, 74, 7, 1, '2017-09-26', '2018-01-05', 37),
(1736, 4, 2, 2, 19, 49, 74, 7, 1, '2017-09-26', '2018-01-05', 37),
(1737, 2, 2, 2, 19, 49, 74, 7, 1, '2017-09-26', '2018-01-05', 37),
(1738, 1, 2, 2, 19, 49, 75, 7, 2, '2017-09-26', '2018-01-05', 39),
(1739, 3, 2, 2, 19, 49, 75, 7, 2, '2017-09-26', '2018-01-05', 39),
(1740, 4, 2, 2, 19, 49, 75, 7, 2, '2017-09-26', '2018-01-05', 39),
(1741, 2, 2, 2, 19, 49, 75, 7, 2, '2017-09-26', '2018-01-05', 39),
(1742, 1, 2, 3, 19, 131, 317, 7, 3, '2017-09-26', '2018-01-05', 36),
(1743, 3, 2, 3, 19, 131, 317, 7, 3, '2017-09-26', '2018-01-05', 36),
(1744, 4, 2, 3, 19, 131, 317, 7, 3, '2017-09-26', '2018-01-05', 36),
(1745, 2, 2, 3, 19, 131, 317, 7, 3, '2017-09-26', '2018-01-05', 36),
(1746, 1, 3, 2, 19, 43, 53, 3, 1, '2017-09-27', '2018-01-05', 49),
(1747, 3, 3, 2, 19, 43, 53, 3, 1, '2017-09-27', '2018-01-05', 49),
(1748, 4, 3, 2, 19, 43, 53, 3, 1, '2017-09-27', '2018-01-05', 49),
(1749, 2, 3, 2, 19, 43, 53, 3, 1, '2017-09-27', '2018-01-05', 49),
(1750, 1, 3, 2, 19, 43, 54, 3, 2, '2017-09-27', '2018-01-05', 49),
(1751, 3, 3, 2, 19, 43, 54, 3, 2, '2017-09-27', '2018-01-05', 49),
(1752, 4, 3, 2, 19, 43, 54, 3, 2, '2017-09-27', '2018-01-05', 49),
(1753, 2, 3, 2, 19, 43, 54, 3, 2, '2017-09-27', '2018-01-05', 49),
(1754, 1, 3, 3, 19, 313, 94, 7, 3, '2017-09-27', '2018-01-05', 50),
(1755, 3, 3, 3, 19, 313, 94, 7, 3, '2017-09-27', '2018-01-05', 50),
(1756, 4, 3, 3, 19, 313, 94, 7, 3, '2017-09-27', '2018-01-05', 50),
(1757, 2, 3, 3, 19, 313, 94, 7, 3, '2017-09-27', '2018-01-05', 50),
(1758, 1, 3, 4, 19, 131, 317, 7, 3, '2017-09-27', '2018-01-05', 38),
(1759, 3, 3, 4, 19, 131, 317, 7, 3, '2017-09-27', '2018-01-05', 38),
(1760, 4, 3, 4, 19, 131, 317, 7, 3, '2017-09-27', '2018-01-05', 38),
(1761, 2, 3, 4, 19, 131, 317, 7, 3, '2017-09-27', '2018-01-05', 38),
(1762, 1, 3, 5, 19, 37, 19, 7, 3, '2017-09-27', '2018-01-05', 34),
(1763, 3, 3, 5, 19, 37, 19, 7, 3, '2017-09-27', '2018-01-05', 34),
(1764, 4, 3, 5, 19, 37, 19, 7, 3, '2017-09-27', '2018-01-05', 34),
(1765, 2, 3, 5, 19, 37, 19, 7, 3, '2017-09-27', '2018-01-05', 34),
(1766, 1, 4, 2, 19, 23, 13, 7, 1, '2017-09-28', '2018-01-05', 21),
(1767, 3, 4, 2, 19, 23, 13, 7, 1, '2017-09-28', '2018-01-05', 21),
(1768, 1, 4, 2, 19, 23, 28, 7, 2, '2017-09-28', '2018-01-05', 22),
(1769, 3, 4, 2, 19, 23, 28, 7, 2, '2017-09-28', '2018-01-05', 22),
(1770, 4, 4, 2, 19, 90, 312, 7, 3, '2017-10-05', '2018-01-05', 13),
(1771, 2, 4, 2, 19, 90, 312, 7, 3, '2017-10-05', '2018-01-05', 13),
(1772, 1, 4, 3, 19, 49, 74, 7, 1, '2017-09-28', '2018-01-05', 37),
(1773, 3, 4, 3, 19, 49, 74, 7, 1, '2017-09-28', '2018-01-05', 37),
(1774, 4, 4, 3, 19, 49, 74, 7, 1, '2017-09-28', '2018-01-05', 37),
(1775, 2, 4, 3, 19, 49, 74, 7, 1, '2017-09-28', '2018-01-05', 37),
(1776, 1, 4, 3, 19, 49, 75, 7, 2, '2017-09-28', '2018-01-05', 39),
(1777, 3, 4, 3, 19, 49, 75, 7, 2, '2017-09-28', '2018-01-05', 39),
(1778, 4, 4, 3, 19, 49, 75, 7, 2, '2017-09-28', '2018-01-05', 39),
(1779, 2, 4, 3, 19, 49, 75, 7, 2, '2017-09-28', '2018-01-05', 39),
(1780, 1, 4, 4, 19, 34, 18, 7, 3, '2017-09-28', '2018-01-05', 34),
(1781, 3, 4, 4, 19, 34, 18, 7, 3, '2017-09-28', '2018-01-05', 34),
(1782, 4, 4, 4, 19, 34, 18, 7, 3, '2017-09-28', '2018-01-05', 34),
(1783, 2, 4, 4, 19, 34, 18, 7, 3, '2017-09-28', '2018-01-05', 34),
(1784, 1, 4, 5, 19, 136, 316, 7, 3, '2017-09-28', '2018-01-05', 41),
(1785, 3, 4, 5, 19, 136, 316, 7, 3, '2017-09-28', '2018-01-05', 41),
(1786, 4, 4, 5, 19, 136, 316, 7, 3, '2017-09-28', '2018-01-05', 41),
(1787, 2, 4, 5, 19, 136, 316, 7, 3, '2017-09-28', '2018-01-05', 41),
(1788, 1, 5, 1, 19, 16, 33, 7, 3, '2017-09-29', '2018-01-05', 30),
(1789, 3, 5, 1, 19, 16, 33, 7, 3, '2017-09-29', '2018-01-05', 30),
(1790, 4, 5, 1, 19, 16, 33, 7, 3, '2017-09-29', '2018-01-05', 30),
(1791, 2, 5, 1, 19, 16, 33, 7, 3, '2017-09-29', '2018-01-05', 30),
(1792, 1, 5, 2, 19, 23, 13, 7, 1, '2017-09-29', '2018-01-05', 49),
(1793, 3, 5, 2, 19, 23, 13, 7, 1, '2017-09-29', '2018-01-05', 49),
(1794, 4, 5, 2, 19, 23, 13, 7, 1, '2017-09-29', '2018-01-05', 49),
(1795, 2, 5, 2, 19, 23, 13, 7, 1, '2017-09-29', '2018-01-05', 49),
(1796, 1, 5, 2, 19, 23, 28, 7, 2, '2017-09-29', '2018-01-05', 21),
(1797, 3, 5, 2, 19, 23, 28, 7, 2, '2017-09-29', '2018-01-05', 21),
(1798, 4, 5, 2, 19, 23, 28, 7, 2, '2017-09-29', '2018-01-05', 21),
(1799, 2, 5, 2, 19, 23, 28, 7, 2, '2017-09-29', '2018-01-05', 21),
(1800, 1, 5, 3, 19, 43, 53, 3, 1, '2017-09-29', '2018-01-05', 49),
(1801, 3, 5, 3, 19, 43, 53, 3, 1, '2017-09-29', '2018-01-05', 49),
(1802, 4, 5, 3, 19, 43, 53, 3, 1, '2017-09-29', '2018-01-05', 49),
(1803, 2, 5, 3, 19, 43, 53, 3, 1, '2017-09-29', '2018-01-05', 49),
(1804, 1, 5, 3, 19, 43, 54, 3, 2, '2017-09-29', '2018-01-05', 49),
(1805, 3, 5, 3, 19, 43, 54, 3, 2, '2017-09-29', '2018-01-05', 49),
(1806, 4, 5, 3, 19, 43, 54, 3, 2, '2017-09-29', '2018-01-05', 49),
(1807, 2, 5, 3, 19, 43, 54, 3, 2, '2017-09-29', '2018-01-05', 49),
(1808, 1, 5, 4, 19, 19, 16, 7, 3, '2017-09-29', '2018-01-05', 29),
(1809, 3, 5, 4, 19, 19, 16, 7, 3, '2017-09-29', '2018-01-05', 29),
(1810, 4, 5, 4, 19, 19, 16, 7, 3, '2017-09-29', '2018-01-05', 29),
(1811, 2, 5, 4, 19, 19, 16, 7, 3, '2017-09-29', '2018-01-05', 29),
(1812, 1, 6, 3, 19, 80, 95, 7, 3, '2017-09-30', '2018-01-05', 23),
(1813, 3, 6, 3, 19, 80, 95, 7, 3, '2017-09-30', '2018-01-05', 23),
(1814, 4, 6, 3, 19, 80, 95, 7, 3, '2017-09-30', '2018-01-05', 23),
(1815, 2, 6, 3, 19, 80, 95, 7, 3, '2017-09-30', '2018-01-05', 23),
(1816, 1, 6, 4, 19, 131, 317, 7, 3, '2017-09-30', '2018-01-05', 36),
(1817, 3, 6, 4, 19, 131, 317, 7, 3, '2017-09-30', '2018-01-05', 36),
(1818, 4, 6, 4, 19, 131, 317, 7, 3, '2017-09-30', '2018-01-05', 36),
(1819, 2, 6, 4, 19, 131, 317, 7, 3, '2017-09-30', '2018-01-05', 36),
(1820, 1, 1, 1, 20, 313, 94, 7, 3, '2017-09-25', '2018-01-05', 50),
(1821, 3, 1, 1, 20, 313, 94, 7, 3, '2017-09-25', '2018-01-05', 50),
(1822, 4, 1, 1, 20, 313, 94, 7, 3, '2017-09-25', '2018-01-05', 50),
(1823, 2, 1, 1, 20, 313, 94, 7, 3, '2017-09-25', '2018-01-05', 50),
(1824, 1, 1, 2, 20, 19, 35, 7, 3, '2017-09-25', '2018-01-05', 28),
(1825, 3, 1, 2, 20, 19, 35, 7, 3, '2017-09-25', '2018-01-05', 28),
(1826, 4, 1, 2, 20, 19, 35, 7, 3, '2017-09-25', '2018-01-05', 28),
(1827, 2, 1, 2, 20, 19, 35, 7, 3, '2017-09-25', '2018-01-05', 28),
(1828, 1, 1, 3, 20, 43, 49, 3, 1, '2017-09-25', '2018-01-05', 49),
(1829, 3, 1, 3, 20, 43, 49, 3, 1, '2017-09-25', '2018-01-05', 49),
(1830, 4, 1, 3, 20, 43, 49, 3, 1, '2017-09-25', '2018-01-05', 49),
(1831, 2, 1, 3, 20, 43, 49, 3, 1, '2017-09-25', '2018-01-05', 49),
(1832, 1, 1, 3, 20, 43, 55, 3, 2, '2017-09-25', '2018-01-05', 49),
(1833, 3, 1, 3, 20, 43, 55, 3, 2, '2017-09-25', '2018-01-05', 49),
(1834, 4, 1, 3, 20, 43, 55, 3, 2, '2017-09-25', '2018-01-05', 49),
(1835, 2, 1, 3, 20, 43, 55, 3, 2, '2017-09-25', '2018-01-05', 49),
(1836, 1, 1, 4, 20, 37, 19, 7, 3, '2017-09-25', '2018-01-05', 34),
(1837, 3, 1, 4, 20, 37, 19, 7, 3, '2017-09-25', '2018-01-05', 34),
(1838, 4, 1, 4, 20, 37, 19, 7, 3, '2017-09-25', '2018-01-05', 34),
(1839, 2, 1, 4, 20, 37, 19, 7, 3, '2017-09-25', '2018-01-05', 34),
(1840, 1, 2, 2, 20, 136, 316, 7, 3, '2017-09-26', '2018-01-05', 36),
(1841, 3, 2, 2, 20, 136, 316, 7, 3, '2017-09-26', '2018-01-05', 36),
(1842, 4, 2, 2, 20, 136, 316, 7, 3, '2017-09-26', '2018-01-05', 36),
(1843, 2, 2, 2, 20, 136, 316, 7, 3, '2017-09-26', '2018-01-05', 36),
(1844, 1, 2, 3, 20, 49, 74, 7, 1, '2017-09-26', '2018-01-05', 37),
(1845, 3, 2, 3, 20, 49, 74, 7, 1, '2017-09-26', '2018-01-05', 37),
(1846, 4, 2, 3, 20, 49, 74, 7, 1, '2017-09-26', '2018-01-05', 37),
(1847, 2, 2, 3, 20, 49, 74, 7, 1, '2017-09-26', '2018-01-05', 37),
(1848, 1, 2, 3, 20, 49, 75, 7, 2, '2017-09-26', '2018-01-05', 39),
(1849, 3, 2, 3, 20, 49, 75, 7, 2, '2017-09-26', '2018-01-05', 39),
(1850, 4, 2, 3, 20, 49, 75, 7, 2, '2017-09-26', '2018-01-05', 39),
(1851, 2, 2, 3, 20, 49, 75, 7, 2, '2017-09-26', '2018-01-05', 39),
(1852, 1, 2, 4, 20, 16, 33, 7, 3, '2017-09-26', '2018-01-05', 30),
(1853, 3, 2, 4, 20, 16, 33, 7, 3, '2017-09-26', '2018-01-05', 30),
(1854, 4, 2, 4, 20, 16, 33, 7, 3, '2017-09-26', '2018-01-05', 30),
(1855, 2, 2, 4, 20, 16, 33, 7, 3, '2017-09-26', '2018-01-05', 30),
(1856, 1, 3, 3, 20, 43, 49, 3, 3, '2017-09-27', '2018-01-05', 49),
(1857, 3, 3, 3, 20, 43, 49, 3, 3, '2017-09-27', '2018-01-05', 49),
(1858, 4, 3, 3, 20, 43, 49, 3, 3, '2017-09-27', '2018-01-05', 49),
(1859, 2, 3, 3, 20, 43, 49, 3, 3, '2017-09-27', '2018-01-05', 49),
(1860, 1, 3, 3, 20, 43, 49, 3, 1, '2017-09-27', '2018-01-05', 49),
(1861, 3, 3, 3, 20, 43, 49, 3, 1, '2017-09-27', '2018-01-05', 49),
(1862, 4, 3, 3, 20, 43, 49, 3, 1, '2017-09-27', '2018-01-05', 49),
(1863, 2, 3, 3, 20, 43, 49, 3, 1, '2017-09-27', '2018-01-05', 49),
(1864, 1, 3, 3, 20, 43, 55, 3, 2, '2017-09-27', '2018-01-05', 49),
(1865, 3, 3, 3, 20, 43, 55, 3, 2, '2017-09-27', '2018-01-05', 49),
(1866, 4, 3, 3, 20, 43, 55, 3, 2, '2017-09-27', '2018-01-05', 49),
(1867, 2, 3, 3, 20, 43, 55, 3, 2, '2017-09-27', '2018-01-05', 49),
(1868, 1, 3, 4, 20, 313, 94, 7, 3, '2017-09-27', '2018-01-05', 50),
(1869, 3, 3, 4, 20, 313, 94, 7, 3, '2017-09-27', '2018-01-05', 50),
(1870, 4, 3, 4, 20, 313, 94, 7, 3, '2017-09-27', '2018-01-05', 50),
(1871, 2, 3, 4, 20, 313, 94, 7, 3, '2017-09-27', '2018-01-05', 50),
(1872, 1, 3, 5, 20, 131, 317, 7, 3, '2017-09-27', '2018-01-05', 38),
(1873, 3, 3, 5, 20, 131, 317, 7, 3, '2017-09-27', '2018-01-05', 38),
(1874, 4, 3, 5, 20, 131, 317, 7, 3, '2017-09-27', '2018-01-05', 38),
(1875, 2, 3, 5, 20, 131, 317, 7, 3, '2017-09-27', '2018-01-05', 38),
(1876, 1, 4, 1, 20, 23, 27, 7, 1, '2017-09-28', '2018-01-05', 33),
(1877, 3, 4, 1, 20, 23, 27, 7, 1, '2017-09-28', '2018-01-05', 33),
(1878, 4, 4, 1, 20, 90, 312, 7, 3, '2017-10-05', '2018-01-05', 26),
(1879, 2, 4, 1, 20, 90, 312, 7, 3, '2017-10-05', '2018-01-05', 26),
(1880, 1, 4, 2, 20, 49, 74, 7, 1, '2017-09-28', '2018-01-05', 37),
(1881, 3, 4, 2, 20, 49, 74, 7, 1, '2017-09-28', '2018-01-05', 37),
(1882, 4, 4, 2, 20, 49, 74, 7, 1, '2017-09-28', '2018-01-05', 37),
(1883, 2, 4, 2, 20, 49, 74, 7, 1, '2017-09-28', '2018-01-05', 37),
(1884, 1, 4, 2, 20, 49, 75, 7, 2, '2017-09-28', '2018-01-05', 39),
(1885, 3, 4, 2, 20, 49, 75, 7, 2, '2017-09-28', '2018-01-05', 39),
(1886, 4, 4, 2, 20, 49, 75, 7, 2, '2017-09-28', '2018-01-05', 39),
(1887, 2, 4, 2, 20, 49, 75, 7, 2, '2017-09-28', '2018-01-05', 39),
(1888, 1, 4, 3, 20, 34, 18, 7, 3, '2017-09-28', '2018-01-05', 34),
(1889, 3, 4, 3, 20, 34, 18, 7, 3, '2017-09-28', '2018-01-05', 34),
(1890, 4, 4, 3, 20, 34, 18, 7, 3, '2017-09-28', '2018-01-05', 34),
(1891, 2, 4, 3, 20, 34, 18, 7, 3, '2017-09-28', '2018-01-05', 34),
(1892, 1, 4, 4, 20, 136, 316, 7, 3, '2017-09-28', '2018-01-05', 41),
(1893, 3, 4, 4, 20, 136, 316, 7, 3, '2017-09-28', '2018-01-05', 41),
(1894, 4, 4, 4, 20, 136, 316, 7, 3, '2017-09-28', '2018-01-05', 41),
(1895, 2, 4, 4, 20, 136, 316, 7, 3, '2017-09-28', '2018-01-05', 41),
(1896, 1, 4, 5, 20, 23, 309, 7, 2, '2017-09-28', '2018-01-05', 21),
(1897, 3, 4, 5, 20, 23, 309, 7, 2, '2017-09-28', '2018-01-05', 21),
(1898, 1, 5, 2, 20, 314, 314, 7, 3, '2017-09-29', '2018-01-05', 39),
(1899, 3, 5, 2, 20, 314, 314, 7, 3, '2017-09-29', '2018-01-05', 39),
(1900, 4, 5, 2, 20, 314, 314, 7, 3, '2017-09-29', '2018-01-05', 39),
(1901, 2, 5, 2, 20, 314, 314, 7, 3, '2017-09-29', '2018-01-05', 39),
(1902, 1, 5, 3, 20, 43, 49, 7, 1, '2017-09-29', '2018-01-05', 49),
(1903, 3, 5, 3, 20, 43, 49, 7, 1, '2017-09-29', '2018-01-05', 49),
(1904, 4, 5, 3, 20, 43, 49, 7, 1, '2017-09-29', '2018-01-05', 49),
(1905, 2, 5, 3, 20, 43, 49, 7, 1, '2017-09-29', '2018-01-05', 49),
(1906, 1, 5, 3, 20, 43, 55, 7, 2, '2017-09-29', '2018-01-05', 49),
(1907, 3, 5, 3, 20, 43, 55, 7, 2, '2017-09-29', '2018-01-05', 49),
(1908, 4, 5, 3, 20, 43, 55, 7, 2, '2017-09-29', '2018-01-05', 49),
(1909, 2, 5, 3, 20, 43, 55, 7, 2, '2017-09-29', '2018-01-05', 49),
(1910, 1, 5, 4, 20, 313, 94, 7, 3, '2017-09-29', '2018-01-05', 50),
(1911, 3, 5, 4, 20, 313, 94, 7, 3, '2017-09-29', '2018-01-05', 50),
(1912, 4, 5, 4, 20, 313, 94, 7, 3, '2017-09-29', '2018-01-05', 50),
(1913, 2, 5, 4, 20, 313, 94, 7, 3, '2017-09-29', '2018-01-05', 50),
(1914, 1, 5, 5, 20, 131, 1, 7, 3, '2017-09-29', '2018-01-05', 39),
(1915, 3, 5, 5, 20, 131, 1, 7, 3, '2017-09-29', '2018-01-05', 39),
(1916, 2, 5, 5, 20, 131, 1, 7, 3, '2017-09-29', '2018-01-05', 39),
(1917, 4, 5, 5, 20, 131, 317, 7, 3, '2017-10-20', '2018-01-05', 39),
(1918, 1, 6, 2, 20, 23, 27, 7, 1, '2017-09-30', '2018-01-05', 33),
(1919, 3, 6, 2, 20, 23, 27, 7, 1, '2017-09-30', '2018-01-05', 33),
(1920, 4, 6, 2, 20, 23, 27, 7, 1, '2017-09-30', '2018-01-05', 33),
(1921, 2, 6, 2, 20, 23, 27, 7, 1, '2017-09-30', '2018-01-05', 33),
(1922, 1, 6, 3, 20, 131, 317, 7, 3, '2017-09-30', '2018-01-05', 36),
(1923, 3, 6, 3, 20, 131, 317, 7, 3, '2017-09-30', '2018-01-05', 36),
(1924, 4, 6, 3, 20, 131, 317, 7, 3, '2017-09-30', '2018-01-05', 36),
(1925, 2, 6, 3, 20, 131, 317, 7, 3, '2017-09-30', '2018-01-05', 36),
(1926, 1, 6, 4, 20, 80, 95, 7, 3, '2017-09-30', '2018-01-05', 23),
(1927, 3, 6, 4, 20, 80, 95, 7, 3, '2017-09-30', '2018-01-05', 23),
(1928, 4, 6, 4, 20, 80, 95, 7, 3, '2017-09-30', '2018-01-05', 23),
(1929, 2, 6, 4, 20, 80, 95, 7, 3, '2017-09-30', '2018-01-05', 23),
(1930, 1, 1, 3, 32, 47, 74, 7, 1, '2017-09-01', '2018-01-05', 37),
(1931, 3, 1, 3, 32, 47, 74, 7, 1, '2017-09-01', '2018-01-05', 37),
(1932, 1, 1, 3, 32, 47, 75, 7, 2, '2017-09-01', '2018-01-05', 39),
(1933, 3, 1, 3, 32, 47, 75, 7, 2, '2017-09-01', '2018-01-05', 39),
(1934, 2, 1, 3, 32, 129, 129, 7, 3, '2017-09-01', '2018-01-05', 41),
(1935, 4, 1, 3, 32, 129, 129, 7, 3, '2017-09-01', '2018-01-05', 41),
(1936, 2, 1, 4, 32, 43, 49, 3, 1, '2017-09-01', '2018-01-05', 49),
(1937, 1, 1, 4, 32, 43, 49, 3, 1, '2017-09-01', '2018-01-05', 49),
(1938, 3, 1, 4, 32, 43, 49, 3, 1, '2017-09-01', '2018-01-05', 49),
(1939, 4, 1, 4, 32, 43, 49, 3, 1, '2017-09-01', '2018-01-05', 49),
(1940, 2, 1, 4, 32, 43, 55, 3, 2, '2017-09-01', '2018-01-05', 49),
(1941, 1, 1, 4, 32, 43, 55, 3, 2, '2017-09-01', '2018-01-05', 49),
(1942, 3, 1, 4, 32, 43, 55, 3, 2, '2017-09-01', '2018-01-05', 49),
(1943, 4, 1, 4, 32, 43, 55, 3, 2, '2017-09-01', '2018-01-05', 49),
(1944, 2, 2, 2, 32, 150, 154, 7, 3, '2017-09-01', '2018-01-05', 17),
(1945, 4, 2, 2, 32, 150, 154, 7, 3, '2017-09-01', '2018-01-05', 17),
(1946, 2, 2, 3, 32, 171, 184, 7, 3, '2017-09-01', '2018-01-05', 55),
(1947, 1, 2, 3, 32, 171, 184, 7, 3, '2017-09-01', '2018-01-05', 55),
(1948, 3, 2, 3, 32, 171, 184, 7, 3, '2017-09-01', '2018-01-05', 55),
(1949, 4, 2, 3, 32, 171, 184, 7, 3, '2017-09-01', '2018-01-05', 55),
(1950, 1, 2, 4, 32, 129, 129, 7, 3, '2017-09-01', '2018-01-05', 41),
(1951, 3, 2, 4, 32, 129, 129, 7, 3, '2017-09-01', '2018-01-05', 41),
(1952, 2, 2, 4, 32, 47, 74, 7, 1, '2017-09-01', '2018-01-05', 37),
(1953, 4, 2, 4, 32, 47, 74, 7, 1, '2017-09-01', '2018-01-05', 37),
(1954, 2, 2, 4, 32, 47, 75, 7, 2, '2017-09-01', '2018-01-05', 39),
(1955, 4, 2, 4, 32, 47, 75, 7, 2, '2017-09-01', '2018-01-05', 39),
(1956, 2, 2, 5, 32, 304, 183, 7, 3, '2017-09-01', '2018-01-05', 52),
(1957, 1, 2, 5, 32, 304, 183, 7, 3, '2017-09-01', '2018-01-05', 52),
(1958, 3, 2, 5, 32, 304, 183, 7, 3, '2017-09-01', '2018-01-05', 52),
(1959, 4, 2, 5, 32, 304, 183, 7, 3, '2017-09-01', '2018-01-05', 52),
(1960, 1, 2, 6, 32, 100, 116, 7, 3, '2017-09-01', '2018-01-05', 13),
(1961, 3, 2, 6, 32, 100, 116, 7, 3, '2017-09-01', '2018-01-05', 13),
(1962, 2, 3, 2, 32, 164, 155, 7, 3, '2017-09-01', '2018-01-05', 14),
(1963, 1, 3, 2, 32, 164, 155, 7, 3, '2017-09-01', '2018-01-05', 14),
(1964, 3, 3, 2, 32, 164, 155, 7, 3, '2017-09-01', '2018-01-05', 14),
(1965, 4, 3, 2, 32, 164, 155, 7, 3, '2017-09-01', '2018-01-05', 14),
(1966, 2, 3, 3, 32, 51, 77, 7, 3, '2017-09-01', '2018-01-05', 9),
(1967, 1, 3, 3, 32, 51, 77, 7, 3, '2017-09-01', '2018-01-05', 9),
(1968, 3, 3, 3, 32, 51, 77, 7, 3, '2017-09-01', '2018-01-05', 9),
(1969, 4, 3, 3, 32, 51, 77, 7, 3, '2017-09-01', '2018-01-05', 9),
(1970, 2, 3, 4, 32, 43, 49, 3, 1, '2017-09-01', '2018-01-05', 49),
(1971, 1, 3, 4, 32, 43, 49, 3, 1, '2017-09-01', '2018-01-05', 49),
(1972, 3, 3, 4, 32, 43, 49, 3, 1, '2017-09-01', '2018-01-05', 49),
(1973, 4, 3, 4, 32, 43, 49, 3, 1, '2017-09-01', '2018-01-05', 49),
(1974, 2, 3, 4, 32, 43, 55, 3, 2, '2017-09-01', '2018-01-05', 49),
(1975, 1, 3, 4, 32, 43, 55, 3, 2, '2017-09-01', '2018-01-05', 49),
(1976, 3, 3, 4, 32, 43, 55, 3, 2, '2017-09-01', '2018-01-05', 49),
(1977, 4, 3, 4, 32, 43, 55, 3, 2, '2017-09-01', '2018-01-05', 49),
(1978, 2, 3, 5, 32, 129, 129, 7, 3, '2017-09-01', '2018-01-05', 40),
(1979, 1, 3, 5, 32, 129, 129, 7, 3, '2017-09-01', '2018-01-05', 40),
(1980, 3, 3, 5, 32, 129, 129, 7, 3, '2017-09-01', '2018-01-05', 40),
(1981, 4, 3, 5, 32, 129, 129, 7, 3, '2017-09-01', '2018-01-05', 40),
(1982, 2, 4, 2, 32, 164, 155, 7, 3, '2017-09-01', '2018-01-05', 14),
(1983, 1, 4, 2, 32, 164, 155, 7, 3, '2017-09-01', '2018-01-05', 14),
(1984, 3, 4, 2, 32, 164, 155, 7, 3, '2017-09-01', '2018-01-05', 14),
(1985, 4, 4, 2, 32, 164, 155, 7, 3, '2017-09-01', '2018-01-05', 14),
(1986, 2, 4, 3, 32, 51, 77, 7, 3, '2017-09-01', '2018-01-05', 9),
(1987, 1, 4, 3, 32, 51, 77, 7, 3, '2017-09-01', '2018-01-05', 9),
(1988, 3, 4, 3, 32, 51, 77, 7, 3, '2017-09-01', '2018-01-05', 9),
(1989, 4, 4, 3, 32, 51, 77, 7, 3, '2017-09-01', '2018-01-05', 9),
(1990, 2, 4, 4, 32, 173, 188, 7, 3, '2017-09-01', '2018-01-05', 4),
(1991, 1, 4, 4, 32, 173, 188, 7, 3, '2017-09-01', '2018-01-05', 4),
(1992, 3, 4, 4, 32, 173, 188, 7, 3, '2017-09-01', '2018-01-05', 4),
(1993, 4, 4, 4, 32, 173, 188, 7, 3, '2017-09-01', '2018-01-05', 4),
(1994, 1, 4, 5, 32, 171, 184, 7, 3, '2017-09-01', '2018-01-05', 55),
(1995, 3, 4, 5, 32, 171, 184, 7, 3, '2017-09-01', '2018-01-05', 55),
(1996, 2, 5, 2, 32, 171, 184, 7, 3, '2017-09-01', '2018-01-05', 55),
(1997, 1, 5, 2, 32, 171, 184, 7, 3, '2017-09-01', '2018-01-05', 55),
(1998, 3, 5, 2, 32, 171, 184, 7, 3, '2017-09-01', '2018-01-05', 55),
(1999, 4, 5, 2, 32, 171, 184, 7, 3, '2017-09-01', '2018-01-05', 55),
(2000, 2, 5, 3, 32, 150, 154, 7, 3, '2017-09-01', '2018-01-05', 18),
(2001, 1, 5, 3, 32, 150, 154, 7, 3, '2017-09-01', '2018-01-05', 18),
(2002, 3, 5, 3, 32, 150, 154, 7, 3, '2017-09-01', '2018-01-05', 18),
(2003, 4, 5, 3, 32, 150, 154, 7, 3, '2017-09-01', '2018-01-05', 18),
(2004, 2, 5, 4, 32, 43, 49, 3, 1, '2017-09-01', '2018-01-05', 49),
(2005, 1, 5, 4, 32, 43, 49, 3, 1, '2017-09-01', '2018-01-05', 49),
(2006, 3, 5, 4, 32, 43, 49, 3, 1, '2017-09-01', '2018-01-05', 49),
(2007, 4, 5, 4, 32, 43, 49, 3, 1, '2017-09-01', '2018-01-05', 49),
(2008, 2, 6, 2, 32, 100, 116, 7, 3, '2017-09-01', '2018-01-05', 13),
(2009, 1, 6, 2, 32, 100, 116, 7, 3, '2017-09-01', '2018-01-05', 13),
(2010, 3, 6, 2, 32, 100, 116, 7, 3, '2017-09-01', '2018-01-05', 13),
(2011, 4, 6, 2, 32, 100, 116, 7, 3, '2017-09-01', '2018-01-05', 13),
(2012, 2, 6, 3, 32, 304, 183, 7, 3, '2017-09-01', '2018-01-05', 1),
(2013, 1, 6, 3, 32, 304, 183, 7, 3, '2017-09-01', '2018-01-05', 1),
(2014, 3, 6, 3, 32, 304, 183, 7, 3, '2017-09-01', '2018-01-05', 1),
(2015, 4, 6, 3, 32, 304, 183, 7, 3, '2017-09-01', '2018-01-05', 1),
(2016, 2, 6, 4, 32, 173, 188, 7, 3, '2017-09-01', '2018-01-05', 7),
(2017, 4, 6, 4, 32, 173, 188, 7, 3, '2017-09-01', '2018-01-05', 7),
(2018, 4, 1, 3, 36, 204, 216, 7, 3, '2017-09-25', '2017-11-17', 27),
(2019, 2, 1, 3, 36, 204, 216, 7, 3, '2017-09-25', '2017-11-17', 27),
(2020, 3, 1, 3, 36, 204, 216, 7, 3, '2017-09-25', '2017-11-17', 27),
(2021, 1, 1, 3, 36, 204, 216, 7, 3, '2017-09-25', '2017-11-17', 27),
(2022, 4, 1, 4, 36, 23, 14, 7, 1, '2017-09-25', '2017-11-17', 22),
(2023, 2, 1, 4, 36, 23, 14, 7, 1, '2017-09-25', '2017-11-17', 22),
(2024, 3, 1, 4, 36, 23, 14, 7, 1, '2017-09-25', '2017-11-17', 22),
(2025, 1, 1, 4, 36, 23, 14, 7, 1, '2017-09-25', '2017-11-17', 22),
(2026, 4, 1, 4, 36, 23, 32, 7, 2, '2017-09-25', '2017-11-17', 21),
(2027, 2, 1, 4, 36, 23, 32, 7, 2, '2017-09-25', '2017-11-17', 21),
(2028, 3, 1, 4, 36, 23, 32, 7, 2, '2017-09-25', '2017-11-17', 21),
(2029, 1, 1, 4, 36, 23, 32, 7, 2, '2017-09-25', '2017-11-17', 21),
(2030, 4, 1, 5, 36, 43, 53, 3, 1, '2017-09-25', '2017-11-17', 49),
(2031, 2, 1, 5, 36, 43, 53, 3, 1, '2017-09-25', '2017-11-17', 49),
(2032, 3, 1, 5, 36, 43, 53, 3, 1, '2017-09-25', '2017-11-17', 49),
(2033, 1, 1, 5, 36, 43, 53, 3, 1, '2017-09-25', '2017-11-17', 49),
(2034, 4, 1, 5, 36, 43, 54, 3, 2, '2017-09-25', '2017-11-17', 49),
(2035, 2, 1, 5, 36, 43, 54, 3, 2, '2017-09-25', '2017-11-17', 49),
(2036, 3, 1, 5, 36, 43, 54, 3, 2, '2017-09-25', '2017-11-17', 49),
(2037, 1, 1, 5, 36, 43, 54, 3, 2, '2017-09-25', '2017-11-17', 49),
(2038, 4, 1, 6, 36, 83, 93, 7, 3, '2017-09-25', '2017-11-17', 35),
(2039, 2, 1, 6, 36, 83, 93, 7, 3, '2017-09-25', '2017-11-17', 35),
(2040, 3, 1, 6, 36, 83, 93, 7, 3, '2017-09-25', '2017-11-17', 35),
(2041, 1, 1, 6, 36, 83, 93, 7, 3, '2017-09-25', '2017-11-17', 35),
(2042, 3, 2, 2, 36, 204, 216, 7, 3, '2017-09-26', '2017-11-17', 27),
(2043, 1, 2, 2, 36, 204, 216, 7, 3, '2017-09-26', '2017-11-17', 27),
(2044, 4, 2, 2, 36, 23, 14, 7, 1, '2017-10-03', '2017-11-17', 22),
(2045, 2, 2, 2, 36, 23, 14, 7, 1, '2017-10-03', '2017-11-17', 22),
(2046, 4, 2, 2, 36, 23, 32, 7, 2, '2017-10-03', '2017-11-17', 26),
(2047, 2, 2, 2, 36, 23, 32, 7, 2, '2017-10-03', '2017-11-17', 26),
(2048, 3, 2, 3, 36, 179, 318, 7, 3, '2017-09-26', '2017-11-17', 2),
(2049, 1, 2, 3, 36, 179, 318, 7, 3, '2017-09-26', '2017-11-17', 2),
(2050, 4, 2, 3, 36, 205, 216, 7, 3, '2017-10-03', '2017-11-17', 27),
(2051, 2, 2, 3, 36, 205, 216, 7, 3, '2017-10-03', '2017-11-17', 27),
(2052, 4, 2, 4, 36, 179, 318, 7, 3, '2017-09-26', '2017-11-17', 2),
(2053, 2, 2, 4, 36, 179, 318, 7, 3, '2017-09-26', '2017-11-17', 2),
(2054, 3, 2, 4, 36, 179, 318, 7, 3, '2017-09-26', '2017-11-17', 2),
(2055, 1, 2, 4, 36, 179, 318, 7, 3, '2017-09-26', '2017-11-17', 2),
(2056, 4, 2, 5, 36, 128, 299, 7, 3, '2017-10-03', '2017-11-17', 43),
(2057, 2, 2, 5, 36, 128, 299, 7, 3, '2017-10-03', '2017-11-17', 43),
(2058, 4, 3, 2, 36, 205, 216, 7, 3, '2017-09-27', '2017-11-17', 27),
(2059, 2, 3, 2, 36, 205, 216, 7, 3, '2017-09-27', '2017-11-17', 27),
(2060, 3, 3, 2, 36, 205, 216, 7, 3, '2017-09-27', '2017-11-17', 27),
(2061, 1, 3, 2, 36, 205, 216, 7, 3, '2017-09-27', '2017-11-17', 27),
(2062, 4, 3, 3, 36, 128, 299, 7, 3, '2017-09-27', '2017-11-17', 36),
(2063, 2, 3, 3, 36, 128, 299, 7, 3, '2017-09-27', '2017-11-17', 36),
(2064, 3, 3, 3, 36, 128, 299, 7, 3, '2017-09-27', '2017-11-17', 36),
(2065, 1, 3, 3, 36, 128, 299, 7, 3, '2017-09-27', '2017-11-17', 36),
(2066, 4, 3, 4, 36, 43, 53, 3, 1, '2017-09-27', '2017-11-17', 49),
(2067, 2, 3, 4, 36, 43, 53, 3, 1, '2017-09-27', '2017-11-17', 49),
(2068, 3, 3, 4, 36, 43, 53, 3, 1, '2017-09-27', '2017-11-17', 49),
(2069, 1, 3, 4, 36, 43, 53, 3, 1, '2017-09-27', '2017-11-17', 49),
(2070, 4, 3, 4, 36, 43, 54, 3, 2, '2017-09-27', '2017-11-17', 49),
(2071, 2, 3, 4, 36, 43, 54, 3, 2, '2017-09-27', '2017-11-17', 49),
(2072, 3, 3, 4, 36, 43, 54, 3, 2, '2017-09-27', '2017-11-17', 49),
(2073, 1, 3, 4, 36, 43, 54, 3, 2, '2017-09-27', '2017-11-17', 49),
(2074, 4, 3, 5, 36, 176, 190, 7, 3, '2017-09-27', '2017-11-17', 3),
(2075, 2, 3, 5, 36, 176, 190, 7, 3, '2017-09-27', '2017-11-17', 3),
(2076, 3, 3, 5, 36, 176, 190, 7, 3, '2017-09-27', '2017-11-17', 3),
(2077, 1, 3, 5, 36, 176, 190, 7, 3, '2017-09-27', '2017-11-17', 3),
(2078, 4, 5, 3, 36, 180, 181, 7, 3, '2017-09-29', '2017-11-17', 3),
(2079, 2, 5, 3, 36, 180, 181, 7, 3, '2017-09-29', '2017-11-17', 3),
(2080, 3, 5, 3, 36, 180, 181, 7, 3, '2017-09-29', '2017-11-17', 3),
(2081, 1, 5, 3, 36, 180, 181, 7, 3, '2017-09-29', '2017-11-17', 3),
(2082, 4, 5, 4, 36, 205, 216, 7, 3, '2017-09-29', '2017-11-17', 27),
(2083, 2, 5, 4, 36, 205, 216, 7, 3, '2017-09-29', '2017-11-17', 27),
(2084, 3, 5, 4, 36, 205, 216, 7, 3, '2017-09-29', '2017-11-17', 27),
(2085, 1, 5, 4, 36, 205, 216, 7, 3, '2017-09-29', '2017-11-17', 27),
(2086, 4, 5, 5, 36, 43, 53, 3, 1, '2017-09-29', '2017-11-17', 49),
(2087, 2, 5, 5, 36, 43, 53, 3, 1, '2017-09-29', '2017-11-17', 49),
(2088, 3, 5, 5, 36, 43, 53, 3, 1, '2017-09-29', '2017-11-17', 49),
(2089, 1, 5, 5, 36, 43, 53, 3, 1, '2017-09-29', '2017-11-17', 49),
(2090, 4, 5, 5, 36, 43, 54, 3, 2, '2017-09-29', '2017-11-17', 49),
(2091, 2, 5, 5, 36, 43, 54, 3, 2, '2017-09-29', '2017-11-17', 49),
(2092, 3, 5, 5, 36, 43, 54, 3, 2, '2017-09-29', '2017-11-17', 49),
(2093, 1, 5, 5, 36, 43, 54, 3, 2, '2017-09-29', '2017-11-17', 49),
(2094, 4, 6, 1, 36, 176, 190, 7, 3, '2017-09-30', '2017-11-17', 1),
(2095, 2, 6, 1, 36, 176, 190, 7, 3, '2017-09-30', '2017-11-17', 1),
(2096, 3, 6, 1, 36, 176, 190, 7, 3, '2017-09-30', '2017-11-17', 1),
(2097, 1, 6, 1, 36, 176, 190, 7, 3, '2017-09-30', '2017-11-17', 1),
(2098, 4, 6, 2, 36, 180, 181, 7, 3, '2017-09-30', '2017-11-17', 3),
(2099, 2, 6, 2, 36, 180, 181, 7, 3, '2017-09-30', '2017-11-17', 3),
(2100, 3, 6, 2, 36, 180, 181, 7, 3, '2017-09-30', '2017-11-17', 3),
(2101, 1, 6, 2, 36, 180, 181, 7, 3, '2017-09-30', '2017-11-17', 3),
(2102, 4, 6, 3, 36, 180, 181, 7, 3, '2017-10-07', '2017-11-17', 3),
(2103, 2, 6, 3, 36, 180, 181, 7, 3, '2017-10-07', '2017-11-17', 3),
(2104, 3, 6, 3, 36, 83, 93, 7, 3, '2017-09-30', '2017-11-17', 35),
(2105, 1, 6, 3, 36, 83, 93, 7, 3, '2017-09-30', '2017-11-17', 35),
(2106, 4, 1, 4, 33, 204, 216, 7, 3, '2017-09-25', '2017-11-17', 27),
(2107, 2, 1, 4, 33, 204, 216, 7, 3, '2017-09-25', '2017-11-17', 27),
(2108, 3, 1, 4, 33, 204, 216, 7, 3, '2017-09-25', '2017-11-17', 27),
(2109, 1, 1, 4, 33, 204, 216, 7, 3, '2017-09-25', '2017-11-17', 27),
(2110, 4, 1, 5, 33, 43, 49, 3, 1, '2017-09-25', '2017-11-17', 49),
(2111, 2, 1, 5, 33, 43, 49, 3, 1, '2017-09-25', '2017-11-17', 49),
(2112, 3, 1, 5, 33, 43, 49, 3, 1, '2017-09-25', '2017-11-17', 49),
(2113, 1, 1, 5, 33, 43, 49, 3, 1, '2017-09-25', '2017-11-17', 49),
(2114, 4, 1, 5, 33, 43, 55, 3, 2, '2017-09-25', '2017-11-17', 49),
(2115, 2, 1, 5, 33, 43, 55, 3, 2, '2017-09-25', '2017-11-17', 49),
(2116, 3, 1, 5, 33, 43, 55, 3, 2, '2017-09-25', '2017-11-17', 49),
(2117, 1, 1, 5, 33, 43, 55, 3, 2, '2017-09-25', '2017-11-17', 49),
(2118, 4, 1, 6, 33, 298, 299, 7, 3, '2017-09-25', '2017-11-17', 43),
(2119, 2, 1, 6, 33, 298, 299, 7, 3, '2017-09-25', '2017-11-17', 43),
(2120, 3, 1, 6, 33, 298, 299, 7, 3, '2017-09-25', '2017-11-17', 43),
(2121, 1, 1, 6, 33, 298, 299, 7, 3, '2017-09-25', '2017-11-17', 43),
(2122, 4, 2, 2, 33, 205, 216, 7, 3, '2017-10-03', '2017-11-17', 27),
(2123, 2, 2, 2, 33, 205, 216, 7, 3, '2017-10-03', '2017-11-17', 27),
(2124, 4, 2, 3, 33, 298, 299, 7, 3, '2017-09-26', '2017-11-17', 40),
(2125, 3, 2, 3, 33, 298, 299, 7, 3, '2017-09-26', '2017-11-17', 40),
(2126, 1, 2, 3, 33, 298, 299, 7, 3, '2017-09-26', '2017-11-17', 40),
(2127, 2, 2, 3, 33, 298, 299, 7, 3, '2017-09-26', '2017-11-17', 40),
(2128, 3, 2, 4, 33, 204, 216, 7, 3, '2017-09-26', '2017-11-17', 27),
(2129, 1, 2, 4, 33, 204, 216, 7, 3, '2017-09-26', '2017-11-17', 27),
(2130, 4, 2, 4, 33, 23, 28, 7, 1, '2017-10-03', '2017-11-17', 22),
(2131, 2, 2, 4, 33, 23, 28, 7, 1, '2017-10-03', '2017-11-17', 22),
(2132, 4, 2, 4, 33, 23, 24, 7, 2, '2017-10-03', '2017-11-17', 21),
(2133, 2, 2, 4, 33, 23, 24, 7, 2, '2017-10-03', '2017-11-17', 21),
(2134, 4, 2, 5, 33, 141, 129, 7, 3, '2017-09-26', '2017-11-17', 41),
(2135, 3, 2, 5, 33, 141, 129, 7, 3, '2017-09-26', '2017-11-17', 41),
(2136, 1, 2, 5, 33, 141, 129, 7, 3, '2017-09-26', '2017-11-17', 41),
(2137, 2, 2, 5, 33, 141, 129, 7, 3, '2017-09-26', '2017-11-17', 41),
(2138, 3, 2, 6, 33, 141, 129, 7, 3, '2017-09-26', '2017-11-17', 41),
(2139, 1, 2, 6, 33, 141, 129, 7, 3, '2017-09-26', '2017-11-17', 41),
(2140, 4, 3, 3, 33, 205, 216, 7, 3, '2017-09-27', '2017-11-17', 27),
(2141, 3, 3, 3, 33, 205, 216, 7, 3, '2017-09-27', '2017-11-17', 27),
(2142, 1, 3, 3, 33, 205, 216, 7, 3, '2017-09-27', '2017-11-17', 27),
(2143, 2, 3, 3, 33, 205, 216, 7, 3, '2017-09-27', '2017-11-17', 27),
(2144, 4, 3, 4, 33, 130, 130, 7, 3, '2017-09-27', '2017-11-17', 43),
(2145, 3, 3, 4, 33, 130, 130, 7, 3, '2017-09-27', '2017-11-17', 43),
(2146, 1, 3, 4, 33, 130, 130, 7, 3, '2017-09-27', '2017-11-17', 43),
(2147, 2, 3, 4, 33, 130, 130, 7, 3, '2017-09-27', '2017-11-17', 43),
(2148, 4, 3, 5, 33, 43, 49, 3, 1, '2017-09-27', '2017-11-17', 49),
(2149, 3, 3, 5, 33, 43, 49, 3, 1, '2017-09-27', '2017-11-17', 49),
(2150, 1, 3, 5, 33, 43, 49, 3, 1, '2017-09-27', '2017-11-17', 49),
(2151, 2, 3, 5, 33, 43, 49, 3, 1, '2017-09-27', '2017-11-17', 49),
(2152, 4, 3, 5, 33, 43, 55, 3, 2, '2017-09-27', '2017-11-17', 49),
(2153, 3, 3, 5, 33, 43, 55, 3, 2, '2017-09-27', '2017-11-17', 49),
(2154, 1, 3, 5, 33, 43, 55, 3, 2, '2017-09-27', '2017-11-17', 49),
(2155, 2, 3, 5, 33, 43, 55, 3, 2, '2017-09-27', '2017-11-17', 49),
(2156, 4, 3, 6, 33, 141, 129, 7, 3, '2017-09-27', '2017-11-17', 40),
(2157, 3, 3, 6, 33, 141, 129, 7, 3, '2017-09-27', '2017-11-17', 40),
(2158, 1, 3, 6, 33, 141, 129, 7, 3, '2017-09-27', '2017-11-17', 40),
(2159, 2, 3, 6, 33, 141, 129, 7, 3, '2017-09-27', '2017-11-17', 40),
(2160, 4, 5, 3, 33, 205, 216, 7, 3, '2017-09-29', '2017-11-17', 27),
(2161, 3, 5, 3, 33, 205, 216, 7, 3, '2017-09-29', '2017-11-17', 27),
(2162, 1, 5, 3, 33, 205, 216, 7, 3, '2017-09-29', '2017-11-17', 27),
(2163, 2, 5, 3, 33, 205, 216, 7, 3, '2017-09-29', '2017-11-17', 27),
(2164, 4, 5, 4, 33, 130, 130, 7, 3, '2017-09-29', '2017-11-17', 43),
(2165, 3, 5, 4, 33, 130, 130, 7, 3, '2017-09-29', '2017-11-17', 43),
(2166, 1, 5, 4, 33, 130, 130, 7, 3, '2017-09-29', '2017-11-17', 43),
(2167, 2, 5, 4, 33, 130, 130, 7, 3, '2017-09-29', '2017-11-17', 43),
(2168, 4, 5, 5, 33, 43, 49, 3, 1, '2017-09-29', '2017-11-17', 49),
(2169, 3, 5, 5, 33, 43, 49, 3, 1, '2017-09-29', '2017-11-17', 49),
(2170, 1, 5, 5, 33, 43, 49, 3, 1, '2017-09-29', '2017-11-17', 49),
(2171, 2, 5, 5, 33, 43, 49, 3, 1, '2017-09-29', '2017-11-17', 49),
(2172, 4, 5, 5, 33, 43, 55, 3, 2, '2017-09-29', '2017-11-17', 49),
(2173, 3, 5, 5, 33, 43, 55, 3, 2, '2017-09-29', '2017-11-17', 49),
(2174, 1, 5, 5, 33, 43, 55, 3, 2, '2017-09-29', '2017-11-17', 49),
(2175, 2, 5, 5, 33, 43, 55, 3, 2, '2017-09-29', '2017-11-17', 49),
(2176, 4, 5, 6, 33, 83, 93, 7, 3, '2017-09-29', '2017-11-17', 35),
(2177, 3, 5, 6, 33, 83, 93, 7, 3, '2017-09-29', '2017-11-17', 35),
(2178, 1, 5, 6, 33, 83, 93, 7, 3, '2017-09-29', '2017-11-17', 35),
(2179, 2, 5, 6, 33, 83, 93, 7, 3, '2017-09-29', '2017-11-17', 35),
(2180, 3, 6, 2, 33, 83, 93, 7, 3, '2017-09-30', '2017-11-17', 35),
(2181, 1, 6, 2, 33, 83, 93, 7, 3, '2017-09-30', '2017-11-17', 35),
(2182, 4, 6, 2, 33, 130, 130, 7, 3, '2017-10-07', '2017-11-17', 43),
(2183, 2, 6, 2, 33, 130, 130, 7, 3, '2017-10-07', '2017-11-17', 43),
(2184, 4, 6, 3, 33, 23, 28, 7, 1, '2017-09-30', '2017-11-17', 29),
(2185, 3, 6, 3, 33, 23, 28, 7, 1, '2017-09-30', '2017-11-17', 29),
(2186, 1, 6, 3, 33, 23, 28, 7, 1, '2017-09-30', '2017-11-17', 29),
(2187, 2, 6, 3, 33, 23, 28, 7, 1, '2017-09-30', '2017-11-17', 29),
(2188, 4, 6, 3, 33, 23, 24, 7, 2, '2017-09-30', '2017-11-17', 21),
(2189, 3, 6, 3, 33, 23, 24, 7, 2, '2017-09-30', '2017-11-17', 21),
(2190, 1, 6, 3, 33, 23, 24, 7, 2, '2017-09-30', '2017-11-17', 21),
(2191, 2, 6, 3, 33, 23, 24, 7, 2, '2017-09-30', '2017-11-17', 21),
(2192, 4, 6, 4, 33, 298, 299, 7, 3, '2017-09-30', '2017-11-17', 40),
(2193, 3, 6, 4, 33, 298, 299, 7, 3, '2017-09-30', '2017-11-17', 40),
(2194, 1, 6, 4, 33, 298, 299, 7, 3, '2017-09-30', '2017-11-17', 40),
(2195, 2, 6, 4, 33, 298, 299, 7, 3, '2017-09-30', '2017-11-17', 40),
(2196, 3, 1, 2, 34, 204, 216, 7, 3, '2017-09-25', '2017-11-17', 27),
(2197, 1, 1, 2, 34, 204, 216, 7, 3, '2017-09-25', '2017-11-17', 27),
(2198, 4, 1, 2, 34, 204, 216, 7, 3, '2017-09-25', '2017-11-17', 27),
(2199, 2, 1, 2, 34, 204, 216, 7, 3, '2017-09-25', '2017-11-17', 27),
(2200, 3, 1, 3, 34, 298, 299, 7, 3, '2017-09-25', '2017-11-17', 38),
(2201, 1, 1, 3, 34, 298, 299, 7, 3, '2017-09-25', '2017-11-17', 38),
(2202, 4, 1, 3, 34, 298, 299, 7, 3, '2017-09-25', '2017-11-17', 38),
(2203, 2, 1, 3, 34, 298, 299, 7, 3, '2017-09-25', '2017-11-17', 38),
(2204, 3, 1, 4, 34, 141, 2, 7, 3, '2017-09-25', '2017-11-17', 42),
(2205, 1, 1, 4, 34, 141, 2, 7, 3, '2017-09-25', '2017-11-17', 42),
(2206, 4, 1, 4, 34, 141, 2, 7, 3, '2017-09-25', '2017-11-17', 42),
(2207, 2, 1, 4, 34, 141, 2, 7, 3, '2017-09-25', '2017-11-17', 42),
(2208, 3, 1, 5, 34, 43, 49, 3, 1, '2017-09-25', '2017-11-17', 49),
(2209, 1, 1, 5, 34, 43, 49, 3, 1, '2017-09-25', '2017-11-17', 49),
(2210, 4, 1, 5, 34, 43, 49, 3, 1, '2017-09-25', '2017-11-17', 49),
(2211, 2, 1, 5, 34, 43, 49, 3, 1, '2017-09-25', '2017-11-17', 49),
(2212, 3, 1, 5, 34, 43, 55, 3, 2, '2017-09-25', '2017-11-17', 49),
(2213, 1, 1, 5, 34, 43, 55, 3, 2, '2017-09-25', '2017-11-17', 49),
(2214, 4, 1, 5, 34, 43, 55, 3, 2, '2017-09-25', '2017-11-17', 49),
(2215, 2, 1, 5, 34, 43, 55, 3, 2, '2017-09-25', '2017-11-17', 49),
(2216, 1, 1, 1, 29, 164, 163, 7, 3, '2017-09-01', '2018-01-05', 17),
(2217, 3, 1, 1, 29, 164, 163, 7, 3, '2017-09-01', '2018-01-05', 17),
(2218, 1, 1, 2, 29, 171, 179, 7, 3, '2017-09-01', '2018-01-05', 55),
(2219, 4, 1, 2, 29, 171, 179, 7, 3, '2017-09-01', '2018-01-05', 55),
(2220, 2, 1, 2, 29, 171, 179, 7, 3, '2017-09-01', '2018-01-05', 55),
(2221, 3, 1, 2, 29, 171, 179, 7, 3, '2017-09-01', '2018-01-05', 55),
(2222, 1, 1, 3, 29, 171, 179, 7, 3, '2017-09-01', '2018-01-05', 55),
(2223, 3, 1, 3, 29, 171, 179, 7, 3, '2017-09-01', '2018-01-05', 55),
(2224, 4, 1, 3, 29, 47, 74, 7, 1, '2017-09-01', '2018-01-05', 37),
(2225, 2, 1, 3, 29, 47, 74, 7, 1, '2017-09-01', '2018-01-05', 37),
(2226, 4, 1, 3, 29, 47, 75, 7, 2, '2017-09-01', '2018-01-05', 39),
(2227, 2, 1, 3, 29, 47, 75, 7, 2, '2017-09-01', '2018-01-05', 39),
(2228, 1, 1, 4, 29, 51, 77, 7, 3, '2017-09-01', '2018-01-05', 9),
(2229, 4, 1, 4, 29, 51, 77, 7, 3, '2017-09-01', '2018-01-05', 9),
(2230, 2, 1, 4, 29, 51, 77, 7, 3, '2017-09-01', '2018-01-05', 9),
(2231, 3, 1, 4, 29, 51, 77, 7, 3, '2017-09-01', '2018-01-05', 9),
(2232, 4, 3, 1, 29, 129, 130, 7, 3, '2017-09-01', '2018-01-05', 43),
(2233, 2, 3, 1, 29, 129, 130, 7, 3, '2017-09-01', '2018-01-05', 43),
(2234, 1, 3, 2, 29, 100, 303, 7, 3, '2017-09-01', '2018-01-05', 13),
(2235, 4, 3, 2, 29, 100, 303, 7, 3, '2017-09-01', '2018-01-05', 13),
(2236, 2, 3, 2, 29, 100, 303, 7, 3, '2017-09-01', '2018-01-05', 13),
(2237, 3, 3, 2, 29, 100, 303, 7, 3, '2017-09-01', '2018-01-05', 13),
(2238, 1, 3, 3, 29, 43, 56, 3, 1, '2017-09-01', '2018-01-05', 49),
(2239, 4, 3, 3, 29, 43, 56, 3, 1, '2017-09-01', '2018-01-05', 49),
(2240, 2, 3, 3, 29, 43, 56, 3, 1, '2017-09-01', '2018-01-05', 49),
(2241, 3, 3, 3, 29, 43, 56, 3, 1, '2017-09-01', '2018-01-05', 49),
(2242, 1, 3, 3, 29, 43, 57, 3, 2, '2017-09-01', '2018-01-05', 49),
(2243, 4, 3, 3, 29, 43, 57, 3, 2, '2017-09-01', '2018-01-05', 49),
(2244, 2, 3, 3, 29, 43, 57, 3, 2, '2017-09-01', '2018-01-05', 49),
(2245, 3, 3, 3, 29, 43, 57, 3, 2, '2017-09-01', '2018-01-05', 49),
(2246, 4, 2, 1, 29, 129, 130, 7, 3, '2017-09-01', '2018-01-05', 43),
(2247, 2, 2, 1, 29, 129, 130, 7, 3, '2017-09-01', '2018-01-05', 43),
(2248, 1, 2, 2, 29, 100, 303, 7, 3, '2017-09-01', '2018-01-05', 13),
(2249, 4, 2, 2, 29, 100, 303, 7, 3, '2017-09-01', '2018-01-05', 13),
(2250, 2, 2, 2, 29, 100, 303, 7, 3, '2017-09-01', '2018-01-05', 13),
(2251, 3, 2, 2, 29, 100, 303, 7, 3, '2017-09-01', '2018-01-05', 13),
(2252, 1, 2, 3, 29, 43, 56, 3, 1, '2017-09-01', '2018-01-05', 49),
(2253, 4, 2, 3, 29, 43, 56, 3, 1, '2017-09-01', '2018-01-05', 49),
(2254, 2, 2, 3, 29, 43, 56, 3, 1, '2017-09-01', '2018-01-05', 49),
(2255, 3, 2, 3, 29, 43, 56, 3, 1, '2017-09-01', '2018-01-05', 49),
(2256, 1, 2, 3, 29, 43, 57, 3, 2, '2017-09-01', '2018-01-05', 49),
(2257, 4, 2, 3, 29, 43, 57, 3, 2, '2017-09-01', '2018-01-05', 49),
(2258, 2, 2, 3, 29, 43, 57, 3, 2, '2017-09-01', '2018-01-05', 49),
(2259, 3, 2, 3, 29, 43, 57, 3, 2, '2017-09-01', '2018-01-05', 49),
(2260, 1, 2, 4, 29, 150, 164, 7, 3, '2017-09-01', '2018-01-05', 49),
(2261, 4, 2, 4, 29, 150, 164, 7, 3, '2017-09-01', '2018-01-05', 49),
(2262, 2, 2, 4, 29, 150, 164, 7, 3, '2017-09-01', '2018-01-05', 49),
(2263, 3, 2, 4, 29, 150, 164, 7, 3, '2017-09-01', '2018-01-05', 49),
(2264, 1, 3, 1, 29, 51, 77, 7, 3, '2017-09-01', '2018-01-05', 9),
(2265, 4, 3, 1, 29, 51, 77, 7, 3, '2017-09-01', '2018-01-05', 9),
(2266, 2, 3, 1, 29, 51, 77, 7, 3, '2017-09-01', '2018-01-05', 9),
(2267, 3, 3, 1, 29, 51, 77, 7, 3, '2017-09-01', '2018-01-05', 9),
(2268, 1, 3, 2, 29, 129, 130, 7, 3, '2017-09-01', '2018-01-05', 43),
(2269, 4, 3, 2, 29, 129, 130, 7, 3, '2017-09-01', '2018-01-05', 43),
(2270, 2, 3, 2, 29, 129, 130, 7, 3, '2017-09-01', '2018-01-05', 43),
(2271, 3, 3, 2, 29, 129, 130, 7, 3, '2017-09-01', '2018-01-05', 43),
(2272, 1, 3, 3, 29, 304, 179, 7, 3, '2017-09-01', '2018-01-05', 2),
(2273, 4, 3, 3, 29, 304, 179, 7, 3, '2017-09-01', '2018-01-05', 2),
(2274, 2, 3, 3, 29, 304, 179, 7, 3, '2017-09-01', '2018-01-05', 2),
(2275, 3, 3, 3, 29, 304, 179, 7, 3, '2017-09-01', '2018-01-05', 2),
(2276, 1, 3, 4, 29, 164, 163, 7, 3, '2017-09-27', '2018-01-05', 17),
(2277, 1, 3, 4, 29, 164, 163, 7, 3, '2017-09-01', '2018-01-05', 17),
(2278, 4, 3, 4, 29, 164, 163, 7, 3, '2017-09-01', '2018-01-05', 17),
(2279, 2, 3, 4, 29, 164, 163, 7, 3, '2017-09-01', '2018-01-05', 17),
(2280, 3, 3, 4, 29, 164, 163, 7, 3, '2017-09-01', '2018-01-05', 17),
(2281, 1, 4, 1, 29, 129, 130, 7, 3, '2017-09-01', '2018-01-05', 43),
(2282, 3, 4, 1, 29, 129, 130, 7, 3, '2017-09-01', '2018-01-05', 43),
(2283, 1, 4, 2, 29, 150, 164, 7, 3, '2017-09-01', '2018-01-05', 3),
(2284, 3, 4, 2, 29, 150, 164, 7, 3, '2017-09-01', '2018-01-05', 3),
(2285, 4, 4, 2, 29, 129, 130, 7, 3, '2017-09-01', '2018-01-05', 43),
(2286, 2, 4, 2, 29, 129, 130, 7, 3, '2017-09-01', '2018-01-05', 43),
(2287, 1, 4, 3, 29, 43, 56, 3, 1, '2017-09-01', '2018-01-05', 49),
(2288, 4, 4, 3, 29, 43, 56, 3, 1, '2017-09-01', '2018-01-05', 49),
(2289, 2, 4, 3, 29, 43, 56, 3, 1, '2017-09-01', '2018-01-05', 49),
(2290, 3, 4, 3, 29, 43, 56, 3, 1, '2017-09-01', '2018-01-05', 49),
(2291, 1, 4, 3, 29, 43, 57, 3, 2, '2017-09-01', '2018-01-05', 49),
(2292, 4, 4, 3, 29, 43, 57, 3, 2, '2017-09-01', '2018-01-05', 49),
(2293, 2, 4, 3, 29, 43, 57, 3, 2, '2017-09-01', '2018-01-05', 49);
INSERT INTO Records (IdRecord, WeekNumber, [WeekDay], SubjOrdinalNumber, IdGroup, IdSubject, IdLecturer, IdSubjectType, IdSubjectFor, DateFrom, DateTo, IdClassroom) VALUES
(2294, 3, 4, 3, 29, 43, 57, 3, 2, '2017-09-01', '2018-01-05', 49),
(2295, 1, 4, 4, 29, 51, 77, 7, 3, '2017-09-01', '2018-01-05', 9),
(2296, 4, 4, 4, 29, 51, 77, 7, 3, '2017-09-01', '2018-01-05', 9),
(2297, 2, 4, 4, 29, 51, 77, 7, 3, '2017-09-01', '2018-01-05', 9),
(2298, 3, 4, 4, 29, 51, 77, 7, 3, '2017-09-01', '2018-01-05', 9),
(2299, 4, 4, 5, 29, 304, 179, 7, 3, '2017-09-01', '2018-01-05', 2),
(2300, 2, 4, 5, 29, 304, 179, 7, 3, '2017-09-01', '2018-01-05', 2),
(2301, 1, 5, 2, 29, 164, 163, 7, 3, '2017-09-01', '2018-01-05', 16),
(2302, 3, 5, 2, 29, 164, 163, 7, 3, '2017-09-01', '2018-01-05', 16),
(2303, 4, 5, 2, 29, 100, 303, 7, 3, '2017-09-01', '2018-01-05', 13),
(2304, 2, 5, 2, 29, 100, 303, 7, 3, '2017-09-01', '2018-01-05', 13),
(2305, 1, 5, 3, 29, 171, 179, 7, 3, '2017-09-01', '2018-01-05', 55),
(2306, 3, 5, 3, 29, 171, 179, 7, 3, '2017-09-01', '2018-01-05', 55),
(2307, 4, 5, 3, 29, 47, 74, 7, 1, '2017-09-01', '2018-01-05', 37),
(2308, 2, 5, 3, 29, 47, 74, 7, 1, '2017-09-01', '2018-01-05', 37),
(2309, 4, 5, 3, 29, 47, 75, 7, 2, '2017-09-01', '2018-01-05', 39),
(2310, 2, 5, 3, 29, 47, 75, 7, 2, '2017-09-01', '2018-01-05', 39),
(2311, 1, 5, 4, 29, 304, 179, 7, 3, '2017-09-01', '2018-01-05', 2),
(2312, 3, 5, 4, 29, 304, 179, 7, 3, '2017-09-01', '2018-01-05', 2),
(2313, 4, 5, 4, 29, 47, 74, 7, 1, '2017-09-01', '2018-01-05', 37),
(2314, 2, 5, 4, 29, 47, 74, 7, 1, '2017-09-01', '2018-01-05', 37),
(2315, 4, 5, 4, 29, 47, 75, 7, 2, '2017-09-01', '2018-01-05', 39),
(2316, 2, 5, 4, 29, 47, 75, 7, 2, '2017-09-01', '2018-01-05', 39),
(2317, 4, 5, 5, 29, 171, 179, 7, 3, '2017-09-01', '2018-01-05', 55),
(2318, 2, 5, 5, 29, 171, 179, 7, 3, '2017-09-01', '2018-01-05', 55),
(2319, 1, 6, 2, 29, 43, 56, 3, 1, '2017-09-01', '2018-01-05', 49),
(2320, 4, 6, 2, 29, 43, 56, 3, 1, '2017-09-01', '2018-01-05', 49),
(2321, 2, 6, 2, 29, 43, 56, 3, 1, '2017-09-01', '2018-01-05', 49),
(2322, 3, 6, 2, 29, 43, 56, 3, 1, '2017-09-01', '2018-01-05', 49),
(2323, 1, 6, 2, 29, 43, 57, 3, 2, '2017-09-01', '2018-01-05', 49),
(2324, 4, 6, 2, 29, 43, 57, 3, 2, '2017-09-01', '2018-01-05', 49),
(2325, 2, 6, 2, 29, 43, 57, 3, 2, '2017-09-01', '2018-01-05', 49),
(2326, 3, 6, 2, 29, 43, 57, 3, 2, '2017-09-01', '2018-01-05', 49),
(2327, 1, 6, 3, 29, 173, 188, 7, 3, '2017-09-01', '2018-01-05', 7),
(2328, 4, 6, 3, 29, 173, 188, 7, 3, '2017-09-01', '2018-01-05', 7),
(2329, 2, 6, 3, 29, 173, 188, 7, 3, '2017-09-01', '2018-01-05', 7),
(2330, 3, 6, 3, 29, 173, 188, 7, 3, '2017-09-01', '2018-01-05', 7),
(2331, 1, 6, 4, 29, 173, 188, 7, 3, '2017-09-01', '2018-01-05', 7),
(2332, 3, 6, 4, 29, 173, 188, 7, 3, '2017-09-01', '2018-01-05', 7),
(2333, 1, 1, 2, 30, 129, 129, 7, 3, '2017-09-01', '2018-01-05', 41),
(2334, 3, 1, 2, 30, 129, 129, 7, 3, '2017-09-01', '2018-01-05', 41),
(2335, 4, 1, 2, 30, 100, 303, 7, 3, '2017-09-01', '2018-01-05', 13),
(2336, 2, 1, 2, 30, 100, 303, 7, 3, '2017-09-01', '2018-01-05', 13),
(2337, 1, 1, 3, 30, 129, 129, 7, 3, '2017-09-01', '2018-01-05', 41),
(2338, 3, 1, 3, 30, 129, 129, 7, 3, '2017-09-01', '2018-01-05', 41),
(2339, 4, 1, 3, 30, 171, 179, 7, 3, '2017-09-01', '2018-01-05', 55),
(2340, 2, 1, 3, 30, 171, 179, 7, 3, '2017-09-01', '2018-01-05', 55),
(2341, 1, 1, 4, 30, 171, 179, 7, 3, '2017-09-01', '2018-01-05', 55),
(2342, 4, 1, 4, 30, 171, 179, 7, 3, '2017-09-01', '2018-01-05', 55),
(2343, 2, 1, 4, 30, 171, 179, 7, 3, '2017-09-01', '2018-01-05', 55),
(2344, 3, 1, 4, 30, 171, 179, 7, 3, '2017-09-01', '2018-01-05', 55),
(2345, 1, 1, 5, 30, 43, 53, 3, 1, '2017-09-01', '2018-01-05', 49),
(2346, 4, 1, 5, 30, 43, 53, 3, 1, '2017-09-01', '2018-01-05', 49),
(2347, 2, 1, 5, 30, 43, 53, 3, 1, '2017-09-01', '2018-01-05', 49),
(2348, 3, 1, 5, 30, 43, 53, 3, 1, '2017-09-01', '2018-01-05', 49),
(2349, 1, 1, 5, 30, 43, 54, 3, 2, '2017-09-01', '2018-01-05', 49),
(2350, 4, 1, 5, 30, 43, 54, 3, 2, '2017-09-01', '2018-01-05', 49),
(2351, 2, 1, 5, 30, 43, 54, 3, 2, '2017-09-01', '2018-01-05', 49),
(2352, 3, 1, 5, 30, 43, 54, 3, 2, '2017-09-01', '2018-01-05', 49),
(2353, 1, 2, 2, 30, 51, 78, 7, 3, '2017-09-01', '2018-01-05', 9),
(2354, 4, 2, 2, 30, 51, 78, 7, 3, '2017-09-01', '2018-01-05', 9),
(2355, 2, 2, 2, 30, 51, 78, 7, 3, '2017-09-01', '2018-01-05', 9),
(2356, 3, 2, 2, 30, 51, 78, 7, 3, '2017-09-01', '2018-01-05', 9),
(2357, 1, 2, 3, 30, 150, 164, 7, 3, '2017-09-01', '2018-01-05', 18),
(2358, 4, 2, 3, 30, 150, 164, 7, 3, '2017-09-01', '2018-01-05', 18),
(2359, 2, 2, 3, 30, 150, 164, 7, 3, '2017-09-01', '2018-01-05', 18),
(2360, 3, 2, 3, 30, 150, 164, 7, 3, '2017-09-01', '2018-01-05', 18),
(2361, 1, 2, 4, 30, 304, 183, 7, 3, '2017-09-01', '2018-01-05', 1),
(2362, 4, 2, 4, 30, 304, 183, 7, 3, '2017-09-01', '2018-01-05', 1),
(2363, 2, 2, 4, 30, 304, 183, 7, 3, '2017-09-01', '2018-01-05', 1),
(2364, 3, 2, 4, 30, 304, 183, 7, 3, '2017-09-01', '2018-01-05', 1),
(2365, 1, 2, 5, 30, 164, 156, 7, 3, '2017-09-01', '2018-01-05', 17),
(2366, 4, 2, 5, 30, 164, 156, 7, 3, '2017-09-01', '2018-01-05', 17),
(2367, 2, 2, 5, 30, 164, 156, 7, 3, '2017-09-01', '2018-01-05', 17),
(2368, 3, 2, 5, 30, 164, 156, 7, 3, '2017-09-01', '2018-01-05', 17),
(2369, 1, 3, 3, 30, 164, 156, 7, 3, '2017-09-01', '2018-01-05', 17),
(2370, 4, 3, 3, 30, 164, 156, 7, 3, '2017-09-01', '2018-01-05', 17),
(2371, 2, 3, 3, 30, 164, 156, 7, 3, '2017-09-01', '2018-01-05', 17),
(2372, 3, 3, 3, 30, 164, 156, 7, 3, '2017-09-01', '2018-01-05', 17),
(2373, 1, 3, 4, 30, 43, 53, 3, 1, '2017-09-01', '2018-01-05', 49),
(2374, 4, 3, 4, 30, 43, 53, 3, 1, '2017-09-01', '2018-01-05', 49),
(2375, 2, 3, 4, 30, 43, 53, 3, 1, '2017-09-01', '2018-01-05', 49),
(2376, 3, 3, 4, 30, 43, 53, 3, 1, '2017-09-01', '2018-01-05', 49),
(2377, 1, 3, 4, 30, 43, 54, 3, 2, '2017-09-01', '2018-01-05', 49),
(2378, 4, 3, 4, 30, 43, 54, 3, 2, '2017-09-01', '2018-01-05', 49),
(2379, 2, 3, 4, 30, 43, 54, 3, 2, '2017-09-01', '2018-01-05', 49),
(2380, 3, 3, 4, 30, 43, 54, 3, 2, '2017-09-01', '2018-01-05', 49),
(2381, 1, 3, 5, 30, 100, 303, 7, 3, '2017-09-01', '2018-01-05', 13),
(2382, 4, 3, 5, 30, 100, 303, 7, 3, '2017-09-01', '2018-01-05', 13),
(2383, 2, 3, 5, 30, 100, 303, 7, 3, '2017-09-01', '2018-01-05', 13),
(2384, 3, 3, 5, 30, 100, 303, 7, 3, '2017-09-01', '2018-01-05', 13),
(2385, 1, 3, 6, 30, 51, 78, 7, 3, '2017-09-01', '2018-01-05', 9),
(2386, 4, 3, 6, 30, 51, 78, 7, 3, '2017-09-01', '2018-01-05', 9),
(2387, 2, 3, 6, 30, 51, 78, 7, 3, '2017-09-01', '2018-01-05', 9),
(2388, 3, 3, 6, 30, 51, 78, 7, 3, '2017-09-01', '2018-01-05', 9),
(2389, 1, 4, 1, 30, 150, 164, 7, 3, '2017-09-01', '2018-01-05', 18),
(2390, 3, 4, 1, 30, 150, 164, 7, 3, '2017-09-01', '2018-01-05', 18),
(2391, 1, 4, 2, 30, 129, 129, 7, 3, '2017-09-01', '2018-01-05', 40),
(2392, 4, 4, 2, 30, 129, 129, 7, 3, '2017-09-01', '2018-01-05', 40),
(2393, 2, 4, 2, 30, 129, 129, 7, 3, '2017-09-01', '2018-01-05', 40),
(2394, 3, 4, 2, 30, 129, 129, 7, 3, '2017-09-01', '2018-01-05', 40),
(2395, 1, 4, 3, 30, 129, 129, 7, 3, '2017-09-01', '2018-01-05', 40),
(2396, 3, 4, 3, 30, 129, 129, 7, 3, '2017-09-01', '2018-01-05', 40),
(2397, 4, 4, 3, 30, 173, 188, 7, 3, '2017-09-01', '2018-01-05', 4),
(2398, 2, 4, 3, 30, 173, 188, 7, 3, '2017-09-01', '2018-01-05', 4),
(2399, 4, 4, 4, 30, 47, 74, 7, 1, '2017-09-01', '2018-01-05', 37),
(2400, 2, 4, 4, 30, 47, 74, 7, 1, '2017-09-01', '2018-01-05', 37),
(2401, 4, 4, 4, 30, 47, 75, 7, 2, '2017-09-01', '2018-01-05', 39),
(2402, 2, 4, 4, 30, 47, 75, 7, 2, '2017-09-01', '2018-01-05', 39),
(2403, 1, 5, 2, 30, 51, 78, 7, 3, '2017-09-01', '2018-01-05', 9),
(2404, 4, 5, 2, 30, 51, 78, 7, 3, '2017-09-01', '2018-01-05', 9),
(2405, 2, 5, 2, 30, 51, 78, 7, 3, '2017-09-01', '2018-01-05', 9),
(2406, 3, 5, 2, 30, 51, 78, 7, 3, '2017-09-01', '2018-01-05', 9),
(2407, 1, 5, 3, 30, 47, 74, 7, 1, '2017-09-01', '2018-01-05', 37),
(2408, 3, 5, 3, 30, 47, 74, 7, 1, '2017-09-01', '2018-01-05', 37),
(2409, 1, 5, 3, 30, 47, 75, 7, 2, '2017-09-01', '2018-01-05', 39),
(2410, 3, 5, 3, 30, 47, 75, 7, 2, '2017-09-01', '2018-01-05', 39),
(2411, 4, 5, 3, 30, 171, 179, 7, 3, '2017-09-01', '2018-01-05', 55),
(2412, 2, 5, 3, 30, 171, 179, 7, 3, '2017-09-01', '2018-01-05', 55),
(2413, 1, 5, 4, 30, 47, 74, 7, 1, '2017-09-01', '2018-01-05', 37),
(2414, 3, 5, 4, 30, 47, 74, 7, 1, '2017-09-01', '2018-01-05', 37),
(2415, 1, 5, 4, 30, 47, 75, 7, 2, '2017-09-01', '2018-01-05', 39),
(2416, 3, 5, 4, 30, 47, 75, 7, 2, '2017-09-01', '2018-01-05', 39),
(2417, 4, 5, 4, 30, 171, 179, 7, 3, '2017-09-01', '2018-01-05', 55),
(2418, 2, 5, 4, 30, 171, 179, 7, 3, '2017-09-01', '2018-01-05', 55),
(2419, 1, 5, 5, 30, 43, 53, 3, 1, '2017-09-01', '2018-01-05', 49),
(2420, 4, 5, 5, 30, 43, 53, 3, 1, '2017-09-01', '2018-01-05', 49),
(2421, 2, 5, 5, 30, 43, 53, 3, 1, '2017-09-01', '2018-01-05', 49),
(2422, 3, 5, 5, 30, 43, 53, 3, 1, '2017-09-01', '2018-01-05', 49),
(2423, 1, 5, 5, 30, 43, 54, 3, 2, '2017-09-01', '2018-01-05', 49),
(2424, 4, 5, 5, 30, 43, 54, 3, 2, '2017-09-01', '2018-01-05', 49),
(2425, 2, 5, 5, 30, 43, 54, 3, 2, '2017-09-01', '2018-01-05', 49),
(2426, 3, 5, 5, 30, 43, 54, 3, 2, '2017-09-01', '2018-01-05', 49),
(2427, 1, 6, 1, 30, 304, 183, 7, 3, '2017-09-01', '2018-01-05', 1),
(2428, 4, 6, 1, 30, 304, 183, 7, 3, '2017-09-01', '2018-01-05', 1),
(2429, 2, 6, 1, 30, 304, 183, 7, 3, '2017-09-01', '2018-01-05', 1),
(2430, 3, 6, 1, 30, 304, 183, 7, 3, '2017-09-01', '2018-01-05', 1),
(2431, 1, 6, 2, 30, 173, 188, 7, 3, '2017-09-01', '2018-01-05', 25),
(2432, 4, 6, 2, 30, 173, 188, 7, 3, '2017-09-01', '2018-01-05', 25),
(2433, 2, 6, 2, 30, 173, 188, 7, 3, '2017-09-01', '2018-01-05', 25),
(2434, 3, 6, 2, 30, 173, 188, 7, 3, '2017-09-01', '2018-01-05', 25),
(2435, 1, 1, 2, 31, 165, 152, 7, 3, '2017-09-01', '2018-01-05', 15),
(2436, 4, 1, 2, 31, 165, 152, 7, 3, '2017-09-01', '2018-01-05', 15),
(2437, 2, 1, 2, 31, 165, 152, 7, 3, '2017-09-01', '2018-01-05', 15),
(2438, 3, 1, 2, 31, 165, 152, 7, 3, '2017-09-01', '2018-01-05', 15),
(2439, 1, 1, 3, 31, 100, 303, 7, 3, '2017-09-01', '2018-01-05', 13),
(2440, 4, 1, 3, 31, 100, 303, 7, 3, '2017-09-01', '2018-01-05', 13),
(2441, 2, 1, 3, 31, 100, 303, 7, 3, '2017-09-01', '2018-01-05', 13),
(2442, 3, 1, 3, 31, 100, 303, 7, 3, '2017-09-01', '2018-01-05', 13),
(2443, 1, 1, 4, 31, 43, 53, 3, 1, '2017-09-01', '2018-01-05', 49),
(2444, 4, 1, 4, 31, 43, 53, 3, 1, '2017-09-01', '2018-01-05', 49),
(2445, 2, 1, 4, 31, 43, 53, 3, 1, '2017-09-01', '2018-01-05', 49),
(2446, 3, 1, 4, 31, 43, 53, 3, 1, '2017-09-01', '2018-01-05', 49),
(2447, 1, 1, 4, 31, 43, 54, 3, 2, '2017-09-01', '2018-01-05', 49),
(2448, 4, 1, 4, 31, 43, 54, 3, 2, '2017-09-01', '2018-01-05', 49),
(2449, 2, 1, 4, 31, 43, 54, 3, 2, '2017-09-01', '2018-01-05', 49),
(2450, 3, 1, 4, 31, 43, 54, 3, 2, '2017-09-01', '2018-01-05', 49),
(2451, 1, 2, 1, 31, 173, 185, 7, 3, '2017-09-01', '2018-01-05', 1),
(2452, 3, 2, 1, 31, 173, 185, 7, 3, '2017-09-01', '2018-01-05', 1),
(2453, 1, 2, 2, 31, 152, 305, 7, 3, '2017-09-01', '2018-01-05', 19),
(2454, 4, 2, 2, 31, 152, 305, 7, 3, '2017-09-01', '2018-01-05', 19),
(2455, 2, 2, 2, 31, 152, 305, 7, 3, '2017-09-01', '2018-01-05', 19),
(2456, 3, 2, 2, 31, 152, 305, 7, 3, '2017-09-01', '2018-01-05', 19),
(2457, 1, 2, 3, 31, 100, 303, 7, 3, '2017-09-01', '2018-01-05', 13),
(2458, 4, 2, 3, 31, 100, 303, 7, 3, '2017-09-01', '2018-01-05', 13),
(2459, 2, 2, 3, 31, 100, 303, 7, 3, '2017-09-01', '2018-01-05', 13),
(2460, 3, 2, 3, 31, 100, 303, 7, 3, '2017-09-01', '2018-01-05', 13),
(2461, 1, 2, 4, 31, 162, 166, 7, 3, '2017-09-01', '2018-01-05', 15),
(2462, 4, 2, 4, 31, 162, 166, 7, 3, '2017-09-01', '2018-01-05', 15),
(2463, 2, 2, 4, 31, 162, 166, 7, 3, '2017-09-01', '2018-01-05', 15),
(2464, 3, 2, 4, 31, 162, 166, 7, 3, '2017-09-01', '2018-01-05', 15),
(2465, 4, 2, 5, 31, 162, 166, 7, 3, '2017-09-01', '2018-01-05', 15),
(2466, 2, 2, 5, 31, 162, 166, 7, 3, '2017-09-01', '2018-01-05', 15),
(2467, 1, 3, 1, 31, 161, 166, 7, 3, '2017-09-01', '2018-01-05', 15),
(2468, 4, 3, 1, 31, 161, 166, 7, 3, '2017-09-01', '2018-01-05', 15),
(2469, 2, 3, 1, 31, 161, 166, 7, 3, '2017-09-01', '2018-01-05', 15),
(2470, 3, 3, 1, 31, 161, 166, 7, 3, '2017-09-01', '2018-01-05', 15),
(2471, 1, 3, 2, 31, 173, 185, 7, 3, '2017-09-01', '2018-01-05', 52),
(2472, 4, 3, 2, 31, 173, 185, 7, 3, '2017-09-01', '2018-01-05', 52),
(2473, 2, 3, 2, 31, 173, 185, 7, 3, '2017-09-01', '2018-01-05', 52),
(2474, 3, 3, 2, 31, 173, 185, 7, 3, '2017-09-01', '2018-01-05', 52),
(2475, 1, 3, 3, 31, 43, 53, 3, 1, '2017-09-01', '2018-01-05', 49),
(2476, 4, 3, 3, 31, 43, 53, 3, 1, '2017-09-01', '2018-01-05', 49),
(2477, 2, 3, 3, 31, 43, 53, 3, 1, '2017-09-01', '2018-01-05', 49),
(2478, 3, 3, 3, 31, 43, 53, 3, 1, '2017-09-01', '2018-01-05', 49),
(2479, 1, 3, 3, 31, 43, 54, 3, 2, '2017-09-01', '2018-01-05', 49),
(2480, 4, 3, 3, 31, 43, 54, 3, 2, '2017-09-01', '2018-01-05', 49),
(2481, 2, 3, 3, 31, 43, 54, 3, 2, '2017-09-01', '2018-01-05', 49),
(2482, 3, 3, 3, 31, 43, 54, 3, 2, '2017-09-01', '2018-01-05', 49),
(2483, 1, 3, 4, 31, 165, 152, 7, 3, '2017-09-01', '2018-01-05', 15),
(2484, 4, 3, 4, 31, 165, 152, 7, 3, '2017-09-01', '2018-01-05', 15),
(2485, 2, 3, 4, 31, 165, 152, 7, 3, '2017-09-01', '2018-01-05', 15),
(2486, 3, 3, 4, 31, 165, 152, 7, 3, '2017-09-01', '2018-01-05', 15),
(2487, 1, 4, 3, 31, 161, 166, 7, 3, '2017-09-01', '2018-01-05', 15),
(2488, 4, 4, 3, 31, 161, 166, 7, 3, '2017-09-01', '2018-01-05', 15),
(2489, 2, 4, 3, 31, 161, 166, 7, 3, '2017-09-01', '2018-01-05', 15),
(2490, 3, 4, 3, 31, 161, 166, 7, 3, '2017-09-01', '2018-01-05', 15),
(2491, 1, 4, 4, 31, 150, 148, 7, 3, '2017-09-01', '2018-01-05', 14),
(2492, 4, 4, 4, 31, 150, 148, 7, 3, '2017-09-01', '2018-01-05', 14),
(2493, 2, 4, 4, 31, 150, 148, 7, 3, '2017-09-01', '2018-01-05', 14),
(2494, 3, 4, 4, 31, 150, 148, 7, 3, '2017-09-01', '2018-01-05', 14),
(2495, 1, 4, 5, 31, 51, 78, 7, 3, '2017-09-01', '2018-01-05', 9),
(2496, 4, 4, 5, 31, 51, 78, 7, 3, '2017-09-01', '2018-01-05', 9),
(2497, 2, 4, 5, 31, 51, 78, 7, 3, '2017-09-01', '2018-01-05', 9),
(2498, 3, 4, 5, 31, 51, 78, 7, 3, '2017-09-01', '2018-01-05', 9),
(2499, 1, 4, 6, 31, 83, 93, 7, 3, '2017-09-01', '2018-01-05', 35),
(2500, 4, 4, 6, 31, 83, 93, 7, 3, '2017-09-01', '2018-01-05', 35),
(2501, 2, 4, 6, 31, 83, 93, 7, 3, '2017-09-01', '2018-01-05', 35),
(2502, 3, 4, 6, 31, 83, 93, 7, 3, '2017-09-01', '2018-01-05', 35),
(2503, 1, 5, 2, 31, 152, 305, 7, 3, '2017-09-01', '2018-01-05', 19),
(2504, 4, 5, 2, 31, 152, 305, 7, 3, '2017-09-01', '2018-01-05', 19),
(2505, 2, 5, 2, 31, 152, 305, 7, 3, '2017-09-01', '2018-01-05', 19),
(2506, 3, 5, 2, 31, 152, 305, 7, 3, '2017-09-01', '2018-01-05', 19),
(2507, 1, 5, 3, 31, 51, 78, 7, 3, '2017-09-01', '2018-01-05', 9),
(2508, 4, 5, 3, 31, 51, 78, 7, 3, '2017-09-01', '2018-01-05', 9),
(2509, 2, 5, 3, 31, 51, 78, 7, 3, '2017-09-01', '2018-01-05', 9),
(2510, 3, 5, 3, 31, 51, 78, 7, 3, '2017-09-01', '2018-01-05', 9),
(2511, 1, 5, 4, 31, 43, 53, 3, 1, '2017-09-01', '2018-01-05', 49),
(2512, 4, 5, 4, 31, 43, 53, 3, 1, '2017-09-01', '2018-01-05', 49),
(2513, 2, 5, 4, 31, 43, 53, 3, 1, '2017-09-01', '2018-01-05', 49),
(2514, 3, 5, 4, 31, 43, 53, 3, 1, '2017-09-01', '2018-01-05', 49),
(2515, 1, 5, 4, 31, 43, 54, 3, 2, '2017-09-01', '2018-01-05', 49),
(2516, 4, 5, 4, 31, 43, 54, 3, 2, '2017-09-01', '2018-01-05', 49),
(2517, 2, 5, 4, 31, 43, 54, 3, 2, '2017-09-01', '2018-01-05', 49),
(2518, 3, 5, 4, 31, 43, 54, 3, 2, '2017-09-01', '2018-01-05', 49),
(2519, 1, 6, 2, 31, 150, 148, 7, 3, '2017-09-01', '2018-01-05', 17),
(2520, 4, 6, 2, 31, 150, 148, 7, 3, '2017-09-01', '2018-01-05', 17),
(2521, 2, 6, 2, 31, 150, 148, 7, 3, '2017-09-01', '2018-01-05', 17),
(2522, 3, 6, 2, 31, 150, 148, 7, 3, '2017-09-01', '2018-01-05', 17),
(2523, 1, 6, 3, 31, 51, 78, 7, 3, '2017-09-01', '2018-01-05', 9),
(2524, 3, 6, 3, 31, 51, 78, 7, 3, '2017-09-01', '2018-01-05', 9),
(2525, 4, 6, 3, 31, 150, 148, 7, 3, '2017-09-01', '2018-01-05', 17),
(2526, 2, 6, 3, 31, 150, 148, 7, 3, '2017-09-01', '2018-01-05', 17),
(2527, 1, 6, 4, 31, 83, 93, 7, 3, '2017-09-01', '2018-01-05', 35),
(2528, 3, 6, 4, 31, 83, 93, 7, 3, '2017-09-01', '2018-01-05', 35),
(2529, 2, 1, 2, 13, 100, 320, 7, 3, '2017-09-01', '2017-09-25', 36),
(2530, 3, 1, 2, 13, 100, 320, 7, 3, '2017-09-01', '2017-09-25', 36),
(2531, 4, 1, 2, 13, 100, 320, 7, 3, '2017-09-01', '2017-09-25', 36),
(2532, 1, 1, 2, 13, 100, 320, 7, 3, '2017-09-01', '2017-09-25', 36),
(2533, 2, 1, 3, 13, 165, 152, 7, 3, '2017-09-01', '2018-01-05', 15),
(2534, 3, 1, 3, 13, 165, 152, 7, 3, '2017-09-01', '2018-01-05', 15),
(2535, 4, 1, 3, 13, 165, 152, 7, 3, '2017-09-01', '2018-01-05', 15),
(2536, 1, 1, 3, 13, 165, 152, 7, 3, '2017-09-01', '2018-01-05', 15),
(2537, 2, 1, 4, 13, 150, 154, 7, 3, '2017-09-01', '2018-01-05', 17),
(2538, 3, 1, 4, 13, 150, 154, 7, 3, '2017-09-01', '2018-01-05', 17),
(2539, 4, 1, 4, 13, 150, 154, 7, 3, '2017-09-01', '2018-01-05', 17),
(2540, 1, 1, 4, 13, 150, 154, 7, 3, '2017-09-01', '2018-01-05', 17),
(2541, 2, 3, 1, 13, 173, 185, 7, 3, '2017-09-01', '2018-01-05', 1),
(2542, 4, 3, 1, 13, 173, 185, 7, 3, '2017-09-01', '2018-01-05', 1),
(2543, 2, 2, 1, 13, 173, 185, 7, 3, '2017-09-01', '2018-01-05', 52),
(2544, 4, 2, 1, 13, 173, 185, 7, 3, '2017-09-01', '2018-01-05', 52),
(2545, 2, 2, 2, 13, 173, 185, 7, 3, '2017-09-01', '2018-01-05', 1),
(2546, 3, 2, 2, 13, 173, 185, 7, 3, '2017-09-01', '2018-01-05', 1),
(2547, 4, 2, 2, 13, 173, 185, 7, 3, '2017-09-01', '2018-01-05', 1),
(2548, 1, 2, 2, 13, 173, 185, 7, 3, '2017-09-01', '2018-01-05', 1),
(2549, 2, 2, 3, 13, 152, 305, 7, 3, '2017-09-01', '2018-01-05', 19),
(2550, 3, 2, 3, 13, 152, 305, 7, 3, '2017-09-01', '2018-01-05', 19),
(2551, 4, 2, 3, 13, 152, 305, 7, 3, '2017-09-01', '2018-01-05', 19),
(2552, 1, 2, 3, 13, 152, 305, 7, 3, '2017-09-01', '2018-01-05', 19),
(2553, 2, 2, 4, 13, 43, 51, 3, 1, '2017-09-01', '2018-01-05', 49),
(2554, 3, 2, 4, 13, 43, 51, 3, 1, '2017-09-01', '2018-01-05', 49),
(2555, 4, 2, 4, 13, 43, 51, 3, 1, '2017-09-01', '2018-01-05', 49),
(2556, 1, 2, 4, 13, 43, 51, 3, 1, '2017-09-01', '2018-01-05', 49),
(2557, 2, 2, 4, 13, 43, 43, 3, 2, '2017-09-01', '2018-01-05', 49),
(2558, 3, 2, 4, 13, 43, 43, 3, 2, '2017-09-01', '2018-01-05', 49),
(2559, 4, 2, 4, 13, 43, 43, 3, 2, '2017-09-01', '2018-01-05', 49),
(2560, 1, 2, 4, 13, 43, 43, 3, 2, '2017-09-01', '2018-01-05', 49),
(2561, 3, 2, 5, 13, 161, 166, 7, 3, '2017-09-01', '2018-01-05', 15),
(2562, 1, 2, 5, 13, 161, 166, 7, 3, '2017-09-01', '2018-01-05', 15),
(2563, 2, 3, 1, 13, 100, 320, 7, 3, '2017-09-01', '2018-01-05', 27),
(2564, 3, 3, 1, 13, 100, 320, 7, 3, '2017-09-01', '2018-01-05', 27),
(2565, 4, 3, 1, 13, 100, 320, 7, 3, '2017-09-01', '2018-01-05', 27),
(2566, 1, 3, 1, 13, 100, 320, 7, 3, '2017-09-01', '2018-01-05', 27),
(2567, 2, 3, 2, 13, 161, 166, 7, 3, '2017-09-01', '2018-01-05', 15),
(2568, 3, 3, 2, 13, 161, 166, 7, 3, '2017-09-01', '2018-01-05', 15),
(2569, 4, 3, 2, 13, 161, 166, 7, 3, '2017-09-01', '2018-01-05', 15),
(2570, 1, 3, 2, 13, 161, 166, 7, 3, '2017-09-01', '2018-01-05', 15),
(2571, 2, 3, 3, 13, 165, 152, 7, 3, '2017-09-01', '2018-01-05', 15),
(2572, 3, 3, 3, 13, 165, 152, 7, 3, '2017-09-01', '2018-01-05', 15),
(2573, 4, 3, 3, 13, 165, 152, 7, 3, '2017-09-01', '2018-01-05', 15),
(2574, 1, 3, 3, 13, 165, 152, 7, 3, '2017-09-01', '2018-01-05', 15),
(2575, 3, 3, 4, 13, 162, 166, 7, 3, '2017-09-01', '2018-01-05', 16),
(2576, 1, 3, 4, 13, 162, 166, 7, 3, '2017-09-01', '2018-01-05', 16),
(2577, 2, 3, 4, 13, 161, 166, 7, 3, '2017-09-01', '2018-01-05', 16),
(2578, 4, 3, 4, 13, 161, 166, 7, 3, '2017-09-01', '2018-01-05', 16),
(2579, 2, 4, 4, 13, 43, 51, 3, 1, '2017-09-01', '2018-01-05', 49),
(2580, 3, 4, 4, 13, 43, 51, 3, 1, '2017-09-01', '2018-01-05', 49),
(2581, 4, 4, 4, 13, 43, 51, 3, 1, '2017-09-01', '2018-01-05', 49),
(2582, 1, 4, 4, 13, 43, 51, 3, 1, '2017-09-01', '2018-01-05', 49),
(2583, 2, 4, 4, 13, 43, 43, 3, 2, '2017-09-01', '2018-01-05', 49),
(2584, 3, 4, 4, 13, 43, 43, 3, 2, '2017-09-01', '2018-01-05', 49),
(2585, 4, 4, 4, 13, 43, 43, 3, 2, '2017-09-01', '2018-01-05', 49),
(2586, 1, 4, 4, 13, 43, 43, 3, 2, '2017-09-01', '2018-01-05', 49),
(2587, 2, 4, 5, 13, 162, 166, 7, 3, '2017-09-01', '2018-01-05', 15),
(2588, 3, 4, 5, 13, 162, 166, 7, 3, '2017-09-01', '2018-01-05', 15),
(2589, 4, 4, 5, 13, 162, 166, 7, 3, '2017-09-01', '2018-01-05', 15),
(2590, 1, 4, 5, 13, 162, 166, 7, 3, '2017-09-01', '2018-01-05', 15),
(2591, 2, 4, 6, 13, 51, 78, 7, 3, '2017-09-01', '2018-01-05', 9),
(2592, 3, 4, 6, 13, 51, 78, 7, 3, '2017-09-01', '2018-01-05', 9),
(2593, 4, 4, 6, 13, 51, 78, 7, 3, '2017-09-01', '2018-01-05', 9),
(2594, 1, 4, 6, 13, 51, 78, 7, 3, '2017-09-01', '2018-01-05', 9),
(2595, 3, 5, 2, 13, 150, 154, 7, 3, '2017-09-01', '2018-01-05', 17),
(2596, 1, 5, 2, 13, 150, 154, 7, 3, '2017-09-01', '2018-01-05', 17),
(2597, 2, 5, 3, 13, 152, 305, 7, 3, '2017-09-01', '2018-01-05', 19),
(2598, 3, 5, 3, 13, 152, 305, 7, 3, '2017-09-01', '2018-01-05', 19),
(2599, 4, 5, 3, 13, 152, 305, 7, 3, '2017-09-01', '2018-01-05', 19),
(2600, 1, 5, 3, 13, 152, 305, 7, 3, '2017-09-01', '2018-01-05', 19),
(2601, 2, 5, 4, 13, 51, 78, 7, 3, '2017-09-01', '2018-01-05', 9),
(2602, 3, 5, 4, 13, 51, 78, 7, 3, '2017-09-01', '2018-01-05', 9),
(2603, 4, 5, 4, 13, 51, 78, 7, 3, '2017-09-01', '2018-01-05', 9),
(2604, 1, 5, 4, 13, 51, 78, 7, 3, '2017-09-01', '2018-01-05', 9),
(2605, 2, 5, 5, 13, 150, 154, 7, 3, '2017-09-01', '2018-01-05', 17),
(2606, 3, 5, 5, 13, 150, 154, 7, 3, '2017-09-01', '2018-01-05', 17),
(2607, 4, 5, 5, 13, 150, 154, 7, 3, '2017-09-01', '2018-01-05', 17),
(2608, 1, 5, 5, 13, 150, 154, 7, 3, '2017-09-01', '2018-01-05', 17),
(2609, 2, 5, 6, 13, 83, 321, 7, 3, '2017-09-01', '2018-01-05', 34),
(2610, 4, 5, 6, 13, 83, 321, 7, 3, '2017-09-01', '2018-01-05', 34),
(2611, 2, 6, 2, 13, 83, 321, 7, 3, '2017-09-01', '2018-01-05', 6),
(2612, 3, 6, 2, 13, 83, 321, 7, 3, '2017-09-01', '2018-01-05', 6),
(2613, 4, 6, 2, 13, 83, 321, 7, 3, '2017-09-01', '2018-01-05', 6),
(2614, 1, 6, 2, 13, 83, 321, 7, 3, '2017-09-01', '2018-01-05', 6),
(2615, 2, 6, 3, 13, 43, 51, 3, 1, '2017-09-01', '2018-01-05', 49),
(2616, 3, 6, 3, 13, 43, 51, 3, 1, '2017-09-01', '2018-01-05', 49),
(2617, 4, 6, 3, 13, 43, 51, 3, 1, '2017-09-01', '2018-01-05', 49),
(2618, 1, 6, 3, 13, 43, 51, 3, 1, '2017-09-01', '2018-01-05', 49),
(2619, 2, 6, 3, 13, 43, 43, 3, 2, '2017-09-01', '2018-01-05', 49),
(2620, 3, 6, 3, 13, 43, 43, 3, 2, '2017-09-01', '2018-01-05', 49),
(2621, 4, 6, 3, 13, 43, 43, 3, 2, '2017-09-01', '2018-01-05', 49),
(2622, 1, 6, 3, 13, 43, 43, 3, 2, '2017-09-01', '2018-01-05', 49),
(2623, 3, 6, 4, 13, 51, 78, 7, 3, '2017-09-01', '2018-01-05', 9),
(2624, 1, 6, 4, 13, 51, 78, 7, 3, '2017-09-01', '2018-01-05', 9),
(2625, 2, 2, 2, 34, 298, 299, 7, 3, '2017-09-26', '2017-11-17', 40),
(2626, 3, 2, 2, 34, 298, 299, 7, 3, '2017-09-26', '2017-11-17', 40),
(2627, 4, 2, 2, 34, 298, 299, 7, 3, '2017-09-26', '2017-11-17', 40),
(2628, 1, 2, 2, 34, 298, 299, 7, 3, '2017-09-26', '2017-11-17', 40),
(2629, 3, 2, 3, 34, 205, 216, 7, 3, '2017-09-26', '2017-11-17', 27),
(2630, 1, 2, 3, 34, 205, 216, 7, 3, '2017-09-26', '2017-11-17', 27),
(2631, 2, 2, 3, 34, 23, 28, 7, 1, '2017-10-03', '2017-11-17', 22),
(2632, 4, 2, 3, 34, 23, 28, 7, 1, '2017-10-03', '2017-11-17', 22),
(2633, 2, 2, 3, 34, 23, 24, 7, 2, '2017-10-03', '2017-11-17', 21),
(2634, 4, 2, 3, 34, 23, 24, 7, 2, '2017-10-03', '2017-11-17', 21),
(2635, 3, 2, 4, 34, 141, 2, 7, 3, '2017-09-26', '2017-11-17', 43),
(2636, 1, 2, 4, 34, 141, 2, 7, 3, '2017-09-26', '2017-11-17', 43),
(2637, 2, 2, 4, 34, 205, 216, 7, 3, '2017-10-03', '2017-11-17', 27),
(2638, 4, 2, 4, 34, 205, 216, 7, 3, '2017-10-03', '2017-11-17', 27),
(2639, 2, 2, 5, 34, 204, 216, 7, 3, '2017-10-03', '2017-11-17', 27),
(2640, 4, 2, 5, 34, 204, 216, 7, 3, '2017-10-03', '2017-11-17', 27),
(2641, 2, 3, 3, 34, 130, 130, 7, 3, '2017-09-27', '2017-11-17', 43),
(2642, 3, 3, 3, 34, 130, 130, 7, 3, '2017-09-27', '2017-11-17', 43),
(2643, 4, 3, 3, 34, 130, 130, 7, 3, '2017-09-27', '2017-11-17', 43),
(2644, 1, 3, 3, 34, 130, 130, 7, 3, '2017-09-27', '2017-11-17', 43),
(2645, 3, 3, 4, 34, 298, 299, 7, 3, '2017-09-27', '2017-11-17', 40),
(2646, 1, 3, 4, 34, 298, 299, 7, 3, '2017-09-27', '2017-11-17', 40),
(2647, 2, 3, 4, 34, 205, 216, 7, 3, '2017-10-04', '2017-11-17', 27),
(2648, 4, 3, 4, 34, 205, 216, 7, 3, '2017-10-04', '2017-11-17', 27),
(2649, 2, 3, 5, 34, 43, 49, 3, 1, '2017-09-27', '2017-11-17', 49),
(2650, 3, 3, 5, 34, 43, 49, 3, 1, '2017-09-27', '2017-11-17', 49),
(2651, 4, 3, 5, 34, 43, 49, 3, 1, '2017-09-27', '2017-11-17', 49),
(2652, 1, 3, 5, 34, 43, 49, 3, 1, '2017-09-27', '2017-11-17', 49),
(2653, 2, 3, 5, 34, 43, 55, 3, 2, '2017-09-27', '2017-11-17', 49),
(2654, 3, 3, 5, 34, 43, 55, 3, 2, '2017-09-27', '2017-11-17', 49),
(2655, 4, 3, 5, 34, 43, 55, 3, 2, '2017-09-27', '2017-11-17', 49),
(2656, 1, 3, 5, 34, 43, 55, 3, 2, '2017-09-27', '2017-11-17', 49),
(2657, 2, 3, 6, 34, 83, 93, 7, 3, '2017-09-27', '2017-11-17', 35),
(2658, 3, 3, 6, 34, 83, 93, 7, 3, '2017-09-27', '2017-11-17', 35),
(2659, 4, 3, 6, 34, 83, 93, 7, 3, '2017-09-27', '2017-11-17', 35),
(2660, 1, 3, 6, 34, 83, 93, 7, 3, '2017-09-27', '2017-11-17', 35),
(2661, 2, 5, 2, 34, 205, 216, 7, 3, '2017-09-29', '2017-11-17', 27),
(2662, 3, 5, 2, 34, 205, 216, 7, 3, '2017-09-29', '2017-11-17', 27),
(2663, 4, 5, 2, 34, 205, 216, 7, 3, '2017-09-29', '2017-11-17', 27),
(2664, 1, 5, 2, 34, 205, 216, 7, 3, '2017-09-29', '2017-11-17', 27),
(2665, 2, 5, 3, 34, 130, 130, 7, 3, '2017-09-29', '2017-11-17', 43),
(2666, 3, 5, 3, 34, 130, 130, 7, 3, '2017-09-29', '2017-11-17', 43),
(2667, 4, 5, 3, 34, 130, 130, 7, 3, '2017-09-29', '2017-11-17', 43),
(2668, 1, 5, 3, 34, 130, 130, 7, 3, '2017-09-29', '2017-11-17', 43),
(2669, 2, 5, 4, 34, 141, 2, 7, 3, '2017-09-29', '2017-11-17', 41),
(2670, 3, 5, 4, 34, 141, 2, 7, 3, '2017-09-29', '2017-11-17', 41),
(2671, 4, 5, 4, 34, 141, 2, 7, 3, '2017-09-29', '2017-11-17', 41),
(2672, 1, 5, 4, 34, 141, 2, 7, 3, '2017-09-29', '2017-11-17', 41),
(2673, 2, 5, 5, 34, 43, 49, 3, 1, '2017-09-29', '2017-11-17', 49),
(2674, 3, 5, 5, 34, 43, 49, 3, 1, '2017-09-29', '2017-11-17', 49),
(2675, 4, 5, 5, 34, 43, 49, 3, 1, '2017-09-29', '2017-11-17', 49),
(2676, 1, 5, 5, 34, 43, 49, 3, 1, '2017-09-29', '2017-11-17', 49),
(2677, 2, 5, 5, 34, 43, 55, 3, 2, '2017-09-29', '2017-11-17', 49),
(2678, 3, 5, 5, 34, 43, 55, 3, 2, '2017-09-29', '2017-11-17', 49),
(2679, 4, 5, 5, 34, 43, 55, 3, 2, '2017-09-29', '2017-11-17', 49),
(2680, 1, 5, 5, 34, 43, 55, 3, 2, '2017-09-29', '2017-11-17', 49),
(2681, 3, 6, 1, 34, 83, 93, 7, 3, '2017-09-30', '2017-11-17', 35),
(2682, 1, 6, 1, 34, 83, 93, 7, 3, '2017-09-30', '2017-11-17', 35),
(2683, 2, 6, 2, 34, 23, 28, 7, 1, '2017-09-30', '2017-11-17', 29),
(2684, 3, 6, 2, 34, 23, 28, 7, 1, '2017-09-30', '2017-11-17', 29),
(2685, 4, 6, 2, 34, 23, 28, 7, 1, '2017-09-30', '2017-11-17', 29),
(2686, 1, 6, 2, 34, 23, 28, 7, 1, '2017-09-30', '2017-11-17', 29),
(2687, 2, 6, 2, 34, 23, 24, 7, 2, '2017-09-30', '2017-11-17', 21),
(2688, 3, 6, 2, 34, 23, 24, 7, 2, '2017-09-30', '2017-11-17', 21),
(2689, 4, 6, 2, 34, 23, 24, 7, 2, '2017-09-30', '2017-11-17', 21),
(2690, 1, 6, 2, 34, 23, 24, 7, 2, '2017-09-30', '2017-11-17', 21),
(2691, 2, 6, 3, 34, 130, 130, 7, 3, '2017-10-07', '2017-11-17', 43),
(2692, 4, 6, 3, 34, 130, 130, 7, 3, '2017-10-07', '2017-11-17', 43),
(2693, 3, 1, 3, 35, 303, 154, 7, 3, '2017-09-25', '2018-01-12', 10),
(2694, 1, 1, 3, 35, 303, 154, 7, 3, '2017-09-25', '2018-01-12', 10),
(2695, 2, 1, 3, 35, 39, 17, 7, 3, '2017-10-02', '2018-01-12', 12),
(2696, 4, 1, 3, 35, 39, 17, 7, 3, '2017-10-02', '2018-01-12', 12),
(2697, 2, 1, 4, 35, 23, 24, 7, 1, '2017-09-25', '2018-01-12', 21),
(2698, 3, 1, 4, 35, 23, 24, 7, 1, '2017-09-25', '2018-01-12', 21),
(2699, 4, 1, 4, 35, 23, 24, 7, 1, '2017-09-25', '2018-01-12', 21),
(2700, 1, 1, 4, 35, 23, 24, 7, 1, '2017-09-25', '2018-01-12', 21),
(2701, 2, 1, 4, 35, 23, 28, 7, 2, '2017-09-25', '2018-01-12', 30),
(2702, 3, 1, 4, 35, 23, 28, 7, 2, '2017-09-25', '2018-01-12', 30),
(2703, 4, 1, 4, 35, 23, 28, 7, 2, '2017-09-25', '2018-01-12', 30),
(2704, 1, 1, 4, 35, 23, 28, 7, 2, '2017-09-25', '2018-01-12', 30),
(2705, 2, 1, 5, 35, 43, 56, 3, 1, '2017-09-25', '2018-01-12', 49),
(2706, 3, 1, 5, 35, 43, 56, 3, 1, '2017-09-25', '2018-01-12', 49),
(2707, 4, 1, 5, 35, 43, 56, 3, 1, '2017-09-25', '2018-01-12', 49),
(2708, 1, 1, 5, 35, 43, 56, 3, 1, '2017-09-25', '2018-01-12', 49),
(2709, 2, 1, 5, 35, 43, 57, 3, 2, '2017-09-25', '2018-01-12', 49),
(2710, 3, 1, 5, 35, 43, 57, 3, 2, '2017-09-25', '2018-01-12', 49),
(2711, 4, 1, 5, 35, 43, 57, 3, 2, '2017-09-25', '2018-01-12', 49),
(2712, 1, 1, 5, 35, 43, 57, 3, 2, '2017-09-25', '2018-01-12', 49),
(2713, 2, 1, 6, 35, 303, 154, 7, 3, '2017-10-02', '2018-01-12', 17),
(2714, 4, 1, 6, 35, 303, 154, 7, 3, '2017-10-02', '2018-01-12', 17),
(2715, 3, 2, 3, 35, 23, 24, 7, 1, '2017-09-26', '2018-01-12', 21),
(2716, 1, 2, 3, 35, 23, 24, 7, 1, '2017-09-26', '2018-01-12', 21),
(2717, 3, 2, 3, 35, 23, 28, 7, 2, '2017-09-26', '2018-01-12', 22),
(2718, 1, 2, 3, 35, 23, 28, 7, 2, '2017-09-26', '2018-01-12', 22),
(2719, 2, 2, 3, 35, 205, 269, 7, 3, '2017-10-03', '2018-01-12', 33),
(2720, 4, 2, 3, 35, 205, 269, 7, 3, '2017-10-03', '2018-01-12', 33),
(2721, 2, 2, 4, 35, 205, 269, 7, 3, '2017-09-26', '2018-01-12', 19),
(2722, 3, 2, 4, 35, 205, 269, 7, 3, '2017-09-26', '2018-01-12', 19),
(2723, 4, 2, 4, 35, 205, 269, 7, 3, '2017-09-26', '2018-01-12', 19),
(2724, 1, 2, 4, 35, 205, 269, 7, 3, '2017-09-26', '2018-01-12', 19),
(2725, 2, 2, 5, 35, 303, 154, 7, 3, '2017-09-26', '2018-01-12', 10),
(2726, 3, 2, 5, 35, 303, 154, 7, 3, '2017-09-26', '2018-01-12', 10),
(2727, 4, 2, 5, 35, 303, 154, 7, 3, '2017-09-26', '2018-01-12', 10),
(2728, 1, 2, 5, 35, 303, 154, 7, 3, '2017-09-26', '2018-01-12', 10),
(2729, 2, 2, 6, 35, 158, 164, 7, 3, '2017-09-26', '2018-01-12', 18),
(2730, 3, 2, 6, 35, 158, 164, 7, 3, '2017-09-26', '2018-01-12', 18),
(2731, 4, 2, 6, 35, 158, 164, 7, 3, '2017-09-26', '2018-01-12', 18),
(2732, 1, 2, 6, 35, 158, 164, 7, 3, '2017-09-26', '2018-01-12', 18),
(2733, 2, 3, 3, 35, 302, 148, 7, 3, '2017-10-04', '2018-01-12', 14),
(2734, 4, 3, 3, 35, 302, 148, 7, 3, '2017-10-04', '2018-01-12', 14),
(2735, 2, 3, 4, 35, 302, 148, 7, 3, '2017-09-27', '2018-01-12', 14),
(2736, 3, 3, 4, 35, 302, 148, 7, 3, '2017-09-27', '2018-01-12', 14),
(2737, 4, 3, 4, 35, 302, 148, 7, 3, '2017-09-27', '2018-01-12', 14),
(2738, 1, 3, 4, 35, 302, 148, 7, 3, '2017-09-27', '2018-01-12', 14),
(2739, 2, 3, 5, 35, 299, 148, 7, 3, '2017-09-27', '2018-01-12', 24),
(2740, 3, 3, 5, 35, 299, 148, 7, 3, '2017-09-27', '2018-01-12', 24),
(2741, 4, 3, 5, 35, 299, 148, 7, 3, '2017-09-27', '2018-01-12', 24),
(2742, 1, 3, 5, 35, 299, 148, 7, 3, '2017-09-27', '2018-01-12', 24),
(2743, 3, 3, 6, 35, 299, 148, 7, 3, '2017-09-27', '2018-01-12', 24),
(2744, 1, 3, 6, 35, 299, 148, 7, 3, '2017-09-27', '2018-01-12', 24),
(2745, 2, 3, 6, 35, 158, 164, 7, 3, '2017-10-04', '2018-01-12', 18),
(2746, 4, 3, 6, 35, 158, 164, 7, 3, '2017-10-04', '2018-01-12', 18),
(2747, 2, 4, 2, 35, 302, 148, 7, 3, '2017-09-28', '2018-01-12', 19),
(2748, 3, 4, 2, 35, 302, 148, 7, 3, '2017-09-28', '2018-01-12', 19),
(2749, 4, 4, 2, 35, 302, 148, 7, 3, '2017-09-28', '2018-01-12', 19),
(2750, 1, 4, 2, 35, 302, 148, 7, 3, '2017-09-28', '2018-01-12', 19),
(2751, 2, 4, 3, 35, 299, 148, 7, 3, '2017-09-28', '2018-01-12', 19),
(2752, 3, 4, 3, 35, 299, 148, 7, 3, '2017-09-28', '2018-01-12', 19),
(2753, 4, 4, 3, 35, 299, 148, 7, 3, '2017-09-28', '2018-01-12', 19),
(2754, 1, 4, 3, 35, 299, 148, 7, 3, '2017-09-28', '2018-01-12', 19),
(2755, 2, 4, 4, 35, 303, 154, 7, 3, '2017-09-28', '2018-01-12', 10),
(2756, 3, 4, 4, 35, 303, 154, 7, 3, '2017-09-28', '2018-01-12', 10),
(2757, 4, 4, 4, 35, 303, 154, 7, 3, '2017-09-28', '2018-01-12', 10),
(2758, 1, 4, 4, 35, 303, 154, 7, 3, '2017-09-28', '2018-01-12', 10),
(2759, 2, 4, 5, 35, 43, 56, 3, 1, '2017-09-28', '2018-01-12', 54),
(2760, 3, 4, 5, 35, 43, 56, 3, 1, '2017-09-28', '2018-01-12', 54),
(2761, 4, 4, 5, 35, 43, 56, 3, 1, '2017-09-28', '2018-01-12', 54),
(2762, 1, 4, 5, 35, 43, 56, 3, 1, '2017-09-28', '2018-01-12', 54),
(2763, 2, 4, 5, 35, 43, 57, 3, 3, '2017-09-28', '2018-01-12', 49),
(2764, 3, 4, 5, 35, 43, 57, 3, 3, '2017-09-28', '2018-01-12', 49),
(2765, 4, 4, 5, 35, 43, 57, 3, 3, '2017-09-28', '2018-01-12', 49),
(2766, 1, 4, 5, 35, 43, 57, 3, 3, '2017-09-28', '2018-01-12', 49),
(2767, 2, 4, 5, 35, 43, 57, 3, 2, '2017-09-28', '2018-01-12', 49),
(2768, 3, 4, 5, 35, 43, 57, 3, 2, '2017-09-28', '2018-01-12', 49),
(2769, 4, 4, 5, 35, 43, 57, 3, 2, '2017-09-28', '2018-01-12', 49),
(2770, 1, 4, 5, 35, 43, 57, 3, 2, '2017-09-28', '2018-01-12', 49),
(2771, 3, 6, 1, 35, 158, 164, 7, 3, '2017-09-30', '2018-01-12', 18),
(2772, 1, 6, 1, 35, 158, 164, 7, 3, '2017-09-30', '2018-01-12', 18),
(2773, 3, 6, 2, 35, 300, 164, 7, 3, '2017-09-30', '2018-01-12', 18),
(2774, 1, 6, 2, 35, 300, 164, 7, 3, '2017-09-30', '2018-01-12', 18),
(2775, 2, 6, 2, 35, 158, 164, 7, 3, '2017-10-07', '2018-01-12', 18),
(2776, 4, 6, 2, 35, 158, 164, 7, 3, '2017-10-07', '2018-01-12', 18),
(2777, 2, 6, 3, 35, 300, 164, 7, 3, '2017-09-30', '2018-01-12', 18),
(2778, 3, 6, 3, 35, 300, 164, 7, 3, '2017-09-30', '2018-01-12', 18),
(2779, 4, 6, 3, 35, 300, 164, 7, 3, '2017-09-30', '2018-01-12', 18),
(2780, 1, 6, 3, 35, 300, 164, 7, 3, '2017-09-30', '2018-01-12', 18),
(2781, 2, 6, 4, 35, 43, 56, 3, 1, '2017-09-30', '2018-01-12', 49),
(2782, 3, 6, 4, 35, 43, 56, 3, 1, '2017-09-30', '2018-01-12', 49),
(2783, 4, 6, 4, 35, 43, 56, 3, 1, '2017-09-30', '2018-01-12', 49),
(2784, 1, 6, 4, 35, 43, 56, 3, 1, '2017-09-30', '2018-01-12', 49),
(2785, 2, 6, 4, 35, 43, 57, 3, 2, '2017-09-30', '2018-01-12', 49),
(2786, 3, 6, 4, 35, 43, 57, 3, 2, '2017-09-30', '2018-01-12', 49),
(2787, 4, 6, 4, 35, 43, 57, 3, 2, '2017-09-30', '2018-01-12', 49),
(2788, 1, 6, 4, 35, 43, 57, 3, 2, '2017-09-30', '2018-01-12', 49),
(2789, 2, 1, 4, 111, 309, 197, 1, 3, '2017-09-25', '2018-01-12', 51),
(2790, 3, 1, 4, 111, 309, 197, 1, 3, '2017-09-25', '2018-01-12', 51),
(2791, 4, 1, 4, 111, 309, 197, 1, 3, '2017-09-25', '2018-01-12', 51),
(2792, 1, 1, 4, 111, 309, 197, 1, 3, '2017-09-25', '2018-01-12', 51),
(2793, 3, 1, 5, 111, 309, 197, 3, 3, '2017-09-25', '2018-01-12', 51),
(2794, 1, 1, 5, 111, 309, 197, 3, 3, '2017-09-25', '2018-01-12', 51),
(2795, 2, 1, 5, 111, 311, 83, 1, 3, '2017-10-02', '2018-01-12', 1),
(2796, 4, 1, 5, 111, 311, 83, 1, 3, '2017-10-02', '2018-01-12', 1),
(2797, 2, 3, 5, 111, 311, 83, 1, 3, '2017-09-27', '2018-01-12', 1),
(2798, 3, 3, 5, 111, 311, 83, 1, 3, '2017-09-27', '2018-01-12', 1),
(2799, 4, 3, 5, 111, 311, 83, 1, 3, '2017-09-27', '2018-01-12', 1),
(2800, 1, 3, 5, 111, 311, 83, 1, 3, '2017-09-27', '2018-01-12', 1),
(2801, 2, 4, 2, 111, 311, 79, 2, 3, '2017-10-05', '2018-01-12', 5),
(2802, 4, 4, 2, 111, 311, 79, 2, 3, '2017-10-05', '2018-01-12', 5),
(2803, 2, 4, 3, 111, 311, 79, 2, 3, '2017-10-05', '2018-01-12', 5),
(2804, 4, 4, 3, 111, 311, 79, 2, 3, '2017-10-05', '2018-01-12', 5),
(2805, 2, 5, 5, 111, 310, 196, 1, 3, '2017-09-29', '2018-01-12', 52),
(2806, 3, 5, 5, 111, 310, 196, 1, 3, '2017-09-29', '2018-01-12', 52),
(2807, 4, 5, 5, 111, 310, 196, 1, 3, '2017-09-29', '2018-01-12', 52),
(2808, 1, 5, 5, 111, 310, 196, 1, 3, '2017-09-29', '2018-01-12', 52),
(2809, 3, 5, 4, 111, 312, 322, 1, 3, '2017-09-29', '2018-01-12', 52),
(2810, 1, 5, 4, 111, 312, 322, 1, 3, '2017-09-29', '2018-01-12', 52),
(2811, 1, 1, 1, 15, 164, 155, 7, 3, '2017-09-01', '2017-09-25', 14),
(2812, 3, 1, 1, 15, 164, 155, 7, 3, '2017-09-01', '2017-09-25', 14),
(2813, 4, 1, 1, 15, 47, 74, 7, 1, '2017-09-01', '2018-01-05', 37),
(2814, 2, 1, 1, 15, 47, 74, 7, 1, '2017-09-01', '2018-01-05', 37),
(2815, 4, 1, 1, 15, 47, 75, 7, 2, '2017-09-01', '2018-01-05', 39),
(2816, 2, 1, 1, 15, 47, 75, 7, 2, '2017-09-01', '2018-01-05', 39),
(2817, 1, 1, 2, 15, 150, 162, 7, 3, '2017-09-01', '2018-01-05', 18),
(2818, 3, 1, 2, 15, 150, 162, 7, 3, '2017-09-01', '2018-01-05', 18),
(2819, 4, 1, 2, 15, 47, 74, 7, 1, '2017-09-01', '2018-01-05', 37),
(2820, 2, 1, 2, 15, 47, 74, 7, 1, '2017-09-01', '2018-01-05', 37),
(2821, 4, 1, 2, 15, 47, 75, 7, 2, '2017-09-01', '2018-01-05', 39),
(2822, 2, 1, 2, 15, 47, 75, 7, 2, '2017-09-01', '2018-01-05', 39),
(2823, 1, 1, 3, 15, 51, 77, 7, 3, '2017-09-01', '2018-01-05', 9),
(2824, 3, 1, 3, 15, 51, 77, 7, 3, '2017-09-01', '2018-01-05', 9),
(2825, 4, 1, 3, 15, 51, 77, 7, 3, '2017-09-01', '2018-01-05', 9),
(2826, 2, 1, 3, 15, 51, 77, 7, 3, '2017-09-01', '2018-01-05', 9),
(2827, 1, 1, 4, 15, 43, 49, 7, 1, '2017-09-01', '2018-01-05', 49),
(2828, 3, 1, 4, 15, 43, 49, 7, 1, '2017-09-01', '2018-01-05', 49),
(2829, 4, 1, 4, 15, 43, 49, 7, 1, '2017-09-01', '2018-01-05', 49),
(2830, 2, 1, 4, 15, 43, 49, 7, 1, '2017-09-01', '2018-01-05', 49),
(2831, 1, 1, 4, 15, 43, 55, 3, 2, '2017-09-01', '2018-01-05', 49),
(2832, 3, 1, 4, 15, 43, 55, 3, 2, '2017-09-01', '2018-01-05', 49),
(2833, 4, 1, 4, 15, 43, 55, 3, 2, '2017-09-01', '2018-01-05', 49),
(2834, 2, 1, 4, 15, 43, 55, 3, 2, '2017-09-01', '2018-01-05', 49),
(2835, 1, 1, 4, 15, 43, 49, 3, 1, '2017-09-01', '2018-01-05', 49),
(2836, 3, 1, 4, 15, 43, 49, 3, 1, '2017-09-01', '2018-01-05', 49),
(2837, 4, 1, 4, 15, 43, 49, 3, 1, '2017-09-01', '2018-01-05', 49),
(2838, 2, 1, 4, 15, 43, 49, 3, 1, '2017-09-01', '2018-01-05', 49),
(2839, 4, 2, 1, 15, 171, 184, 7, 3, '2017-09-01', '2018-01-05', 55),
(2840, 2, 2, 1, 15, 171, 184, 7, 3, '2017-09-01', '2018-01-05', 55),
(2841, 1, 2, 2, 15, 171, 184, 7, 3, '2017-09-01', '2018-01-05', 55),
(2842, 3, 2, 2, 15, 171, 184, 7, 3, '2017-09-01', '2018-01-05', 55),
(2843, 4, 2, 2, 15, 171, 184, 7, 3, '2017-09-01', '2018-01-05', 55),
(2844, 2, 2, 2, 15, 171, 184, 7, 3, '2017-09-01', '2018-01-05', 55),
(2845, 1, 2, 3, 15, 129, 129, 7, 3, '2017-09-01', '2018-01-05', 6),
(2846, 3, 2, 3, 15, 129, 129, 7, 3, '2017-09-01', '2018-01-05', 6),
(2847, 4, 2, 3, 15, 129, 129, 7, 3, '2017-09-01', '2018-01-05', 6),
(2848, 2, 2, 3, 15, 129, 129, 7, 3, '2017-09-01', '2018-01-05', 6),
(2849, 1, 2, 4, 15, 47, 74, 7, 1, '2017-09-01', '2018-01-05', 37),
(2850, 3, 2, 4, 15, 47, 74, 7, 1, '2017-09-01', '2018-01-05', 37),
(2851, 1, 2, 4, 15, 47, 75, 7, 2, '2017-09-01', '2018-01-05', 39),
(2852, 3, 2, 4, 15, 47, 75, 7, 2, '2017-09-01', '2018-01-05', 39),
(2853, 4, 2, 4, 15, 129, 129, 7, 3, '2017-09-01', '2018-01-05', 41),
(2854, 2, 2, 4, 15, 129, 129, 7, 3, '2017-09-01', '2018-01-05', 41),
(2855, 1, 2, 5, 15, 100, 116, 7, 3, '2017-09-01', '2018-01-05', 13),
(2856, 3, 2, 5, 15, 100, 116, 7, 3, '2017-09-01', '2018-01-05', 13),
(2857, 1, 3, 1, 15, 304, 179, 7, 3, '2017-09-01', '2018-01-05', 2),
(2858, 3, 3, 1, 15, 304, 179, 7, 3, '2017-09-01', '2018-01-05', 2),
(2859, 4, 3, 1, 15, 304, 179, 7, 3, '2017-09-01', '2018-01-05', 2),
(2860, 2, 3, 1, 15, 304, 179, 7, 3, '2017-09-01', '2018-01-05', 2),
(2861, 1, 3, 2, 15, 51, 77, 7, 3, '2017-09-01', '2018-01-05', 9),
(2862, 3, 3, 2, 15, 51, 77, 7, 3, '2017-09-01', '2018-01-05', 9),
(2863, 4, 3, 2, 15, 51, 77, 7, 3, '2017-09-01', '2018-01-05', 9),
(2864, 2, 3, 2, 15, 51, 77, 7, 3, '2017-09-01', '2018-01-05', 9),
(2865, 1, 3, 3, 15, 173, 185, 7, 3, '2017-09-01', '2018-01-05', 52),
(2866, 3, 3, 3, 15, 173, 185, 7, 3, '2017-09-01', '2018-01-05', 52),
(2867, 4, 3, 3, 15, 173, 185, 7, 3, '2017-09-01', '2018-01-05', 52),
(2868, 2, 3, 3, 15, 173, 185, 7, 3, '2017-09-01', '2018-01-05', 52),
(2869, 1, 3, 4, 15, 43, 49, 3, 1, '2017-09-01', '2018-01-05', 49),
(2870, 3, 3, 4, 15, 43, 49, 3, 1, '2017-09-01', '2018-01-05', 49),
(2871, 4, 3, 4, 15, 43, 49, 3, 1, '2017-09-01', '2018-01-05', 49),
(2872, 2, 3, 4, 15, 43, 49, 3, 1, '2017-09-01', '2018-01-05', 49),
(2873, 1, 3, 4, 15, 43, 55, 3, 2, '2017-09-01', '2018-01-05', 49),
(2874, 3, 3, 4, 15, 43, 55, 3, 2, '2017-09-01', '2018-01-05', 49),
(2875, 4, 3, 4, 15, 43, 55, 3, 2, '2017-09-01', '2018-01-05', 49),
(2876, 2, 3, 4, 15, 43, 55, 3, 2, '2017-09-01', '2018-01-05', 49),
(2877, 1, 4, 1, 15, 51, 77, 7, 3, '2017-09-01', '2018-01-05', 9),
(2878, 3, 4, 1, 15, 51, 77, 7, 3, '2017-09-01', '2018-01-05', 9),
(2879, 4, 4, 1, 15, 51, 77, 7, 3, '2017-09-01', '2018-01-05', 9),
(2880, 2, 4, 1, 15, 51, 77, 7, 3, '2017-09-01', '2018-01-05', 9),
(2881, 1, 4, 2, 15, 150, 162, 7, 3, '2017-09-01', '2018-01-05', 15),
(2882, 3, 4, 2, 15, 150, 162, 7, 3, '2017-09-01', '2018-01-05', 15),
(2883, 4, 4, 2, 15, 150, 162, 7, 3, '2017-09-01', '2018-01-05', 15),
(2884, 2, 4, 2, 15, 150, 162, 7, 3, '2017-09-01', '2018-01-05', 15),
(2885, 1, 4, 3, 15, 173, 185, 7, 3, '2017-09-01', '2018-01-05', 1),
(2886, 3, 4, 3, 15, 173, 185, 7, 3, '2017-09-01', '2018-01-05', 1),
(2887, 4, 4, 3, 15, 129, 129, 7, 3, '2017-09-01', '2018-01-05', 40),
(2888, 2, 4, 3, 15, 129, 129, 7, 3, '2017-09-01', '2018-01-05', 40),
(2889, 1, 4, 4, 15, 129, 129, 7, 3, '2017-09-01', '2018-01-05', 40),
(2890, 3, 4, 4, 15, 129, 129, 7, 3, '2017-09-01', '2018-01-05', 40),
(2891, 4, 4, 4, 15, 304, 179, 7, 3, '2017-09-01', '2018-01-05', 2),
(2892, 2, 4, 4, 15, 304, 179, 7, 3, '2017-09-01', '2018-01-05', 2),
(2893, 1, 5, 1, 15, 171, 184, 7, 3, '2017-09-01', '2018-01-05', 55),
(2894, 3, 5, 1, 15, 171, 184, 7, 3, '2017-09-01', '2018-01-05', 55),
(2895, 4, 5, 1, 15, 171, 184, 7, 3, '2017-09-01', '2018-01-05', 55),
(2896, 2, 5, 1, 15, 171, 184, 7, 3, '2017-09-01', '2018-01-05', 55),
(2897, 1, 5, 2, 15, 304, 179, 7, 3, '2017-09-01', '2018-01-05', 2),
(2898, 3, 5, 2, 15, 304, 179, 7, 3, '2017-09-01', '2018-01-05', 2),
(2899, 4, 5, 2, 15, 164, 155, 7, 3, '2017-09-01', '2018-01-05', 17),
(2900, 2, 5, 2, 15, 164, 155, 7, 3, '2017-09-01', '2018-01-05', 17),
(2901, 1, 5, 3, 15, 164, 155, 7, 3, '2017-09-01', '2018-01-05', 17),
(2902, 3, 5, 3, 15, 164, 155, 7, 3, '2017-09-01', '2018-01-05', 17),
(2903, 4, 5, 3, 15, 164, 155, 7, 3, '2017-09-01', '2018-01-05', 17),
(2904, 2, 5, 3, 15, 164, 155, 7, 3, '2017-09-01', '2018-01-05', 17),
(2905, 1, 5, 4, 15, 43, 49, 3, 1, '2017-09-01', '2018-01-05', 49),
(2906, 3, 5, 4, 15, 43, 49, 3, 1, '2017-09-01', '2018-01-05', 49),
(2907, 4, 5, 4, 15, 43, 49, 3, 1, '2017-09-01', '2018-01-05', 49),
(2908, 2, 5, 4, 15, 43, 49, 3, 1, '2017-09-01', '2018-01-05', 49),
(2909, 1, 5, 4, 15, 43, 55, 7, 2, '2017-09-01', '2018-01-05', 49),
(2910, 3, 5, 4, 15, 43, 55, 7, 2, '2017-09-01', '2018-01-05', 49),
(2911, 4, 5, 4, 15, 43, 55, 7, 2, '2017-09-01', '2018-01-05', 49),
(2912, 2, 5, 4, 15, 43, 55, 7, 2, '2017-09-01', '2018-01-05', 49),
(2913, 1, 6, 1, 15, 100, 116, 7, 3, '2017-09-01', '2018-01-05', 13),
(2914, 3, 6, 1, 15, 100, 116, 7, 3, '2017-09-01', '2018-01-05', 13),
(2915, 4, 6, 1, 15, 100, 116, 7, 3, '2017-09-01', '2018-01-05', 13),
(2916, 2, 6, 1, 15, 100, 116, 7, 3, '2017-09-01', '2018-01-05', 13),
(2917, 1, 6, 2, 15, 31, 18, 7, 3, '2017-09-01', '2018-01-05', 31),
(2918, 3, 6, 2, 15, 31, 18, 7, 3, '2017-09-01', '2018-01-05', 31),
(2919, 4, 6, 2, 15, 31, 18, 7, 3, '2017-09-01', '2018-01-05', 31),
(2920, 2, 6, 2, 15, 31, 18, 7, 3, '2017-09-01', '2018-01-05', 31),
(2921, 1, 1, 2, 11, 51, 77, 7, 3, '2017-09-01', '2018-01-05', 9),
(2922, 3, 1, 2, 11, 51, 77, 7, 3, '2017-09-01', '2018-01-05', 9),
(2923, 4, 1, 2, 11, 51, 77, 7, 3, '2017-09-01', '2018-01-05', 9),
(2924, 2, 1, 2, 11, 51, 77, 7, 3, '2017-09-01', '2018-01-05', 9),
(2925, 1, 1, 3, 11, 150, 162, 7, 3, '2017-09-01', '2018-01-05', 18),
(2926, 3, 1, 3, 11, 150, 162, 7, 3, '2017-09-01', '2018-01-05', 18),
(2927, 4, 1, 3, 11, 150, 162, 7, 3, '2017-09-01', '2018-01-05', 18),
(2928, 2, 1, 3, 11, 150, 162, 7, 3, '2017-09-01', '2018-01-05', 18),
(2929, 1, 1, 4, 11, 43, 53, 3, 1, '2017-09-01', '2018-01-05', 49),
(2930, 3, 1, 4, 11, 43, 53, 3, 1, '2017-09-01', '2018-01-05', 49),
(2931, 4, 1, 4, 11, 43, 53, 3, 1, '2017-09-01', '2018-01-05', 49),
(2932, 2, 1, 4, 11, 43, 53, 3, 1, '2017-09-01', '2018-01-05', 49),
(2933, 1, 1, 4, 11, 43, 54, 3, 2, '2017-09-01', '2018-01-05', 49),
(2934, 3, 1, 4, 11, 43, 54, 3, 2, '2017-09-01', '2018-01-05', 49),
(2935, 4, 1, 4, 11, 43, 54, 3, 2, '2017-09-01', '2018-01-05', 49),
(2936, 2, 1, 4, 11, 43, 54, 3, 2, '2017-09-01', '2018-01-05', 49),
(2937, 1, 1, 5, 11, 171, 184, 7, 3, '2017-09-01', '2018-01-05', 55),
(2938, 3, 1, 5, 11, 171, 184, 7, 3, '2017-09-01', '2018-01-05', 55),
(2939, 4, 1, 5, 11, 171, 184, 7, 3, '2017-09-01', '2018-01-05', 55),
(2940, 2, 1, 5, 11, 171, 184, 7, 3, '2017-09-01', '2018-01-05', 55),
(2941, 1, 2, 3, 11, 129, 130, 7, 3, '2017-09-01', '2018-01-05', 43),
(2942, 3, 2, 3, 11, 129, 130, 7, 3, '2017-09-01', '2018-01-05', 43),
(2943, 4, 2, 3, 11, 129, 130, 7, 3, '2017-09-01', '2018-01-05', 43),
(2944, 2, 2, 3, 11, 129, 130, 7, 3, '2017-09-01', '2018-01-05', 43),
(2945, 1, 2, 4, 11, 164, 163, 7, 3, '2017-09-01', '2018-01-05', 17),
(2946, 3, 2, 4, 11, 164, 163, 7, 3, '2017-09-01', '2018-01-05', 17),
(2947, 4, 2, 4, 11, 164, 163, 7, 3, '2017-09-01', '2018-01-05', 17),
(2948, 2, 2, 4, 11, 164, 163, 7, 3, '2017-09-01', '2018-01-05', 17),
(2949, 1, 2, 5, 11, 171, 184, 7, 3, '2017-09-01', '2018-01-05', 55),
(2950, 3, 2, 5, 11, 171, 184, 7, 3, '2017-09-01', '2018-01-05', 55),
(2951, 4, 2, 5, 11, 171, 184, 7, 3, '2017-09-01', '2018-01-05', 55),
(2952, 2, 2, 5, 11, 171, 184, 7, 3, '2017-09-01', '2018-01-05', 55),
(2953, 1, 3, 2, 11, 304, 179, 7, 3, '2017-09-01', '2018-01-05', 2),
(2954, 3, 3, 2, 11, 304, 179, 7, 3, '2017-09-01', '2018-01-05', 2),
(2955, 4, 3, 2, 11, 304, 179, 7, 3, '2017-09-01', '2018-01-05', 2),
(2956, 2, 3, 2, 11, 304, 179, 7, 3, '2017-09-01', '2018-01-05', 2),
(2957, 1, 3, 3, 11, 43, 53, 3, 1, '2017-09-01', '2018-01-05', 49),
(2958, 3, 3, 3, 11, 43, 53, 3, 1, '2017-09-01', '2018-01-05', 49),
(2959, 4, 3, 3, 11, 43, 53, 3, 1, '2017-09-01', '2018-01-05', 49),
(2960, 2, 3, 3, 11, 43, 53, 3, 1, '2017-09-01', '2018-01-05', 49),
(2961, 1, 3, 3, 11, 43, 54, 3, 2, '2017-09-01', '2018-01-05', 49),
(2962, 3, 3, 3, 11, 43, 54, 3, 2, '2017-09-01', '2018-01-05', 49),
(2963, 4, 3, 3, 11, 43, 54, 3, 2, '2017-09-01', '2018-01-05', 49),
(2964, 2, 3, 3, 11, 43, 54, 3, 2, '2017-09-01', '2018-01-05', 49),
(2965, 1, 3, 4, 11, 51, 77, 7, 3, '2017-09-01', '2018-01-05', 9),
(2966, 3, 3, 4, 11, 51, 77, 7, 3, '2017-09-01', '2018-01-05', 9),
(2967, 4, 3, 4, 11, 51, 77, 7, 3, '2017-09-01', '2018-01-05', 9),
(2968, 2, 3, 4, 11, 51, 77, 7, 3, '2017-09-01', '2018-01-05', 9),
(2969, 1, 3, 5, 11, 47, 74, 7, 1, '2017-09-01', '2018-01-05', 37),
(2970, 3, 3, 5, 11, 47, 74, 7, 1, '2017-09-01', '2018-01-05', 37),
(2971, 4, 3, 5, 11, 47, 74, 7, 1, '2017-09-01', '2018-01-05', 37),
(2972, 2, 3, 5, 11, 47, 74, 7, 1, '2017-09-01', '2018-01-05', 37),
(2973, 1, 3, 5, 11, 47, 75, 7, 2, '2017-09-01', '2018-01-05', 39),
(2974, 3, 3, 5, 11, 47, 75, 7, 2, '2017-09-01', '2018-01-05', 39),
(2975, 4, 3, 5, 11, 47, 75, 7, 2, '2017-09-01', '2018-01-05', 39),
(2976, 2, 3, 5, 11, 47, 75, 7, 2, '2017-09-01', '2018-01-05', 39),
(2977, 1, 3, 6, 11, 47, 74, 7, 1, '2017-09-01', '2018-01-05', 37),
(2978, 3, 3, 6, 11, 47, 74, 7, 1, '2017-09-01', '2018-01-05', 37),
(2979, 1, 3, 6, 11, 47, 75, 7, 2, '2017-09-01', '2018-01-05', 39),
(2980, 3, 3, 6, 11, 47, 75, 7, 2, '2017-09-01', '2018-01-05', 39),
(2981, 1, 4, 2, 11, 51, 77, 7, 3, '2017-09-01', '2018-01-05', 9),
(2982, 3, 4, 2, 11, 51, 77, 7, 3, '2017-09-01', '2018-01-05', 9),
(2983, 4, 4, 2, 11, 51, 77, 7, 3, '2017-09-01', '2018-01-05', 9),
(2984, 2, 4, 2, 11, 51, 77, 7, 3, '2017-09-01', '2018-01-05', 9),
(2985, 1, 4, 3, 11, 171, 184, 7, 3, '2017-09-01', '2018-01-05', 55),
(2986, 3, 4, 3, 11, 171, 184, 7, 3, '2017-09-01', '2018-01-05', 55),
(2987, 4, 4, 3, 11, 150, 162, 7, 3, '2017-10-05', '2018-01-05', 18),
(2988, 2, 4, 3, 11, 150, 162, 7, 3, '2017-10-05', '2018-01-05', 18),
(2989, 1, 4, 4, 11, 129, 130, 7, 3, '2017-09-01', '2018-01-05', 43),
(2990, 3, 4, 4, 11, 129, 130, 7, 3, '2017-09-01', '2018-01-05', 43),
(2991, 4, 4, 4, 11, 129, 130, 7, 3, '2017-09-01', '2018-01-05', 43),
(2992, 2, 4, 4, 11, 129, 130, 7, 3, '2017-09-01', '2018-01-05', 43),
(2993, 1, 4, 5, 11, 100, 320, 7, 3, '2017-09-01', '2018-01-05', 13),
(2994, 3, 4, 5, 11, 100, 320, 7, 3, '2017-09-01', '2018-01-05', 13),
(2995, 4, 4, 5, 11, 100, 320, 7, 3, '2017-09-01', '2018-01-05', 13),
(2996, 2, 4, 5, 11, 100, 320, 7, 3, '2017-09-01', '2018-01-05', 13),
(2997, 4, 5, 1, 11, 100, 320, 7, 3, '2017-09-01', '2018-01-05', 13),
(2998, 2, 5, 1, 11, 100, 320, 7, 3, '2017-09-01', '2018-01-05', 13),
(2999, 1, 5, 2, 11, 129, 130, 7, 3, '2017-09-01', '2018-01-05', 43),
(3000, 3, 5, 2, 11, 129, 130, 7, 3, '2017-09-01', '2018-01-05', 43),
(3001, 4, 5, 2, 11, 304, 179, 7, 3, '2017-09-01', '2018-01-05', 2),
(3002, 2, 5, 2, 11, 304, 179, 7, 3, '2017-09-01', '2018-01-05', 2),
(3003, 1, 5, 3, 11, 164, 163, 7, 3, '2017-09-01', '2018-01-05', 16),
(3004, 3, 5, 3, 11, 164, 163, 7, 3, '2017-09-01', '2018-01-05', 16),
(3005, 4, 5, 3, 11, 164, 163, 7, 3, '2017-09-01', '2018-01-05', 16),
(3006, 2, 5, 3, 11, 164, 163, 7, 3, '2017-09-01', '2018-01-05', 16),
(3007, 1, 5, 4, 11, 43, 53, 3, 1, '2017-09-01', '2018-01-05', 49),
(3008, 3, 5, 4, 11, 43, 53, 3, 1, '2017-09-01', '2018-01-05', 49),
(3009, 4, 5, 4, 11, 43, 53, 3, 1, '2017-09-01', '2018-01-05', 49),
(3010, 2, 5, 4, 11, 43, 53, 3, 1, '2017-09-01', '2018-01-05', 49),
(3011, 1, 5, 4, 11, 43, 54, 3, 2, '2017-09-01', '2018-01-05', 49),
(3012, 3, 5, 4, 11, 43, 54, 3, 2, '2017-09-01', '2018-01-05', 49),
(3013, 4, 5, 4, 11, 43, 54, 3, 2, '2017-09-01', '2018-01-05', 49),
(3014, 2, 5, 4, 11, 43, 54, 3, 2, '2017-09-01', '2018-01-05', 49),
(3015, 1, 5, 5, 11, 304, 179, 7, 3, '2017-09-01', '2018-01-05', 2),
(3016, 3, 5, 5, 11, 304, 179, 7, 3, '2017-09-01', '2018-01-05', 2),
(3017, 4, 6, 2, 11, 173, 182, 7, 3, '2017-09-01', '2018-01-05', 7),
(3018, 2, 6, 2, 11, 173, 182, 7, 3, '2017-09-01', '2018-01-05', 7),
(3019, 1, 6, 3, 11, 173, 182, 7, 3, '2017-09-01', '2018-01-05', 7),
(3020, 3, 6, 3, 11, 173, 182, 7, 3, '2017-09-01', '2018-01-05', 7),
(3021, 4, 6, 3, 11, 173, 182, 7, 3, '2017-09-01', '2018-01-05', 7),
(3022, 2, 6, 3, 11, 173, 182, 7, 3, '2017-09-01', '2018-01-05', 7),
(3023, 1, 6, 4, 11, 15, 18, 7, 3, '2017-09-01', '2018-01-05', 2),
(3024, 1, 6, 4, 11, 31, 18, 7, 3, '2017-09-01', '2018-01-05', 31),
(3025, 3, 6, 4, 11, 31, 18, 7, 3, '2017-09-01', '2018-01-05', 31),
(3026, 4, 6, 4, 11, 31, 18, 7, 3, '2017-09-01', '2018-01-05', 31),
(3027, 2, 6, 4, 11, 31, 18, 7, 3, '2017-09-01', '2018-01-05', 31),
(3028, 1, 1, 1, 8, 100, 320, 7, 3, '2017-09-01', '2018-01-05', 13),
(3029, 3, 1, 1, 8, 100, 320, 7, 3, '2017-09-01', '2018-01-05', 13),
(3030, 4, 1, 1, 8, 100, 320, 7, 3, '2017-09-01', '2018-01-05', 13),
(3031, 2, 1, 1, 8, 100, 320, 7, 3, '2017-09-01', '2018-01-05', 13),
(3032, 1, 1, 2, 8, 164, 156, 7, 3, '2017-09-01', '2018-01-05', 14),
(3033, 3, 1, 2, 8, 164, 156, 7, 3, '2017-09-01', '2018-01-05', 14),
(3034, 4, 1, 2, 8, 164, 156, 7, 3, '2017-09-01', '2018-01-05', 14),
(3035, 2, 1, 2, 8, 164, 156, 7, 3, '2017-09-01', '2018-01-05', 14),
(3036, 1, 1, 3, 8, 43, 49, 3, 1, '2017-09-01', '2018-01-05', 49),
(3037, 3, 1, 3, 8, 43, 49, 3, 1, '2017-09-01', '2018-01-05', 49),
(3038, 4, 1, 3, 8, 43, 49, 3, 1, '2017-09-01', '2018-01-05', 49),
(3039, 2, 1, 3, 8, 43, 49, 3, 1, '2017-09-01', '2018-01-05', 49),
(3040, 1, 1, 3, 8, 43, 49, 3, 1, '2017-09-01', '2018-01-05', 49),
(3041, 3, 1, 3, 8, 43, 49, 3, 1, '2017-09-01', '2018-01-05', 49),
(3042, 4, 1, 3, 8, 43, 49, 3, 1, '2017-09-01', '2018-01-05', 49),
(3043, 2, 1, 3, 8, 43, 49, 3, 1, '2017-09-01', '2018-01-05', 49),
(3044, 1, 1, 3, 8, 43, 55, 3, 2, '2017-09-01', '2018-01-05', 49),
(3045, 3, 1, 3, 8, 43, 55, 3, 2, '2017-09-01', '2018-01-05', 49),
(3046, 4, 1, 3, 8, 43, 55, 3, 2, '2017-09-01', '2018-01-05', 49),
(3047, 2, 1, 3, 8, 43, 55, 3, 2, '2017-09-01', '2018-01-05', 49),
(3048, 1, 1, 4, 8, 171, 184, 7, 3, '2017-09-01', '2018-01-05', 55);
INSERT INTO Records (IdRecord, WeekNumber, [WeekDay], SubjOrdinalNumber, IdGroup, IdSubject, IdLecturer, IdSubjectType, IdSubjectFor, DateFrom, DateTo, IdClassroom) VALUES
(3049, 3, 1, 4, 8, 171, 184, 7, 3, '2017-09-01', '2018-01-05', 55),
(3050, 4, 1, 4, 8, 171, 184, 7, 3, '2017-09-01', '2018-01-05', 55),
(3051, 2, 1, 4, 8, 171, 184, 7, 3, '2017-09-01', '2018-01-05', 55),
(3052, 1, 2, 1, 8, 51, 78, 7, 3, '2017-09-01', '2018-01-05', 9),
(3053, 3, 2, 1, 8, 51, 78, 7, 3, '2017-09-01', '2018-01-05', 9),
(3054, 4, 2, 1, 8, 51, 78, 7, 3, '2017-09-01', '2018-01-05', 9),
(3055, 2, 2, 1, 8, 51, 78, 7, 3, '2017-09-01', '2018-01-05', 9),
(3056, 1, 2, 2, 8, 129, 130, 7, 3, '2017-09-01', '2018-01-05', 43),
(3057, 3, 2, 2, 8, 129, 130, 7, 3, '2017-09-01', '2018-01-05', 43),
(3058, 4, 2, 2, 8, 129, 130, 7, 3, '2017-09-01', '2018-01-05', 43),
(3059, 2, 2, 2, 8, 129, 130, 7, 3, '2017-09-01', '2018-01-05', 43),
(3060, 1, 2, 3, 8, 304, 183, 7, 3, '2017-09-01', '2018-01-05', 1),
(3061, 3, 2, 3, 8, 304, 183, 7, 3, '2017-09-01', '2018-01-05', 1),
(3062, 4, 2, 3, 8, 304, 183, 7, 3, '2017-09-01', '2018-01-05', 1),
(3063, 2, 2, 3, 8, 304, 183, 7, 3, '2017-09-01', '2018-01-05', 1),
(3064, 1, 2, 4, 8, 171, 184, 7, 3, '2017-09-01', '2018-01-05', 55),
(3065, 3, 2, 4, 8, 171, 184, 7, 3, '2017-09-01', '2018-01-05', 55),
(3066, 4, 2, 4, 8, 171, 184, 7, 3, '2017-09-01', '2018-01-05', 55),
(3067, 2, 2, 4, 8, 171, 184, 7, 3, '2017-09-01', '2018-01-05', 55),
(3068, 1, 3, 3, 8, 43, 49, 3, 1, '2017-09-01', '2018-01-05', 49),
(3069, 3, 3, 3, 8, 43, 49, 3, 1, '2017-09-01', '2018-01-05', 49),
(3070, 4, 3, 3, 8, 43, 49, 3, 1, '2017-09-01', '2018-01-05', 49),
(3071, 2, 3, 3, 8, 43, 49, 3, 1, '2017-09-01', '2018-01-05', 49),
(3072, 1, 3, 3, 8, 43, 55, 3, 2, '2017-09-01', '2018-01-05', 49),
(3073, 3, 3, 3, 8, 43, 55, 3, 2, '2017-09-01', '2018-01-05', 49),
(3074, 4, 3, 3, 8, 43, 55, 3, 2, '2017-09-01', '2018-01-05', 49),
(3075, 2, 3, 3, 8, 43, 55, 3, 2, '2017-09-01', '2018-01-05', 49),
(3076, 1, 3, 4, 8, 47, 74, 7, 1, '2017-09-01', '2018-01-05', 37),
(3077, 3, 3, 4, 8, 47, 74, 7, 1, '2017-09-01', '2018-01-05', 37),
(3078, 4, 3, 4, 8, 47, 74, 7, 1, '2017-09-01', '2018-01-05', 37),
(3079, 2, 3, 4, 8, 47, 74, 7, 1, '2017-09-01', '2018-01-05', 37),
(3080, 1, 3, 4, 8, 47, 75, 7, 2, '2017-09-01', '2018-01-05', 39),
(3081, 3, 3, 4, 8, 47, 75, 7, 2, '2017-09-01', '2018-01-05', 39),
(3082, 4, 3, 4, 8, 47, 75, 7, 2, '2017-09-01', '2018-01-05', 39),
(3083, 2, 3, 4, 8, 47, 75, 7, 2, '2017-09-01', '2018-01-05', 39),
(3084, 1, 3, 5, 8, 51, 78, 7, 3, '2017-09-01', '2018-01-05', 9),
(3085, 3, 3, 5, 8, 51, 78, 7, 3, '2017-09-01', '2018-01-05', 9),
(3086, 4, 3, 5, 8, 51, 78, 7, 3, '2017-09-01', '2018-01-05', 9),
(3087, 2, 3, 5, 8, 51, 78, 7, 3, '2017-09-01', '2018-01-05', 9),
(3088, 4, 3, 6, 8, 47, 74, 7, 1, '2017-09-01', '2018-01-05', 37),
(3089, 2, 3, 6, 8, 47, 74, 7, 1, '2017-09-01', '2018-01-05', 37),
(3090, 4, 3, 6, 8, 47, 75, 7, 2, '2017-09-01', '2018-01-05', 49),
(3091, 2, 3, 6, 8, 47, 75, 7, 2, '2017-09-01', '2018-01-05', 49),
(3092, 1, 4, 2, 8, 173, 188, 7, 3, '2017-09-01', '2018-01-05', 4),
(3093, 3, 4, 2, 8, 173, 188, 7, 3, '2017-09-01', '2018-01-05', 4),
(3094, 4, 4, 2, 8, 173, 188, 7, 3, '2017-09-01', '2018-01-05', 4),
(3095, 2, 4, 2, 8, 173, 188, 7, 3, '2017-09-01', '2018-01-05', 4),
(3096, 1, 4, 3, 8, 173, 188, 7, 3, '2017-09-01', '2018-01-05', 4),
(3097, 3, 4, 3, 8, 173, 188, 7, 3, '2017-09-01', '2018-01-05', 4),
(3098, 4, 4, 3, 8, 164, 156, 7, 3, '2017-09-01', '2018-01-05', 17),
(3099, 2, 4, 3, 8, 164, 156, 7, 3, '2017-09-01', '2018-01-05', 17),
(3100, 1, 4, 4, 8, 171, 184, 7, 3, '2017-09-01', '2018-01-05', 55),
(3101, 3, 4, 4, 8, 171, 184, 7, 3, '2017-09-01', '2018-01-05', 55),
(3102, 4, 4, 4, 8, 164, 156, 7, 3, '2017-09-01', '2018-01-05', 17),
(3103, 2, 4, 4, 8, 164, 156, 7, 3, '2017-09-01', '2018-01-05', 17),
(3104, 1, 4, 5, 8, 129, 130, 7, 3, '2017-09-01', '2018-01-05', 43),
(3105, 3, 4, 5, 8, 129, 130, 7, 3, '2017-09-01', '2018-01-05', 43),
(3106, 4, 4, 5, 8, 129, 130, 7, 3, '2017-09-01', '2018-01-05', 43),
(3107, 2, 4, 5, 8, 129, 130, 7, 3, '2017-09-01', '2018-01-05', 43),
(3108, 1, 5, 1, 8, 51, 78, 7, 3, '2017-09-01', '2018-01-05', 9),
(3109, 3, 5, 1, 8, 51, 78, 7, 3, '2017-09-01', '2018-01-05', 9),
(3110, 4, 5, 1, 8, 51, 78, 7, 3, '2017-09-01', '2018-01-05', 9),
(3111, 2, 5, 1, 8, 51, 78, 7, 3, '2017-09-01', '2018-01-05', 9),
(3112, 1, 5, 2, 8, 100, 320, 7, 3, '2017-09-01', '2018-01-05', 13),
(3113, 3, 5, 2, 8, 100, 320, 7, 3, '2017-09-01', '2018-01-05', 13),
(3114, 4, 5, 2, 8, 129, 130, 7, 3, '2017-09-01', '2018-01-05', 43),
(3115, 2, 5, 2, 8, 129, 130, 7, 3, '2017-09-01', '2018-01-05', 43),
(3116, 1, 5, 3, 8, 43, 49, 3, 1, '2017-09-01', '2018-01-05', 49),
(3117, 3, 5, 3, 8, 43, 49, 3, 1, '2017-09-01', '2018-01-05', 49),
(3118, 4, 5, 3, 8, 43, 49, 3, 1, '2017-09-01', '2018-01-05', 49),
(3119, 2, 5, 3, 8, 43, 49, 3, 1, '2017-09-01', '2018-01-05', 49),
(3120, 1, 5, 3, 8, 43, 55, 3, 2, '2017-09-01', '2018-01-05', 49),
(3121, 3, 5, 3, 8, 43, 55, 3, 2, '2017-09-01', '2018-01-05', 49),
(3122, 4, 5, 3, 8, 43, 55, 3, 2, '2017-09-01', '2018-01-05', 49),
(3123, 2, 5, 3, 8, 43, 55, 3, 2, '2017-09-01', '2018-01-05', 49),
(3124, 1, 5, 4, 8, 150, 148, 7, 3, '2017-09-01', '2018-01-05', 49),
(3125, 3, 5, 4, 8, 150, 148, 7, 3, '2017-09-01', '2018-01-05', 49),
(3126, 4, 5, 4, 8, 150, 148, 7, 3, '2017-09-01', '2018-01-05', 49),
(3127, 2, 5, 4, 8, 150, 148, 7, 3, '2017-09-01', '2018-01-05', 49),
(3128, 1, 6, 1, 8, 31, 18, 7, 3, '2017-09-01', '2018-01-05', 2),
(3129, 3, 6, 1, 8, 31, 18, 7, 3, '2017-09-01', '2018-01-05', 2),
(3130, 4, 6, 1, 8, 31, 18, 7, 3, '2017-09-01', '2018-01-05', 2),
(3131, 2, 6, 1, 8, 31, 18, 7, 3, '2017-09-01', '2018-01-05', 2),
(3132, 1, 6, 2, 8, 304, 183, 7, 3, '2017-09-01', '2018-01-05', 52),
(3133, 3, 6, 2, 8, 304, 183, 7, 3, '2017-09-01', '2018-01-05', 52),
(3134, 4, 6, 2, 8, 304, 183, 7, 3, '2017-09-01', '2018-01-05', 52),
(3135, 2, 6, 2, 8, 304, 183, 7, 3, '2017-09-01', '2018-01-05', 52),
(3136, 1, 6, 3, 8, 150, 148, 7, 3, '2017-09-01', '2018-01-05', 17),
(3137, 3, 6, 3, 8, 150, 148, 7, 3, '2017-09-01', '2018-01-05', 17),
(3138, 4, 5, 4, 111, 310, 196, 3, 3, '2017-10-06', '2018-01-05', 51),
(3139, 2, 5, 4, 111, 310, 196, 3, 3, '2017-10-06', '2018-01-05', 51),
(3140, 1, 2, 1, 103, 103, 112, 7, 3, '2017-09-26', '2018-01-05', 44),
(3141, 3, 2, 1, 103, 103, 112, 7, 3, '2017-09-26', '2018-01-05', 44),
(3142, 4, 2, 1, 103, 103, 112, 7, 3, '2017-09-26', '2018-01-05', 44),
(3143, 2, 2, 1, 103, 103, 112, 7, 3, '2017-09-26', '2018-01-05', 44),
(3144, 1, 2, 2, 103, 86, 112, 7, 3, '2017-09-26', '2018-01-05', 44),
(3145, 3, 2, 2, 103, 86, 112, 7, 3, '2017-09-26', '2018-01-05', 44),
(3146, 4, 2, 2, 103, 86, 112, 7, 3, '2017-09-26', '2018-01-05', 44),
(3147, 2, 2, 2, 103, 86, 112, 7, 3, '2017-09-26', '2018-01-05', 44),
(3148, 1, 2, 4, 103, 76, 94, 7, 3, '2017-09-26', '2018-01-05', 50),
(3149, 3, 2, 4, 103, 76, 94, 7, 3, '2017-09-26', '2018-01-05', 50),
(3150, 4, 2, 4, 103, 78, 95, 7, 3, '2017-10-03', '2018-01-05', 23),
(3151, 2, 2, 4, 103, 78, 95, 7, 3, '2017-10-03', '2018-01-05', 23),
(3152, 1, 2, 5, 103, 205, 216, 7, 3, '2017-09-26', '2018-01-05', 27),
(3153, 3, 2, 5, 103, 205, 216, 7, 3, '2017-09-26', '2018-01-05', 27),
(3154, 4, 2, 5, 103, 76, 94, 7, 3, '2017-10-03', '2018-01-05', 50),
(3155, 2, 2, 5, 103, 76, 94, 7, 3, '2017-10-03', '2018-01-05', 50),
(3156, 1, 3, 1, 103, 43, 49, 3, 1, '2017-09-27', '2018-01-05', 49),
(3157, 3, 3, 1, 103, 43, 49, 3, 1, '2017-09-27', '2018-01-05', 49),
(3158, 4, 3, 1, 103, 43, 49, 3, 1, '2017-09-27', '2018-01-05', 49),
(3159, 2, 3, 1, 103, 43, 49, 3, 1, '2017-09-27', '2018-01-05', 49),
(3160, 1, 3, 1, 103, 43, 50, 3, 2, '2017-09-27', '2018-01-05', 49),
(3161, 3, 3, 1, 103, 43, 50, 3, 2, '2017-09-27', '2018-01-05', 49),
(3162, 4, 3, 1, 103, 43, 50, 3, 2, '2017-09-27', '2018-01-05', 49),
(3163, 2, 3, 1, 103, 43, 50, 3, 2, '2017-09-27', '2018-01-05', 49),
(3164, 1, 3, 2, 103, 78, 95, 7, 3, '2017-09-27', '2018-01-05', 26),
(3165, 3, 3, 2, 103, 78, 95, 7, 3, '2017-09-27', '2018-01-05', 26),
(3166, 4, 3, 2, 103, 23, 14, 7, 1, '2017-10-04', '2018-01-05', 22),
(3167, 2, 3, 2, 103, 23, 14, 7, 1, '2017-10-04', '2018-01-05', 22),
(3168, 4, 3, 2, 103, 23, 32, 7, 2, '2017-10-04', '2018-01-05', 21),
(3169, 2, 3, 2, 103, 23, 32, 7, 2, '2017-10-04', '2018-01-05', 21),
(3170, 1, 3, 3, 103, 78, 95, 7, 3, '2017-09-27', '2018-01-05', 26),
(3171, 3, 3, 3, 103, 78, 95, 7, 3, '2017-09-27', '2018-01-05', 26),
(3172, 4, 3, 3, 103, 31, 18, 7, 3, '2017-10-04', '2018-01-05', 26),
(3173, 2, 3, 3, 103, 31, 18, 7, 3, '2017-10-04', '2018-01-05', 26),
(3174, 4, 3, 4, 103, 23, 32, 7, 2, '2017-10-04', '2018-01-05', 21),
(3175, 2, 3, 4, 103, 23, 32, 7, 2, '2017-10-04', '2018-01-05', 21),
(3176, 1, 4, 1, 103, 103, 112, 7, 3, '2017-09-28', '2018-01-05', 44),
(3177, 3, 4, 1, 103, 103, 112, 7, 3, '2017-09-28', '2018-01-05', 44),
(3178, 4, 4, 1, 103, 103, 112, 7, 3, '2017-09-28', '2018-01-05', 44),
(3179, 2, 4, 1, 103, 103, 112, 7, 3, '2017-09-28', '2018-01-05', 44),
(3180, 1, 4, 2, 103, 205, 213, 7, 3, '2017-09-28', '2018-01-05', 47),
(3181, 3, 4, 2, 103, 205, 213, 7, 3, '2017-09-28', '2018-01-05', 47),
(3182, 4, 4, 2, 103, 205, 213, 7, 3, '2017-09-28', '2018-01-05', 47),
(3183, 2, 4, 2, 103, 205, 213, 7, 3, '2017-09-28', '2018-01-05', 47),
(3184, 1, 4, 3, 103, 76, 94, 7, 3, '2017-09-28', '2018-01-05', 50),
(3185, 3, 4, 3, 103, 76, 94, 7, 3, '2017-09-28', '2018-01-05', 50),
(3186, 4, 4, 3, 103, 76, 94, 7, 3, '2017-09-28', '2018-01-05', 50),
(3187, 2, 4, 3, 103, 76, 94, 7, 3, '2017-09-28', '2018-01-05', 50),
(3188, 4, 4, 4, 103, 76, 94, 7, 3, '2017-10-05', '2018-01-05', 50),
(3189, 2, 4, 4, 103, 76, 94, 7, 3, '2017-10-05', '2018-01-05', 50),
(3190, 1, 5, 1, 103, 43, 49, 3, 1, '2017-09-29', '2018-01-05', 49),
(3191, 3, 5, 1, 103, 43, 49, 3, 1, '2017-09-29', '2018-01-05', 49),
(3192, 4, 5, 1, 103, 43, 49, 3, 1, '2017-09-29', '2018-01-05', 49),
(3193, 2, 5, 1, 103, 43, 49, 3, 1, '2017-09-29', '2018-01-05', 49),
(3194, 1, 5, 1, 103, 43, 50, 3, 2, '2017-09-29', '2018-01-05', 49),
(3195, 3, 5, 1, 103, 43, 50, 3, 2, '2017-09-29', '2018-01-05', 49),
(3196, 4, 5, 1, 103, 43, 50, 3, 2, '2017-09-29', '2018-01-05', 49),
(3197, 2, 5, 1, 103, 43, 50, 3, 2, '2017-09-29', '2018-01-05', 49),
(3198, 1, 5, 2, 103, 32, 14, 7, 1, '2017-09-29', '2018-01-05', 22),
(3199, 3, 5, 2, 103, 32, 14, 7, 1, '2017-09-29', '2018-01-05', 22),
(3200, 4, 5, 2, 103, 32, 14, 7, 1, '2017-09-29', '2018-01-05', 22),
(3201, 2, 5, 2, 103, 32, 14, 7, 1, '2017-09-29', '2018-01-05', 22),
(3202, 1, 5, 2, 103, 32, 32, 7, 2, '2017-09-29', '2018-01-05', 23),
(3203, 3, 5, 2, 103, 32, 32, 7, 2, '2017-09-29', '2018-01-05', 23),
(3204, 4, 5, 2, 103, 32, 32, 7, 2, '2017-09-29', '2018-01-05', 23),
(3205, 2, 5, 2, 103, 32, 32, 7, 2, '2017-09-29', '2018-01-05', 23),
(3206, 1, 5, 4, 103, 102, 108, 7, 3, '2017-09-29', '2018-01-05', 46),
(3207, 3, 5, 4, 103, 102, 108, 7, 3, '2017-09-29', '2018-01-05', 46),
(3208, 4, 5, 4, 103, 102, 108, 7, 3, '2017-09-29', '2018-01-05', 46),
(3209, 2, 5, 4, 103, 102, 108, 7, 3, '2017-09-29', '2018-01-05', 46),
(3210, 4, 5, 5, 103, 102, 108, 7, 3, '2017-10-06', '2018-01-05', 46),
(3211, 2, 5, 5, 103, 102, 108, 7, 3, '2017-10-06', '2018-01-05', 46),
(3212, 1, 6, 2, 103, 86, 112, 7, 3, '2017-09-30', '2018-01-05', 44),
(3213, 3, 6, 2, 103, 86, 112, 7, 3, '2017-09-30', '2018-01-05', 44),
(3214, 1, 6, 3, 103, 103, 112, 7, 3, '2017-09-30', '2018-01-05', 44),
(3215, 3, 6, 3, 103, 103, 112, 7, 3, '2017-09-30', '2018-01-05', 44),
(3216, 4, 6, 3, 103, 103, 112, 7, 3, '2017-09-30', '2018-01-05', 44),
(3217, 2, 6, 3, 103, 103, 112, 7, 3, '2017-09-30', '2018-01-05', 44),
(3218, 4, 6, 4, 103, 86, 112, 7, 3, '2017-10-07', '2018-01-05', 44),
(3219, 2, 6, 4, 103, 86, 112, 7, 3, '2017-10-07', '2018-01-05', 44),
(3220, 1, 1, 1, 104, 23, 32, 7, 2, '2017-09-25', '2018-01-05', 21),
(3221, 3, 1, 1, 104, 23, 32, 7, 2, '2017-09-25', '2018-01-05', 21),
(3222, 4, 1, 1, 104, 23, 32, 7, 2, '2017-09-25', '2018-01-05', 21),
(3223, 2, 1, 1, 104, 23, 32, 7, 2, '2017-09-25', '2018-01-05', 21),
(3224, 1, 1, 2, 104, 43, 53, 3, 1, '2017-09-25', '2018-01-05', 49),
(3225, 3, 1, 2, 104, 43, 53, 3, 1, '2017-09-25', '2018-01-05', 49),
(3226, 4, 1, 2, 104, 43, 53, 3, 1, '2017-09-25', '2018-01-05', 49),
(3227, 2, 1, 2, 104, 43, 53, 3, 1, '2017-09-25', '2018-01-05', 49),
(3228, 1, 1, 2, 104, 43, 54, 3, 2, '2017-09-25', '2018-01-05', 49),
(3229, 3, 1, 2, 104, 43, 54, 3, 2, '2017-09-25', '2018-01-05', 49),
(3230, 4, 1, 2, 104, 43, 54, 3, 2, '2017-09-25', '2018-01-05', 49),
(3231, 2, 1, 2, 104, 43, 54, 3, 2, '2017-09-25', '2018-01-05', 49),
(3232, 1, 1, 3, 104, 205, 206, 7, 3, '2017-09-25', '2018-01-05', 50),
(3233, 3, 1, 3, 104, 205, 206, 7, 3, '2017-09-25', '2018-01-05', 50),
(3234, 4, 1, 3, 104, 205, 206, 7, 3, '2017-09-25', '2018-01-05', 50),
(3235, 2, 1, 3, 104, 205, 206, 7, 3, '2017-09-25', '2018-01-05', 50),
(3236, 1, 1, 4, 104, 204, 206, 7, 3, '2017-09-25', '2018-01-05', 50),
(3237, 3, 1, 4, 104, 204, 206, 7, 3, '2017-09-25', '2018-01-05', 50),
(3238, 4, 1, 4, 104, 204, 206, 7, 3, '2017-09-25', '2018-01-05', 50),
(3239, 2, 1, 4, 104, 204, 206, 7, 3, '2017-09-25', '2018-01-05', 50),
(3240, 1, 1, 5, 104, 205, 206, 7, 3, '2017-09-25', '2018-01-05', 50),
(3241, 3, 1, 5, 104, 205, 206, 7, 3, '2017-09-25', '2018-01-05', 50),
(3242, 4, 1, 5, 104, 204, 206, 7, 3, '2017-10-02', '2018-01-05', 50),
(3243, 2, 1, 5, 104, 204, 206, 7, 3, '2017-10-02', '2018-01-05', 50),
(3244, 1, 2, 3, 104, 88, 312, 7, 3, '2017-09-26', '2018-01-05', 28),
(3245, 3, 2, 3, 104, 88, 312, 7, 3, '2017-09-26', '2018-01-05', 28),
(3246, 4, 2, 3, 104, 88, 312, 7, 3, '2017-09-26', '2018-01-05', 28),
(3247, 2, 2, 3, 104, 88, 312, 7, 3, '2017-09-26', '2018-01-05', 28),
(3248, 1, 2, 4, 104, 96, 116, 7, 3, '2017-09-26', '2018-01-05', 28),
(3249, 3, 2, 4, 104, 96, 116, 7, 3, '2017-09-26', '2018-01-05', 28),
(3250, 4, 2, 4, 104, 88, 312, 7, 3, '2017-10-03', '2018-01-05', 13),
(3251, 2, 2, 4, 104, 88, 312, 7, 3, '2017-10-03', '2018-01-05', 13),
(3252, 1, 2, 5, 104, 94, 109, 7, 3, '2017-09-26', '2018-01-05', 45),
(3253, 3, 2, 5, 104, 94, 109, 7, 3, '2017-09-26', '2018-01-05', 45),
(3254, 4, 2, 5, 104, 94, 109, 7, 3, '2017-09-26', '2018-01-05', 45),
(3255, 2, 2, 5, 104, 94, 109, 7, 3, '2017-09-26', '2018-01-05', 45),
(3256, 1, 2, 6, 104, 92, 109, 7, 3, '2017-09-26', '2018-01-05', 45),
(3257, 3, 2, 6, 104, 92, 109, 7, 3, '2017-09-26', '2018-01-05', 45),
(3258, 4, 2, 6, 104, 92, 109, 7, 3, '2017-09-26', '2018-01-05', 45),
(3259, 2, 2, 6, 104, 92, 109, 7, 3, '2017-09-26', '2018-01-05', 45),
(3260, 1, 3, 1, 104, 43, 53, 3, 1, '2017-09-27', '2018-01-05', 49),
(3261, 3, 3, 1, 104, 43, 53, 3, 1, '2017-09-27', '2018-01-05', 49),
(3262, 4, 3, 1, 104, 43, 53, 3, 1, '2017-09-27', '2018-01-05', 49),
(3263, 2, 3, 1, 104, 43, 53, 3, 1, '2017-09-27', '2018-01-05', 49),
(3264, 1, 3, 1, 104, 43, 54, 3, 2, '2017-09-27', '2018-01-05', 49),
(3265, 3, 3, 1, 104, 43, 54, 3, 2, '2017-09-27', '2018-01-05', 49),
(3266, 4, 3, 1, 104, 43, 54, 3, 2, '2017-09-27', '2018-01-05', 49),
(3267, 2, 3, 1, 104, 43, 54, 3, 2, '2017-09-27', '2018-01-05', 49),
(3268, 1, 3, 2, 104, 96, 116, 7, 3, '2017-09-27', '2018-01-05', 13),
(3269, 3, 3, 2, 104, 96, 116, 7, 3, '2017-09-27', '2018-01-05', 13),
(3270, 4, 3, 2, 104, 96, 116, 7, 3, '2017-09-27', '2018-01-05', 13),
(3271, 2, 3, 2, 104, 96, 116, 7, 3, '2017-09-27', '2018-01-05', 13),
(3272, 1, 3, 3, 104, 23, 14, 7, 1, '2017-09-27', '2018-01-05', 22),
(3273, 3, 3, 3, 104, 23, 14, 7, 1, '2017-09-27', '2018-01-05', 22),
(3274, 4, 3, 3, 104, 49, 70, 7, 1, '2017-10-04', '2018-01-05', 38),
(3275, 2, 3, 3, 104, 49, 70, 7, 1, '2017-10-04', '2018-01-05', 38),
(3276, 4, 3, 3, 104, 49, 72, 7, 2, '2017-10-04', '2018-01-05', 41),
(3277, 2, 3, 3, 104, 49, 72, 7, 2, '2017-10-04', '2018-01-05', 41),
(3278, 1, 3, 4, 104, 78, 96, 7, 3, '2017-09-27', '2018-01-05', 32),
(3279, 3, 3, 4, 104, 78, 96, 7, 3, '2017-09-27', '2018-01-05', 32),
(3280, 4, 3, 4, 104, 78, 96, 7, 3, '2017-09-27', '2018-01-05', 32),
(3281, 2, 3, 4, 104, 78, 96, 7, 3, '2017-09-27', '2018-01-05', 32),
(3282, 1, 4, 1, 104, 76, 94, 7, 3, '2017-09-28', '2018-01-05', 50),
(3283, 3, 4, 1, 104, 76, 94, 7, 3, '2017-09-28', '2018-01-05', 50),
(3284, 1, 4, 2, 104, 76, 94, 7, 3, '2017-09-28', '2018-01-05', 50),
(3285, 3, 4, 2, 104, 76, 94, 7, 3, '2017-09-28', '2018-01-05', 50),
(3286, 4, 4, 2, 104, 76, 94, 7, 3, '2017-09-28', '2018-01-05', 50),
(3287, 2, 4, 2, 104, 76, 94, 7, 3, '2017-09-28', '2018-01-05', 50),
(3288, 1, 4, 3, 104, 103, 112, 7, 3, '2017-09-28', '2018-01-05', 44),
(3289, 3, 4, 3, 104, 103, 112, 7, 3, '2017-09-28', '2018-01-05', 44),
(3290, 4, 4, 3, 104, 103, 112, 7, 3, '2017-09-28', '2018-01-05', 44),
(3291, 2, 4, 3, 104, 103, 112, 7, 3, '2017-09-28', '2018-01-05', 44),
(3292, 1, 4, 4, 104, 96, 116, 7, 3, '2017-09-28', '2018-01-05', 47),
(3293, 3, 4, 4, 104, 96, 116, 7, 3, '2017-09-28', '2018-01-05', 47),
(3294, 4, 4, 4, 104, 96, 116, 7, 3, '2017-09-28', '2018-01-05', 47),
(3295, 2, 4, 4, 104, 96, 116, 7, 3, '2017-09-28', '2018-01-05', 47),
(3296, 4, 5, 1, 104, 23, 14, 7, 1, '2017-10-06', '2018-01-05', 22),
(3297, 2, 5, 1, 104, 23, 14, 7, 1, '2017-10-06', '2018-01-05', 22),
(3298, 1, 5, 2, 104, 43, 53, 3, 1, '2017-09-29', '2018-01-05', 49),
(3299, 3, 5, 2, 104, 43, 53, 3, 1, '2017-09-29', '2018-01-05', 49),
(3300, 4, 5, 2, 104, 43, 53, 3, 1, '2017-09-29', '2018-01-05', 49),
(3301, 2, 5, 2, 104, 43, 53, 3, 1, '2017-09-29', '2018-01-05', 49),
(3302, 1, 5, 2, 104, 43, 54, 3, 2, '2017-09-29', '2018-01-05', 49),
(3303, 3, 5, 2, 104, 43, 54, 3, 2, '2017-09-29', '2018-01-05', 49),
(3304, 4, 5, 2, 104, 43, 54, 3, 2, '2017-09-29', '2018-01-05', 49),
(3305, 2, 5, 2, 104, 43, 54, 3, 2, '2017-09-29', '2018-01-05', 49),
(3306, 1, 5, 3, 104, 49, 70, 7, 1, '2017-09-29', '2018-01-05', 38),
(3307, 3, 5, 3, 104, 49, 70, 7, 1, '2017-09-29', '2018-01-05', 38),
(3308, 4, 5, 3, 104, 49, 70, 7, 1, '2017-09-29', '2018-01-05', 38),
(3309, 2, 5, 3, 104, 49, 70, 7, 1, '2017-09-29', '2018-01-05', 38),
(3310, 1, 5, 3, 104, 49, 72, 7, 2, '2017-09-29', '2018-01-05', 41),
(3311, 3, 5, 3, 104, 49, 72, 7, 2, '2017-09-29', '2018-01-05', 41),
(3312, 4, 5, 3, 104, 49, 72, 7, 2, '2017-09-29', '2018-01-05', 41),
(3313, 2, 5, 3, 104, 49, 72, 7, 2, '2017-09-29', '2018-01-05', 41),
(3314, 1, 5, 4, 104, 34, 18, 7, 3, '2017-09-29', '2018-01-05', 34),
(3315, 3, 5, 4, 104, 34, 18, 7, 3, '2017-09-29', '2018-01-05', 34),
(3316, 4, 5, 4, 104, 34, 18, 7, 3, '2017-09-29', '2018-01-05', 34),
(3317, 2, 5, 4, 104, 34, 18, 7, 3, '2017-09-29', '2018-01-05', 34),
(3318, 1, 5, 5, 104, 76, 94, 7, 3, '2017-09-29', '2018-01-05', 50),
(3319, 3, 5, 5, 104, 76, 94, 7, 3, '2017-09-29', '2018-01-05', 50),
(3320, 4, 5, 5, 104, 76, 94, 7, 3, '2017-09-29', '2018-01-05', 50),
(3321, 2, 5, 5, 104, 76, 94, 7, 3, '2017-09-29', '2018-01-05', 50),
(3322, 1, 6, 1, 104, 103, 112, 7, 3, '2017-09-30', '2018-01-05', 44),
(3323, 3, 6, 1, 104, 103, 112, 7, 3, '2017-09-30', '2018-01-05', 44),
(3324, 1, 6, 2, 104, 94, 109, 7, 3, '2017-09-30', '2018-01-05', 46),
(3325, 3, 6, 2, 104, 94, 109, 7, 3, '2017-09-30', '2018-01-05', 46),
(3326, 4, 6, 2, 104, 103, 112, 7, 3, '2017-10-07', '2018-01-05', 44),
(3327, 2, 6, 2, 104, 103, 112, 7, 3, '2017-10-07', '2018-01-05', 44),
(3328, 1, 6, 3, 104, 91, 115, 7, 3, '2017-09-30', '2018-01-05', 45),
(3329, 3, 6, 3, 104, 91, 115, 7, 3, '2017-09-30', '2018-01-05', 45),
(3330, 4, 6, 3, 104, 91, 115, 7, 3, '2017-09-30', '2018-01-05', 45),
(3331, 2, 6, 3, 104, 91, 115, 7, 3, '2017-09-30', '2018-01-05', 45),
(3332, 4, 6, 4, 104, 91, 115, 7, 3, '2017-10-07', '2018-01-05', 45),
(3333, 2, 6, 4, 104, 91, 115, 7, 3, '2017-10-07', '2018-01-05', 45),
(3334, 1, 1, 2, 16, 43, 49, 3, 1, '2017-09-25', '2018-01-05', 49),
(3335, 3, 1, 2, 16, 43, 49, 3, 1, '2017-09-25', '2018-01-05', 49),
(3336, 4, 1, 2, 16, 43, 49, 3, 1, '2017-09-25', '2018-01-05', 49),
(3337, 2, 1, 2, 16, 43, 49, 3, 1, '2017-09-25', '2018-01-05', 49),
(3338, 1, 1, 2, 16, 43, 55, 3, 2, '2017-09-25', '2018-01-05', 49),
(3339, 3, 1, 2, 16, 43, 55, 3, 2, '2017-09-25', '2018-01-05', 49),
(3340, 4, 1, 2, 16, 43, 55, 3, 2, '2017-09-25', '2018-01-05', 49),
(3341, 2, 1, 2, 16, 43, 55, 3, 2, '2017-09-25', '2018-01-05', 49),
(3342, 1, 1, 3, 16, 96, 116, 7, 3, '2017-09-25', '2018-01-05', 3),
(3343, 3, 1, 3, 16, 96, 116, 7, 3, '2017-09-25', '2018-01-05', 3),
(3344, 4, 1, 3, 16, 96, 116, 7, 3, '2017-09-25', '2018-01-05', 3),
(3345, 2, 1, 3, 16, 96, 116, 7, 3, '2017-09-25', '2018-01-05', 3),
(3346, 1, 1, 4, 16, 100, 116, 7, 3, '2017-09-25', '2018-01-05', 13),
(3347, 3, 1, 4, 16, 100, 116, 7, 3, '2017-09-25', '2018-01-05', 13),
(3348, 4, 1, 4, 16, 100, 116, 7, 3, '2017-09-25', '2018-01-05', 13),
(3349, 2, 1, 4, 16, 100, 116, 7, 3, '2017-09-25', '2018-01-05', 13),
(3350, 4, 1, 5, 16, 268, 34, 7, 3, '2017-10-02', '2018-01-05', 31),
(3351, 2, 1, 5, 16, 268, 34, 7, 3, '2017-10-02', '2018-01-05', 31),
(3352, 1, 3, 1, 16, 96, 116, 7, 3, '2017-09-27', '2018-01-05', 13),
(3353, 3, 3, 1, 16, 96, 116, 7, 3, '2017-09-27', '2018-01-05', 13),
(3354, 4, 3, 1, 16, 96, 116, 7, 3, '2017-09-27', '2018-01-05', 13),
(3355, 2, 3, 1, 16, 96, 116, 7, 3, '2017-09-27', '2018-01-05', 13),
(3356, 1, 3, 2, 16, 43, 49, 3, 1, '2017-09-27', '2018-01-05', 49),
(3357, 3, 3, 2, 16, 43, 49, 3, 1, '2017-09-27', '2018-01-05', 49),
(3358, 4, 3, 2, 16, 43, 49, 3, 1, '2017-09-27', '2018-01-05', 49),
(3359, 2, 3, 2, 16, 43, 49, 3, 1, '2017-09-27', '2018-01-05', 49),
(3360, 1, 3, 2, 16, 43, 55, 3, 2, '2017-09-27', '2018-01-05', 49),
(3361, 3, 3, 2, 16, 43, 55, 3, 2, '2017-09-27', '2018-01-05', 49),
(3362, 4, 3, 2, 16, 43, 55, 3, 2, '2017-09-27', '2018-01-05', 49),
(3363, 2, 3, 2, 16, 43, 55, 3, 2, '2017-09-27', '2018-01-05', 49),
(3364, 1, 3, 3, 16, 100, 116, 7, 3, '2017-09-27', '2018-01-05', 13),
(3365, 3, 3, 3, 16, 100, 116, 7, 3, '2017-09-27', '2018-01-05', 13),
(3366, 4, 3, 3, 16, 96, 116, 7, 3, '2017-10-04', '2018-01-05', 13),
(3367, 2, 3, 3, 16, 96, 116, 7, 3, '2017-10-04', '2018-01-05', 13),
(3368, 1, 3, 4, 16, 24, 32, 7, 3, '2017-09-27', '2018-01-05', 19),
(3369, 3, 3, 4, 16, 24, 32, 7, 3, '2017-09-27', '2018-01-05', 19),
(3370, 4, 3, 4, 16, 268, 34, 7, 3, '2017-10-04', '2018-01-05', 31),
(3371, 2, 3, 4, 16, 268, 34, 7, 3, '2017-10-04', '2018-01-05', 31),
(3372, 4, 1, 2, 49, 137, 123, 7, 3, '2017-09-01', '2017-11-22', 40),
(3373, 2, 1, 2, 49, 137, 123, 7, 3, '2017-09-01', '2017-11-22', 40),
(3374, 4, 1, 3, 49, 130, 143, 7, 3, '2017-09-01', '2017-11-22', 36),
(3375, 3, 1, 3, 49, 130, 143, 7, 3, '2017-09-01', '2017-11-22', 36),
(3376, 2, 1, 3, 49, 130, 143, 7, 3, '2017-09-01', '2017-11-22', 36),
(3377, 1, 1, 3, 49, 130, 143, 7, 3, '2017-09-01', '2017-11-22', 36),
(3378, 4, 1, 4, 49, 143, 319, 7, 3, '2017-09-01', '2017-11-22', 43),
(3379, 3, 1, 4, 49, 143, 319, 7, 3, '2017-09-01', '2017-11-22', 43),
(3380, 2, 1, 4, 49, 143, 319, 7, 3, '2017-09-01', '2017-11-22', 43),
(3381, 1, 1, 4, 49, 143, 319, 7, 3, '2017-09-01', '2017-11-22', 43),
(3382, 4, 2, 2, 49, 141, 323, 7, 3, '2017-09-01', '2017-11-22', 28),
(3383, 3, 2, 2, 49, 141, 323, 7, 3, '2017-09-01', '2017-11-22', 28),
(3384, 2, 2, 2, 49, 141, 323, 7, 3, '2017-09-01', '2017-11-22', 28),
(3385, 1, 2, 2, 49, 141, 323, 7, 3, '2017-09-01', '2017-11-22', 28),
(3386, 4, 2, 3, 49, 25, 23, 7, 1, '2017-09-01', '2017-11-22', 21),
(3387, 3, 2, 3, 49, 25, 23, 7, 1, '2017-09-01', '2017-11-22', 21),
(3388, 2, 2, 3, 49, 25, 23, 7, 1, '2017-09-01', '2017-11-22', 21),
(3389, 1, 2, 3, 49, 25, 23, 7, 1, '2017-09-01', '2017-11-22', 21),
(3390, 4, 2, 3, 49, 25, 310, 7, 2, '2017-09-01', '2017-11-22', 11),
(3391, 3, 2, 3, 49, 25, 310, 7, 2, '2017-09-01', '2017-11-22', 11),
(3392, 2, 2, 3, 49, 25, 310, 7, 2, '2017-09-01', '2017-11-22', 11),
(3393, 1, 2, 3, 49, 25, 310, 7, 2, '2017-09-01', '2017-11-22', 11),
(3394, 4, 2, 4, 49, 43, 51, 3, 1, '2017-09-01', '2017-11-22', 49),
(3395, 3, 2, 4, 49, 43, 51, 3, 1, '2017-09-01', '2017-11-22', 49),
(3396, 2, 2, 4, 49, 43, 51, 3, 1, '2017-09-01', '2017-11-22', 49),
(3397, 1, 2, 4, 49, 43, 51, 3, 1, '2017-09-01', '2017-11-22', 49),
(3398, 4, 2, 4, 49, 43, 43, 3, 2, '2017-09-01', '2017-11-22', 49),
(3399, 3, 2, 4, 49, 43, 43, 3, 2, '2017-09-01', '2017-11-22', 49),
(3400, 2, 2, 4, 49, 43, 43, 3, 2, '2017-09-01', '2017-11-22', 49),
(3401, 1, 2, 4, 49, 43, 43, 3, 2, '2017-09-01', '2017-11-22', 49),
(3402, 4, 2, 5, 49, 143, 319, 7, 3, '2017-09-01', '2017-11-22', 40),
(3403, 3, 2, 5, 49, 143, 319, 7, 3, '2017-09-01', '2017-11-22', 40),
(3404, 2, 2, 5, 49, 143, 319, 7, 3, '2017-09-01', '2017-11-22', 40),
(3405, 1, 2, 5, 49, 143, 319, 7, 3, '2017-09-01', '2017-11-22', 40),
(3406, 4, 3, 2, 49, 33, 23, 7, 1, '2017-09-01', '2017-11-22', 21),
(3407, 3, 3, 2, 49, 33, 23, 7, 1, '2017-09-01', '2017-11-22', 21),
(3408, 2, 3, 2, 49, 33, 23, 7, 1, '2017-09-01', '2017-11-22', 21),
(3409, 1, 3, 2, 49, 33, 23, 7, 1, '2017-09-01', '2017-11-22', 21),
(3410, 4, 3, 2, 49, 25, 23, 7, 1, '2017-09-01', '2017-11-22', 21),
(3411, 3, 3, 2, 49, 25, 23, 7, 1, '2017-09-01', '2017-11-22', 21),
(3412, 2, 3, 2, 49, 25, 23, 7, 1, '2017-09-01', '2017-11-22', 21),
(3413, 1, 3, 2, 49, 25, 23, 7, 1, '2017-09-01', '2017-11-22', 21),
(3414, 4, 3, 3, 49, 130, 143, 7, 3, '2017-09-01', '2017-11-22', 39),
(3415, 3, 3, 3, 49, 130, 143, 7, 3, '2017-09-01', '2017-11-22', 39),
(3416, 2, 3, 3, 49, 130, 143, 7, 3, '2017-09-01', '2017-11-22', 39),
(3417, 1, 3, 3, 49, 130, 143, 7, 3, '2017-09-01', '2017-11-22', 39),
(3418, 4, 3, 4, 49, 137, 123, 7, 3, '2017-09-01', '2017-11-22', 41),
(3419, 3, 3, 4, 49, 137, 123, 7, 3, '2017-09-01', '2017-11-22', 41),
(3420, 2, 3, 4, 49, 137, 123, 7, 3, '2017-09-01', '2017-11-22', 41),
(3421, 1, 3, 4, 49, 137, 123, 7, 3, '2017-09-01', '2017-11-22', 41),
(3422, 3, 3, 5, 49, 137, 123, 7, 3, '2017-09-01', '2017-11-22', 41),
(3423, 1, 3, 5, 49, 137, 123, 7, 3, '2017-09-01', '2017-11-22', 41),
(3424, 4, 4, 3, 49, 141, 323, 7, 3, '2017-09-01', '2017-11-22', 36),
(3425, 3, 4, 3, 49, 141, 323, 7, 3, '2017-09-01', '2017-11-22', 36),
(3426, 2, 4, 3, 49, 141, 323, 7, 3, '2017-09-01', '2017-11-22', 36),
(3427, 1, 4, 3, 49, 141, 323, 7, 3, '2017-09-01', '2017-11-22', 36),
(3428, 4, 4, 4, 49, 43, 51, 3, 1, '2017-09-01', '2017-11-22', 49),
(3429, 3, 4, 4, 49, 43, 51, 3, 1, '2017-09-01', '2017-11-22', 49),
(3430, 2, 4, 4, 49, 43, 51, 3, 1, '2017-09-01', '2017-11-22', 49),
(3431, 1, 4, 4, 49, 43, 51, 3, 1, '2017-09-01', '2017-11-22', 49),
(3432, 4, 4, 4, 49, 43, 43, 3, 2, '2017-09-01', '2017-11-22', 49),
(3433, 3, 4, 4, 49, 43, 43, 3, 2, '2017-09-01', '2017-11-22', 49),
(3434, 2, 4, 4, 49, 43, 43, 3, 2, '2017-09-01', '2017-11-22', 49),
(3435, 1, 4, 4, 49, 43, 43, 3, 2, '2017-09-01', '2017-11-22', 49),
(3436, 4, 4, 5, 49, 205, 211, 7, 3, '2017-09-01', '2017-11-22', 27),
(3437, 3, 4, 5, 49, 205, 211, 7, 3, '2017-09-01', '2017-11-22', 27),
(3438, 2, 4, 5, 49, 205, 211, 7, 3, '2017-09-01', '2017-11-22', 27),
(3439, 1, 4, 5, 49, 205, 211, 7, 3, '2017-09-01', '2017-11-22', 27),
(3440, 4, 4, 6, 49, 315, 324, 7, 3, '2017-09-01', '2017-11-22', 36),
(3441, 3, 4, 6, 49, 315, 324, 7, 3, '2017-09-01', '2017-11-22', 36),
(3442, 2, 4, 6, 49, 315, 324, 7, 3, '2017-09-01', '2017-11-22', 36),
(3443, 1, 4, 6, 49, 315, 324, 7, 3, '2017-09-01', '2017-11-22', 36),
(3444, 4, 4, 6, 49, 315, 324, 7, 3, '2017-09-01', '2017-11-22', 36),
(3445, 3, 4, 6, 49, 315, 324, 7, 3, '2017-09-01', '2017-11-22', 36),
(3446, 2, 4, 6, 49, 315, 324, 7, 3, '2017-09-01', '2017-11-22', 36),
(3447, 1, 4, 6, 49, 315, 324, 7, 3, '2017-09-01', '2017-11-22', 36),
(3448, 4, 5, 3, 49, 25, 310, 7, 2, '2017-09-01', '2017-11-22', 22),
(3449, 2, 5, 3, 49, 25, 310, 7, 2, '2017-09-01', '2017-11-22', 22),
(3450, 3, 5, 4, 49, 25, 310, 7, 2, '2017-09-01', '2017-11-22', 22),
(3451, 1, 5, 4, 49, 25, 310, 7, 2, '2017-09-01', '2017-11-22', 22),
(3452, 4, 5, 4, 49, 142, 323, 7, 3, '2017-09-01', '2017-11-22', 36),
(3453, 2, 5, 4, 49, 142, 323, 7, 3, '2017-09-01', '2017-11-22', 36),
(3454, 3, 5, 5, 49, 142, 323, 7, 3, '2017-09-01', '2017-11-22', 36),
(3455, 1, 5, 5, 49, 142, 323, 7, 3, '2017-09-01', '2017-11-22', 36),
(3456, 4, 5, 5, 49, 315, 324, 7, 3, '2017-09-01', '2017-11-22', 40),
(3457, 2, 5, 5, 49, 315, 324, 7, 3, '2017-09-01', '2017-11-22', 40),
(3458, 3, 5, 6, 49, 315, 324, 7, 3, '2017-09-01', '2017-11-22', 40),
(3459, 1, 5, 6, 49, 315, 324, 7, 3, '2017-09-01', '2017-11-22', 40),
(3460, 4, 5, 6, 49, 205, 211, 7, 3, '2017-09-01', '2017-11-22', 28),
(3461, 2, 5, 6, 49, 205, 211, 7, 3, '2017-09-01', '2017-11-22', 28),
(3462, 1, 6, 2, 49, 142, 323, 7, 3, '2017-09-01', '2017-11-22', 40),
(3463, 4, 6, 2, 49, 142, 323, 7, 3, '2017-09-01', '2017-11-22', 40),
(3464, 3, 6, 2, 49, 142, 323, 7, 3, '2017-09-01', '2017-11-22', 40),
(3465, 2, 6, 2, 49, 142, 323, 7, 3, '2017-09-01', '2017-11-22', 40),
(3466, 1, 6, 2, 49, 142, 323, 7, 3, '2017-09-01', '2017-11-22', 40),
(3467, 1, 6, 3, 49, 43, 51, 3, 1, '2017-09-01', '2017-11-22', 49),
(3468, 4, 6, 3, 49, 43, 51, 3, 1, '2017-09-01', '2017-11-22', 49),
(3469, 3, 6, 3, 49, 43, 51, 3, 1, '2017-09-01', '2017-11-22', 49),
(3470, 2, 6, 3, 49, 43, 51, 3, 1, '2017-09-01', '2017-11-22', 49),
(3471, 4, 6, 3, 49, 43, 43, 3, 2, '2017-09-01', '2017-11-22', 49),
(3472, 3, 6, 3, 49, 43, 43, 3, 2, '2017-09-01', '2017-11-22', 49),
(3473, 2, 6, 3, 49, 43, 43, 3, 2, '2017-09-01', '2017-11-22', 49),
(3474, 1, 6, 3, 49, 43, 43, 3, 2, '2017-09-01', '2017-11-22', 49),
(3475, 4, 6, 4, 49, 205, 211, 7, 3, '2017-09-01', '2017-11-22', 27),
(3476, 3, 6, 4, 49, 205, 211, 7, 3, '2017-09-01', '2017-11-22', 27),
(3477, 2, 6, 4, 49, 205, 211, 7, 3, '2017-09-01', '2017-11-22', 27),
(3478, 1, 6, 4, 49, 205, 211, 7, 3, '2017-09-01', '2017-11-22', 27),
(3479, 4, 1, 3, 50, 137, 142, 7, 3, '2017-09-01', '2017-11-22', 34),
(3480, 2, 1, 3, 50, 137, 142, 7, 3, '2017-09-01', '2017-11-22', 34),
(3481, 4, 1, 4, 50, 137, 142, 7, 3, '2017-09-01', '2017-11-22', 40),
(3482, 3, 1, 4, 50, 137, 142, 7, 3, '2017-09-01', '2017-11-22', 40),
(3483, 2, 1, 4, 50, 137, 142, 7, 3, '2017-09-01', '2017-11-22', 40),
(3484, 1, 1, 4, 50, 137, 142, 7, 3, '2017-09-01', '2017-11-22', 40),
(3485, 4, 1, 5, 50, 143, 319, 7, 3, '2017-09-01', '2017-11-22', 43),
(3486, 3, 1, 5, 50, 143, 319, 7, 3, '2017-09-01', '2017-11-22', 43),
(3487, 2, 1, 5, 50, 143, 319, 7, 3, '2017-09-01', '2017-11-22', 43),
(3488, 1, 1, 5, 50, 143, 319, 7, 3, '2017-09-01', '2017-11-22', 43),
(3489, 3, 1, 6, 50, 315, 324, 7, 3, '2017-09-01', '2017-11-22', 40),
(3490, 1, 1, 6, 50, 315, 324, 7, 3, '2017-09-01', '2017-11-22', 40),
(3491, 4, 2, 3, 50, 141, 323, 7, 3, '2017-09-01', '2017-11-22', 9),
(3492, 3, 2, 3, 50, 141, 323, 7, 3, '2017-09-01', '2017-11-22', 9),
(3493, 2, 2, 3, 50, 141, 323, 7, 3, '2017-09-01', '2017-11-22', 9),
(3494, 1, 2, 3, 50, 141, 323, 7, 3, '2017-09-01', '2017-11-22', 9),
(3495, 4, 2, 4, 50, 130, 143, 7, 3, '2017-09-01', '2017-11-22', 33),
(3496, 3, 2, 4, 50, 130, 143, 7, 3, '2017-09-01', '2017-11-22', 33),
(3497, 2, 2, 4, 50, 130, 143, 7, 3, '2017-09-01', '2017-11-22', 33),
(3498, 1, 2, 4, 50, 130, 143, 7, 3, '2017-09-01', '2017-11-22', 33),
(3499, 4, 2, 5, 50, 43, 51, 3, 1, '2017-09-01', '2017-11-22', 49),
(3500, 3, 2, 5, 50, 43, 51, 3, 1, '2017-09-01', '2017-11-22', 49),
(3501, 2, 2, 5, 50, 43, 51, 3, 1, '2017-09-01', '2017-11-22', 49),
(3502, 1, 2, 5, 50, 43, 51, 3, 1, '2017-09-01', '2017-11-22', 49),
(3503, 4, 2, 5, 50, 43, 43, 3, 2, '2017-09-01', '2017-11-22', 49),
(3504, 3, 2, 5, 50, 43, 43, 3, 2, '2017-09-01', '2017-11-22', 49),
(3505, 2, 2, 5, 50, 43, 43, 3, 2, '2017-09-01', '2017-11-22', 49),
(3506, 1, 2, 5, 50, 43, 43, 3, 2, '2017-09-01', '2017-11-22', 49),
(3507, 4, 2, 6, 50, 143, 319, 7, 3, '2017-09-01', '2017-11-22', 40),
(3508, 3, 2, 6, 50, 143, 319, 7, 3, '2017-09-01', '2017-11-22', 40),
(3509, 2, 2, 6, 50, 143, 319, 7, 3, '2017-09-01', '2017-11-22', 40),
(3510, 1, 2, 6, 50, 143, 319, 7, 3, '2017-09-01', '2017-11-22', 40),
(3511, 3, 3, 3, 50, 137, 142, 7, 3, '2017-09-01', '2017-11-22', 40),
(3512, 1, 3, 3, 50, 137, 142, 7, 3, '2017-09-01', '2017-11-22', 40),
(3513, 4, 3, 3, 50, 142, 323, 7, 3, '2017-09-01', '2017-11-22', 40),
(3514, 2, 3, 3, 50, 142, 323, 7, 3, '2017-09-01', '2017-11-22', 40),
(3515, 4, 3, 4, 50, 25, 23, 7, 3, '2017-09-01', '2017-11-22', 23),
(3516, 3, 3, 4, 50, 25, 23, 7, 3, '2017-09-01', '2017-11-22', 23),
(3517, 2, 3, 4, 50, 25, 23, 7, 3, '2017-09-01', '2017-11-22', 23),
(3518, 1, 3, 4, 50, 25, 23, 7, 3, '2017-09-01', '2017-11-22', 23),
(3519, 4, 3, 4, 50, 25, 23, 7, 1, '2017-09-01', '2017-11-22', 23),
(3520, 3, 3, 4, 50, 25, 23, 7, 1, '2017-09-01', '2017-11-22', 23),
(3521, 2, 3, 4, 50, 25, 23, 7, 1, '2017-09-01', '2017-11-22', 23),
(3522, 1, 3, 4, 50, 25, 23, 7, 1, '2017-09-01', '2017-11-22', 23),
(3523, 4, 3, 4, 50, 25, 28, 7, 2, '2017-09-01', '2017-11-22', 11),
(3524, 3, 3, 4, 50, 25, 28, 7, 2, '2017-09-01', '2017-11-22', 11),
(3525, 2, 3, 4, 50, 25, 28, 7, 2, '2017-09-01', '2017-11-22', 11),
(3526, 1, 3, 4, 50, 25, 28, 7, 2, '2017-09-01', '2017-11-22', 11),
(3527, 4, 3, 5, 50, 144, 143, 7, 3, '2017-09-01', '2017-11-22', 43),
(3528, 3, 3, 5, 50, 144, 143, 7, 3, '2017-09-01', '2017-11-22', 43),
(3529, 2, 3, 5, 50, 144, 143, 7, 3, '2017-09-01', '2017-11-22', 43),
(3530, 1, 3, 5, 50, 144, 143, 7, 3, '2017-09-01', '2017-11-22', 43),
(3531, 3, 1, 2, 39, 303, 154, 7, 3, '2017-09-25', '2018-01-11', 10),
(3532, 1, 1, 2, 39, 303, 154, 7, 3, '2017-09-25', '2018-01-11', 10),
(3533, 4, 1, 2, 39, 39, 17, 1, 3, '2017-10-02', '2018-01-11', 12),
(3534, 2, 1, 2, 39, 39, 17, 1, 3, '2017-10-02', '2018-01-11', 12),
(3535, 4, 1, 3, 39, 23, 28, 7, 1, '2017-09-25', '2018-01-11', 11),
(3536, 3, 1, 3, 39, 23, 28, 7, 1, '2017-09-25', '2018-01-11', 11),
(3537, 2, 1, 3, 39, 23, 28, 7, 1, '2017-09-25', '2018-01-11', 11),
(3538, 1, 1, 3, 39, 23, 28, 7, 1, '2017-09-25', '2018-01-11', 11),
(3539, 4, 1, 3, 39, 23, 14, 7, 2, '2017-09-25', '2018-01-11', 22),
(3540, 3, 1, 3, 39, 23, 14, 7, 2, '2017-09-25', '2018-01-11', 22),
(3541, 2, 1, 3, 39, 23, 14, 7, 2, '2017-09-25', '2018-01-11', 22),
(3542, 1, 1, 3, 39, 23, 14, 7, 2, '2017-09-25', '2018-01-11', 22),
(3543, 4, 1, 4, 39, 43, 56, 3, 1, '2017-09-25', '2018-01-11', 49),
(3544, 3, 1, 4, 39, 43, 56, 3, 1, '2017-09-25', '2018-01-11', 49),
(3545, 2, 1, 4, 39, 43, 56, 3, 1, '2017-09-25', '2018-01-11', 49),
(3546, 1, 1, 4, 39, 43, 56, 3, 1, '2017-09-25', '2018-01-11', 49),
(3547, 4, 1, 4, 39, 43, 57, 3, 2, '2017-09-25', '2018-01-11', 49),
(3548, 3, 1, 4, 39, 43, 57, 3, 2, '2017-09-25', '2018-01-11', 49),
(3549, 2, 1, 4, 39, 43, 57, 3, 2, '2017-09-25', '2018-01-11', 49),
(3550, 1, 1, 4, 39, 43, 57, 3, 2, '2017-09-25', '2018-01-11', 49),
(3551, 4, 1, 5, 39, 303, 154, 7, 3, '2017-10-02', '2018-01-11', 17),
(3552, 2, 1, 5, 39, 303, 154, 7, 3, '2017-10-02', '2018-01-11', 17),
(3553, 3, 2, 2, 39, 23, 28, 7, 1, '2017-09-26', '2018-01-11', 26),
(3554, 1, 2, 2, 39, 23, 28, 7, 1, '2017-09-26', '2018-01-11', 26),
(3555, 3, 2, 2, 39, 23, 14, 7, 2, '2017-09-26', '2018-01-11', 22),
(3556, 1, 2, 2, 39, 23, 14, 7, 2, '2017-09-26', '2018-01-11', 22),
(3557, 4, 2, 3, 39, 157, 154, 7, 3, '2017-09-26', '2018-01-11', 17),
(3558, 3, 2, 3, 39, 157, 154, 7, 3, '2017-09-26', '2018-01-11', 17),
(3559, 2, 2, 3, 39, 157, 154, 7, 3, '2017-09-26', '2018-01-11', 17),
(3560, 1, 2, 3, 39, 157, 154, 7, 3, '2017-09-26', '2018-01-11', 17),
(3561, 4, 2, 4, 39, 303, 154, 7, 3, '2017-09-26', '2018-01-11', 10),
(3562, 3, 2, 4, 39, 303, 154, 7, 3, '2017-09-26', '2018-01-11', 10),
(3563, 2, 2, 4, 39, 303, 154, 7, 3, '2017-09-26', '2018-01-11', 10),
(3564, 1, 2, 4, 39, 303, 154, 7, 3, '2017-09-26', '2018-01-11', 10),
(3565, 3, 2, 5, 39, 158, 164, 7, 3, '2017-09-26', '2018-01-11', 18),
(3566, 1, 2, 5, 39, 158, 164, 7, 3, '2017-09-26', '2018-01-11', 18),
(3567, 4, 2, 5, 39, 159, 164, 7, 3, '2017-10-03', '2018-01-11', 18),
(3568, 2, 2, 5, 39, 159, 164, 7, 3, '2017-10-03', '2018-01-11', 18),
(3569, 4, 3, 3, 39, 158, 164, 7, 3, '2017-09-27', '2018-01-11', 18),
(3570, 3, 3, 3, 39, 158, 164, 7, 3, '2017-09-27', '2018-01-11', 18),
(3571, 2, 3, 3, 39, 158, 164, 7, 3, '2017-09-27', '2018-01-11', 18),
(3572, 1, 3, 3, 39, 158, 164, 7, 3, '2017-09-27', '2018-01-11', 18),
(3573, 4, 3, 4, 39, 158, 164, 7, 3, '2017-09-27', '2018-01-11', 18),
(3574, 3, 3, 4, 39, 158, 164, 7, 3, '2017-09-27', '2018-01-11', 18),
(3575, 2, 3, 4, 39, 158, 164, 7, 3, '2017-09-27', '2018-01-11', 18),
(3576, 1, 3, 4, 39, 158, 164, 7, 3, '2017-09-27', '2018-01-11', 18),
(3577, 4, 3, 5, 39, 159, 164, 7, 3, '2017-09-27', '2018-01-11', 18),
(3578, 3, 3, 5, 39, 159, 164, 7, 3, '2017-09-27', '2018-01-11', 18),
(3579, 2, 3, 5, 39, 159, 164, 7, 3, '2017-09-27', '2018-01-11', 18),
(3580, 1, 3, 5, 39, 159, 164, 7, 3, '2017-09-27', '2018-01-11', 18),
(3581, 4, 3, 6, 39, 205, 297, 7, 3, '2017-09-27', '2018-01-11', 31),
(3582, 3, 3, 6, 39, 205, 297, 7, 3, '2017-09-27', '2018-01-11', 31),
(3583, 2, 3, 6, 39, 205, 297, 7, 3, '2017-09-27', '2018-01-11', 31),
(3584, 1, 3, 6, 39, 205, 297, 7, 3, '2017-09-27', '2018-01-11', 31),
(3585, 3, 4, 2, 39, 157, 154, 7, 3, '2017-09-28', '2018-01-11', 10),
(3586, 1, 4, 2, 39, 157, 154, 7, 3, '2017-09-28', '2018-01-11', 10),
(3587, 4, 4, 3, 39, 157, 154, 7, 3, '2017-09-28', '2018-01-11', 10),
(3588, 3, 4, 3, 39, 157, 154, 7, 3, '2017-09-28', '2018-01-11', 10),
(3589, 2, 4, 3, 39, 157, 154, 7, 3, '2017-09-28', '2018-01-11', 10),
(3590, 1, 4, 3, 39, 157, 154, 7, 3, '2017-09-28', '2018-01-11', 10),
(3591, 4, 4, 4, 39, 43, 56, 3, 1, '2017-09-28', '2018-01-11', 49),
(3592, 3, 4, 4, 39, 43, 56, 3, 1, '2017-09-28', '2018-01-11', 49),
(3593, 2, 4, 4, 39, 43, 56, 3, 1, '2017-09-28', '2018-01-11', 49),
(3594, 1, 4, 4, 39, 43, 56, 3, 1, '2017-09-28', '2018-01-11', 49),
(3595, 4, 4, 4, 39, 43, 57, 3, 2, '2017-09-28', '2018-01-11', 49),
(3596, 3, 4, 4, 39, 43, 57, 3, 2, '2017-09-28', '2018-01-11', 49),
(3597, 2, 4, 4, 39, 43, 57, 3, 2, '2017-09-28', '2018-01-11', 49),
(3598, 1, 4, 4, 39, 43, 57, 3, 2, '2017-09-28', '2018-01-11', 49),
(3599, 4, 4, 5, 39, 303, 154, 7, 3, '2017-09-28', '2018-01-11', 10),
(3600, 3, 4, 5, 39, 303, 154, 7, 3, '2017-09-28', '2018-01-11', 10),
(3601, 2, 4, 5, 39, 303, 154, 7, 3, '2017-09-28', '2018-01-11', 10),
(3602, 1, 4, 5, 39, 303, 154, 7, 3, '2017-09-28', '2018-01-11', 10),
(3603, 4, 4, 6, 39, 205, 297, 7, 3, '2017-10-05', '2018-01-11', 31),
(3604, 2, 4, 6, 39, 205, 297, 7, 3, '2017-10-05', '2018-01-11', 31),
(3605, 4, 6, 1, 39, 160, 159, 7, 3, '2017-10-07', '2018-01-11', 19),
(3606, 2, 6, 1, 39, 160, 159, 7, 3, '2017-10-07', '2018-01-11', 19),
(3607, 4, 6, 2, 39, 160, 159, 7, 3, '2017-09-30', '2018-01-11', 19),
(3608, 3, 6, 2, 39, 160, 159, 7, 3, '2017-09-30', '2018-01-11', 19),
(3609, 2, 6, 2, 39, 160, 159, 7, 3, '2017-09-30', '2018-01-11', 19),
(3610, 1, 6, 2, 39, 160, 159, 7, 3, '2017-09-30', '2018-01-11', 19),
(3611, 4, 6, 3, 39, 43, 56, 3, 1, '2017-09-30', '2018-01-11', 49),
(3612, 3, 6, 3, 39, 43, 56, 3, 1, '2017-09-30', '2018-01-11', 49),
(3613, 2, 6, 3, 39, 43, 56, 3, 1, '2017-09-30', '2018-01-11', 49),
(3614, 1, 6, 3, 39, 43, 56, 3, 1, '2017-09-30', '2018-01-11', 49),
(3615, 4, 6, 3, 39, 43, 57, 3, 2, '2017-09-30', '2018-01-11', 49),
(3616, 3, 6, 3, 39, 43, 57, 3, 2, '2017-09-30', '2018-01-11', 49),
(3617, 2, 6, 3, 39, 43, 57, 3, 2, '2017-09-30', '2018-01-11', 49),
(3618, 1, 6, 3, 39, 43, 57, 3, 2, '2017-09-30', '2018-01-11', 49),
(3619, 4, 6, 4, 39, 159, 164, 7, 3, '2017-09-30', '2018-01-11', 18),
(3620, 3, 6, 4, 39, 159, 164, 7, 3, '2017-09-30', '2018-01-11', 18),
(3621, 2, 6, 4, 39, 159, 164, 7, 3, '2017-09-30', '2018-01-11', 18),
(3622, 1, 6, 4, 39, 159, 164, 7, 3, '2017-09-30', '2018-01-11', 18),
(3623, 4, 1, 1, 40, 39, 17, 7, 3, '2017-10-02', '2018-01-11', 29),
(3624, 2, 1, 1, 40, 39, 17, 7, 3, '2017-10-02', '2018-01-11', 29),
(3625, 4, 1, 2, 40, 23, 28, 7, 1, '2017-09-25', '2018-01-11', 36),
(3626, 3, 1, 2, 40, 23, 28, 7, 1, '2017-09-25', '2018-01-11', 36),
(3627, 2, 1, 2, 40, 23, 28, 7, 1, '2017-09-25', '2018-01-11', 36),
(3628, 1, 1, 2, 40, 23, 28, 7, 1, '2017-09-25', '2018-01-11', 36),
(3629, 4, 1, 2, 40, 23, 24, 7, 2, '2017-09-25', '2018-01-11', 21),
(3630, 3, 1, 2, 40, 23, 24, 7, 2, '2017-09-25', '2018-01-11', 21),
(3631, 2, 1, 2, 40, 23, 24, 7, 2, '2017-09-25', '2018-01-11', 21),
(3632, 1, 1, 2, 40, 23, 24, 7, 2, '2017-09-25', '2018-01-11', 21),
(3633, 4, 1, 3, 40, 43, 56, 3, 1, '2017-09-25', '2018-01-11', 49),
(3634, 3, 1, 3, 40, 43, 56, 3, 1, '2017-09-25', '2018-01-11', 49),
(3635, 2, 1, 3, 40, 43, 56, 3, 1, '2017-09-25', '2018-01-11', 49),
(3636, 1, 1, 3, 40, 43, 56, 3, 1, '2017-09-25', '2018-01-11', 49),
(3637, 4, 1, 3, 40, 43, 57, 3, 2, '2017-09-25', '2018-01-11', 49),
(3638, 3, 1, 3, 40, 43, 57, 3, 2, '2017-09-25', '2018-01-11', 49),
(3639, 2, 1, 3, 40, 43, 57, 3, 2, '2017-09-25', '2018-01-11', 49),
(3640, 1, 1, 3, 40, 43, 57, 3, 2, '2017-09-25', '2018-01-11', 49),
(3641, 3, 1, 4, 40, 179, 187, 7, 3, '2017-09-25', '2018-01-11', 3),
(3642, 1, 1, 4, 40, 179, 187, 7, 3, '2017-09-25', '2018-01-11', 3),
(3643, 4, 1, 4, 40, 180, 181, 7, 3, '2017-10-02', '2018-01-11', 3),
(3644, 2, 1, 4, 40, 180, 181, 7, 3, '2017-10-02', '2018-01-11', 3),
(3645, 4, 1, 5, 40, 179, 187, 7, 3, '2017-09-25', '2018-01-11', 1),
(3646, 3, 1, 5, 40, 179, 187, 7, 3, '2017-09-25', '2018-01-11', 1),
(3647, 2, 1, 5, 40, 179, 187, 7, 3, '2017-09-25', '2018-01-11', 1),
(3648, 1, 1, 5, 40, 179, 187, 7, 3, '2017-09-25', '2018-01-11', 1),
(3649, 4, 2, 4, 40, 176, 190, 7, 3, '2017-09-26', '2018-01-11', 3),
(3650, 3, 2, 4, 40, 176, 190, 7, 3, '2017-09-26', '2018-01-11', 3),
(3651, 2, 2, 4, 40, 176, 190, 7, 3, '2017-09-26', '2018-01-11', 3),
(3652, 1, 2, 4, 40, 176, 190, 7, 3, '2017-09-26', '2018-01-11', 3),
(3653, 4, 2, 5, 40, 205, 210, 7, 3, '2017-09-26', '2018-01-11', 34),
(3654, 3, 2, 5, 40, 205, 210, 7, 3, '2017-09-26', '2018-01-11', 34),
(3655, 2, 2, 5, 40, 205, 210, 7, 3, '2017-09-26', '2018-01-11', 34),
(3656, 1, 2, 5, 40, 205, 210, 7, 3, '2017-09-26', '2018-01-11', 34),
(3657, 4, 2, 6, 40, 83, 321, 7, 3, '2017-09-26', '2018-01-11', 35),
(3658, 3, 2, 6, 40, 83, 321, 7, 3, '2017-09-26', '2018-01-11', 35),
(3659, 2, 2, 6, 40, 83, 321, 7, 3, '2017-09-26', '2018-01-11', 35),
(3660, 1, 2, 6, 40, 83, 321, 7, 3, '2017-09-26', '2018-01-11', 35),
(3661, 1, 2, 5, 111, 309, 197, 3, 3, '2017-09-26', '2018-01-05', 51),
(3662, 2, 2, 5, 111, 309, 197, 3, 3, '2017-09-26', '2018-01-05', 51),
(3663, 4, 2, 5, 111, 309, 197, 3, 3, '2017-09-26', '2018-01-05', 51),
(3664, 3, 2, 5, 111, 309, 197, 3, 3, '2017-09-26', '2018-01-05', 51),
(3665, 1, 2, 4, 111, 312, 322, 2, 3, '2017-09-26', '2018-01-05', 51),
(3666, 2, 2, 4, 111, 312, 322, 2, 3, '2017-09-26', '2018-01-05', 51),
(3667, 4, 2, 4, 111, 312, 322, 2, 3, '2017-09-26', '2018-01-05', 51),
(3668, 3, 2, 4, 111, 312, 322, 2, 3, '2017-09-26', '2018-01-05', 51),
(3669, 1, 3, 3, 40, 23, 28, 7, 1, '2017-09-27', '2018-01-11', 19),
(3670, 2, 3, 3, 40, 23, 28, 7, 1, '2017-09-27', '2018-01-11', 19),
(3671, 4, 3, 3, 40, 23, 28, 7, 1, '2017-09-27', '2018-01-11', 19),
(3672, 3, 3, 3, 40, 23, 28, 7, 1, '2017-09-27', '2018-01-11', 19),
(3673, 1, 3, 3, 40, 23, 24, 7, 2, '2017-09-27', '2018-01-11', 21),
(3674, 3, 3, 3, 40, 23, 24, 7, 2, '2017-09-27', '2018-01-11', 21),
(3675, 1, 3, 4, 40, 205, 210, 7, 3, '2017-09-27', '2018-01-11', 27),
(3676, 2, 3, 4, 40, 205, 210, 7, 3, '2017-09-27', '2018-01-11', 27),
(3677, 4, 3, 4, 40, 205, 210, 7, 3, '2017-09-27', '2018-01-11', 27),
(3678, 3, 3, 4, 40, 205, 210, 7, 3, '2017-09-27', '2018-01-11', 27),
(3679, 1, 3, 5, 40, 128, 299, 7, 3, '2017-09-27', '2018-01-11', 42),
(3680, 3, 3, 5, 40, 128, 299, 7, 3, '2017-09-27', '2018-01-11', 42),
(3681, 2, 3, 5, 40, 205, 210, 7, 3, '2017-10-04', '2018-01-11', 27),
(3682, 4, 3, 5, 40, 205, 210, 7, 3, '2017-10-04', '2018-01-11', 27),
(3683, 1, 3, 6, 40, 128, 299, 7, 3, '2017-09-27', '2018-01-11', 43),
(3684, 2, 3, 6, 40, 128, 299, 7, 3, '2017-09-27', '2018-01-11', 43),
(3685, 4, 3, 6, 40, 128, 299, 7, 3, '2017-09-27', '2018-01-11', 43),
(3686, 3, 3, 6, 40, 128, 299, 7, 3, '2017-09-27', '2018-01-11', 43),
(3687, 1, 4, 3, 40, 43, 56, 3, 1, '2017-09-28', '2018-01-11', 49),
(3688, 2, 4, 3, 40, 43, 56, 3, 1, '2017-09-28', '2018-01-11', 49),
(3689, 4, 4, 3, 40, 43, 56, 3, 1, '2017-09-28', '2018-01-11', 49),
(3690, 3, 4, 3, 40, 43, 56, 3, 1, '2017-09-28', '2018-01-11', 49),
(3691, 1, 4, 3, 40, 43, 57, 3, 2, '2017-09-28', '2018-01-11', 49),
(3692, 2, 4, 3, 40, 43, 57, 3, 2, '2017-09-28', '2018-01-11', 49),
(3693, 4, 4, 3, 40, 43, 57, 3, 2, '2017-09-28', '2018-01-11', 49),
(3694, 3, 4, 3, 40, 43, 57, 3, 2, '2017-09-28', '2018-01-11', 49),
(3695, 1, 4, 4, 40, 176, 190, 7, 3, '2017-09-28', '2018-01-11', 3),
(3696, 2, 4, 4, 40, 176, 190, 7, 3, '2017-09-28', '2018-01-11', 3),
(3697, 4, 4, 4, 40, 176, 190, 7, 3, '2017-09-28', '2018-01-11', 3),
(3698, 3, 4, 4, 40, 176, 190, 7, 3, '2017-09-28', '2018-01-11', 3),
(3699, 1, 4, 5, 40, 180, 181, 7, 3, '2017-09-28', '2018-01-11', 3),
(3700, 2, 4, 5, 40, 180, 181, 7, 3, '2017-09-28', '2018-01-11', 3),
(3701, 4, 4, 5, 40, 180, 181, 7, 3, '2017-09-28', '2018-01-11', 3),
(3702, 3, 4, 5, 40, 180, 181, 7, 3, '2017-09-28', '2018-01-11', 3),
(3703, 1, 4, 6, 40, 180, 181, 7, 3, '2017-09-28', '2018-01-11', 3),
(3704, 2, 4, 6, 40, 180, 181, 7, 3, '2017-09-28', '2018-01-11', 3),
(3705, 4, 4, 6, 40, 180, 181, 7, 3, '2017-09-28', '2018-01-11', 3),
(3706, 3, 4, 6, 40, 180, 181, 7, 3, '2017-09-28', '2018-01-11', 3),
(3707, 2, 6, 1, 40, 83, 321, 7, 3, '2017-10-07', '2018-01-11', 35),
(3708, 4, 6, 1, 40, 83, 321, 7, 3, '2017-10-07', '2018-01-11', 35),
(3709, 1, 6, 2, 40, 43, 56, 3, 1, '2017-09-30', '2018-01-11', 49),
(3710, 2, 6, 2, 40, 43, 56, 3, 1, '2017-09-30', '2018-01-11', 49),
(3711, 4, 6, 2, 40, 43, 56, 3, 1, '2017-09-30', '2018-01-11', 49),
(3712, 3, 6, 2, 40, 43, 56, 3, 1, '2017-09-30', '2018-01-11', 49),
(3713, 1, 6, 2, 40, 43, 57, 3, 2, '2017-09-30', '2018-01-11', 49),
(3714, 2, 6, 2, 40, 43, 57, 3, 2, '2017-09-30', '2018-01-11', 49),
(3715, 4, 6, 2, 40, 43, 57, 3, 2, '2017-09-30', '2018-01-11', 49),
(3716, 3, 6, 2, 40, 43, 57, 3, 2, '2017-09-30', '2018-01-11', 49),
(3717, 1, 6, 3, 40, 204, 297, 7, 3, '2017-09-30', '2018-01-11', 33),
(3718, 2, 6, 3, 40, 204, 297, 7, 3, '2017-09-30', '2018-01-11', 33),
(3719, 4, 6, 3, 40, 204, 297, 7, 3, '2017-09-30', '2018-01-11', 33),
(3720, 3, 6, 3, 40, 204, 297, 7, 3, '2017-09-30', '2018-01-11', 33),
(3721, 1, 6, 4, 40, 204, 297, 7, 3, '2017-09-30', '2018-01-11', 50),
(3722, 3, 6, 4, 40, 204, 297, 7, 3, '2017-09-30', '2018-01-11', 50),
(3723, 1, 1, 3, 38, 23, 23, 7, 1, '2017-09-25', '2018-01-11', 19),
(3724, 2, 1, 3, 38, 23, 23, 7, 1, '2017-09-25', '2018-01-11', 19),
(3725, 4, 1, 3, 38, 23, 23, 7, 1, '2017-09-25', '2018-01-11', 19),
(3726, 3, 1, 3, 38, 23, 23, 7, 1, '2017-09-25', '2018-01-11', 19),
(3727, 1, 1, 3, 38, 23, 24, 7, 2, '2017-09-25', '2018-01-11', 21),
(3728, 3, 1, 3, 38, 23, 24, 7, 2, '2017-09-25', '2018-01-11', 21),
(3729, 1, 1, 4, 38, 141, 129, 7, 3, '2017-09-25', '2018-01-11', 41),
(3730, 2, 1, 4, 38, 141, 129, 7, 3, '2017-09-25', '2018-01-11', 41),
(3731, 4, 1, 4, 38, 141, 129, 7, 3, '2017-09-25', '2018-01-11', 41),
(3732, 3, 1, 4, 38, 141, 129, 7, 3, '2017-09-25', '2018-01-11', 41),
(3733, 1, 1, 5, 38, 43, 56, 3, 1, '2017-09-25', '2018-01-11', 49),
(3734, 2, 1, 5, 38, 43, 56, 3, 1, '2017-09-25', '2018-01-11', 49),
(3735, 4, 1, 5, 38, 43, 56, 3, 1, '2017-09-25', '2018-01-11', 49),
(3736, 3, 1, 5, 38, 43, 56, 3, 1, '2017-09-25', '2018-01-11', 49),
(3737, 1, 1, 5, 38, 43, 57, 1, 2, '2017-09-25', '2018-01-11', 49),
(3738, 2, 1, 5, 38, 43, 57, 1, 2, '2017-09-25', '2018-01-11', 49),
(3739, 4, 1, 5, 38, 43, 57, 1, 2, '2017-09-25', '2018-01-11', 49),
(3740, 3, 1, 5, 38, 43, 57, 1, 2, '2017-09-25', '2018-01-11', 49),
(3741, 1, 1, 6, 38, 204, 297, 7, 3, '2017-09-25', '2018-01-11', 31),
(3742, 2, 1, 6, 38, 204, 297, 7, 3, '2017-09-25', '2018-01-11', 31),
(3743, 4, 1, 6, 38, 204, 297, 7, 3, '2017-09-25', '2018-01-11', 31),
(3744, 3, 1, 6, 38, 204, 297, 7, 3, '2017-09-25', '2018-01-11', 31),
(3745, 1, 2, 4, 38, 130, 130, 7, 3, '2017-09-26', '2018-01-11', 43),
(3746, 2, 2, 4, 38, 130, 130, 7, 3, '2017-09-26', '2018-01-11', 43),
(3747, 4, 2, 4, 38, 130, 130, 7, 3, '2017-09-26', '2018-01-11', 43),
(3748, 3, 2, 4, 38, 130, 130, 7, 3, '2017-09-26', '2018-01-11', 43),
(3749, 1, 2, 5, 38, 130, 130, 7, 3, '2017-09-26', '2018-01-11', 43),
(3750, 3, 2, 5, 38, 130, 130, 7, 3, '2017-09-26', '2018-01-11', 43),
(3751, 2, 2, 5, 38, 298, 323, 7, 3, '2017-10-03', '2018-01-11', 33),
(3752, 1, 2, 6, 38, 205, 210, 7, 3, '2017-09-26', '2018-01-11', 34),
(3753, 2, 2, 6, 38, 205, 210, 7, 3, '2017-09-26', '2018-01-11', 34),
(3754, 4, 2, 6, 38, 205, 210, 7, 3, '2017-09-26', '2018-01-11', 34),
(3755, 3, 2, 6, 38, 205, 210, 7, 3, '2017-09-26', '2018-01-11', 34),
(3756, 2, 3, 3, 38, 141, 129, 7, 3, '2017-10-04', '2018-01-11', 40),
(3757, 4, 3, 3, 38, 141, 129, 7, 3, '2017-10-04', '2018-01-11', 40),
(3758, 1, 3, 4, 38, 141, 129, 7, 3, '2017-09-27', '2018-01-11', 40),
(3759, 2, 3, 4, 38, 141, 129, 7, 3, '2017-09-27', '2018-01-11', 40),
(3760, 4, 3, 4, 38, 141, 129, 7, 3, '2017-09-27', '2018-01-11', 40),
(3761, 3, 3, 4, 38, 141, 129, 7, 3, '2017-09-27', '2018-01-11', 40),
(3762, 1, 3, 5, 38, 205, 210, 7, 3, '2017-09-27', '2018-01-11', 27),
(3763, 3, 3, 5, 38, 205, 210, 7, 3, '2017-09-27', '2018-01-11', 27),
(3764, 2, 3, 5, 38, 23, 23, 7, 1, '2017-10-04', '2018-01-11', 23),
(3765, 4, 3, 5, 38, 23, 23, 7, 1, '2017-10-04', '2018-01-11', 23),
(3766, 2, 3, 5, 38, 23, 24, 7, 2, '2017-10-04', '2018-01-11', 21),
(3767, 4, 3, 5, 38, 23, 24, 7, 2, '2017-10-04', '2018-01-11', 21),
(3768, 1, 3, 6, 38, 205, 210, 7, 3, '2017-09-27', '2018-01-11', 30),
(3769, 2, 3, 6, 38, 205, 210, 7, 3, '2017-09-27', '2018-01-11', 30),
(3770, 4, 3, 6, 38, 205, 210, 7, 3, '2017-09-27', '2018-01-11', 30),
(3771, 3, 3, 6, 38, 205, 210, 7, 3, '2017-09-27', '2018-01-11', 30),
(3772, 1, 4, 3, 38, 130, 130, 7, 3, '2017-09-28', '2018-01-11', 43),
(3773, 2, 4, 3, 38, 130, 130, 7, 3, '2017-09-28', '2018-01-11', 43),
(3774, 4, 4, 3, 38, 130, 130, 7, 3, '2017-09-28', '2018-01-11', 43),
(3775, 3, 4, 3, 38, 130, 130, 7, 3, '2017-09-28', '2018-01-11', 43),
(3776, 1, 4, 4, 38, 298, 325, 7, 3, '2017-09-28', '2018-01-11', 33),
(3777, 2, 4, 4, 38, 298, 325, 7, 3, '2017-09-28', '2018-01-11', 33),
(3778, 4, 4, 4, 38, 298, 325, 7, 3, '2017-09-28', '2018-01-11', 33),
(3779, 3, 4, 4, 38, 298, 325, 7, 3, '2017-09-28', '2018-01-11', 33),
(3780, 1, 4, 5, 38, 43, 56, 3, 1, '2017-09-28', '2018-01-11', 49),
(3781, 2, 4, 5, 38, 43, 56, 3, 1, '2017-09-28', '2018-01-11', 49),
(3782, 4, 4, 5, 38, 43, 56, 3, 1, '2017-09-28', '2018-01-11', 49),
(3783, 3, 4, 5, 38, 43, 56, 3, 1, '2017-09-28', '2018-01-11', 49),
(3784, 1, 4, 5, 38, 43, 57, 3, 2, '2017-09-28', '2018-01-11', 49),
(3785, 2, 4, 5, 38, 43, 57, 3, 2, '2017-09-28', '2018-01-11', 49),
(3786, 4, 4, 5, 38, 43, 57, 3, 2, '2017-09-28', '2018-01-11', 49),
(3787, 3, 4, 5, 38, 43, 57, 3, 2, '2017-09-28', '2018-01-11', 49),
(3788, 1, 4, 6, 38, 83, 321, 7, 3, '2017-09-28', '2018-01-11', 34),
(3789, 2, 4, 6, 38, 83, 321, 7, 3, '2017-09-28', '2018-01-11', 34),
(3790, 4, 4, 6, 38, 83, 321, 7, 3, '2017-09-28', '2018-01-11', 34),
(3791, 3, 4, 6, 38, 83, 321, 7, 3, '2017-09-28', '2018-01-11', 34),
(3792, 2, 6, 1, 38, 23, 24, 7, 2, '2017-10-07', '2018-01-11', 21),
(3793, 4, 6, 1, 38, 23, 24, 7, 2, '2017-10-07', '2018-01-11', 21),
(3794, 1, 6, 2, 38, 298, 325, 7, 3, '2017-09-30', '2018-01-11', 41),
(3795, 3, 6, 2, 38, 298, 325, 7, 3, '2017-09-30', '2018-01-11', 41),
(3796, 2, 6, 2, 38, 204, 297, 7, 3, '2017-10-07', '2018-01-11', 41),
(3797, 4, 6, 2, 38, 204, 297, 7, 3, '2017-10-07', '2018-01-11', 41),
(3798, 1, 6, 3, 38, 298, 325, 7, 3, '2017-09-30', '2018-01-11', 41),
(3799, 3, 6, 3, 38, 298, 325, 7, 3, '2017-09-30', '2018-01-11', 41),
(3800, 2, 6, 3, 38, 83, 321, 7, 3, '2017-10-07', '2018-01-11', 35),
(3801, 4, 6, 3, 38, 83, 321, 7, 3, '2017-10-07', '2018-01-11', 35);
INSERT INTO Records (IdRecord, WeekNumber, [WeekDay], SubjOrdinalNumber, IdGroup, IdSubject, IdLecturer, IdSubjectType, IdSubjectFor, DateFrom, DateTo, IdClassroom) VALUES
(3802, 1, 6, 4, 38, 43, 56, 3, 1, '2017-09-30', '2018-01-11', 49),
(3803, 2, 6, 4, 38, 43, 56, 3, 1, '2017-09-30', '2018-01-11', 49),
(3804, 4, 6, 4, 38, 43, 56, 3, 1, '2017-09-30', '2018-01-11', 49),
(3805, 3, 6, 4, 38, 43, 56, 3, 1, '2017-09-30', '2018-01-11', 49),
(3806, 1, 6, 4, 38, 43, 57, 3, 2, '2017-09-30', '2018-01-11', 54),
(3807, 2, 6, 4, 38, 43, 57, 3, 2, '2017-09-30', '2018-01-11', 54),
(3808, 4, 6, 4, 38, 43, 57, 3, 2, '2017-09-30', '2018-01-11', 54),
(3809, 3, 6, 4, 38, 43, 57, 3, 2, '2017-09-30', '2018-01-11', 54),
(3810, 1, 1, 2, 37, 183, 182, 7, 3, '2017-09-25', '2018-01-11', 7),
(3811, 2, 1, 2, 37, 183, 182, 7, 3, '2017-09-25', '2018-01-11', 7),
(3812, 4, 1, 2, 37, 183, 182, 7, 3, '2017-09-25', '2018-01-11', 7),
(3813, 3, 1, 2, 37, 183, 182, 7, 3, '2017-09-25', '2018-01-11', 7),
(3814, 1, 1, 3, 37, 185, 182, 7, 3, '2017-09-25', '2018-01-11', 7),
(3815, 2, 1, 3, 37, 185, 182, 7, 3, '2017-09-25', '2018-01-11', 7),
(3816, 4, 1, 3, 37, 185, 182, 7, 3, '2017-09-25', '2018-01-11', 7),
(3817, 3, 1, 3, 37, 185, 182, 7, 3, '2017-09-25', '2018-01-11', 7),
(3818, 1, 1, 4, 37, 43, 56, 3, 1, '2017-09-25', '2018-01-11', 49),
(3819, 2, 1, 4, 37, 43, 56, 3, 1, '2017-09-25', '2018-01-11', 49),
(3820, 4, 1, 4, 37, 43, 56, 3, 1, '2017-09-25', '2018-01-11', 49),
(3821, 3, 1, 4, 37, 43, 56, 3, 1, '2017-09-25', '2018-01-11', 49),
(3822, 1, 1, 4, 37, 43, 57, 3, 2, '2017-09-25', '2018-01-11', 49),
(3823, 2, 1, 4, 37, 43, 57, 3, 2, '2017-09-25', '2018-01-11', 49),
(3824, 4, 1, 4, 37, 43, 57, 3, 2, '2017-09-25', '2018-01-11', 49),
(3825, 3, 1, 4, 37, 43, 57, 3, 2, '2017-09-25', '2018-01-11', 49),
(3826, 1, 1, 5, 37, 23, 24, 7, 1, '2017-09-25', '2018-01-11', 21),
(3827, 2, 1, 5, 37, 23, 24, 7, 1, '2017-09-25', '2018-01-11', 21),
(3828, 4, 1, 5, 37, 23, 24, 7, 1, '2017-09-25', '2018-01-11', 21),
(3829, 3, 1, 5, 37, 23, 24, 7, 1, '2017-09-25', '2018-01-11', 21),
(3830, 1, 1, 5, 37, 23, 28, 7, 2, '2017-09-25', '2018-01-11', 22),
(3831, 2, 1, 5, 37, 23, 28, 7, 2, '2017-09-25', '2018-01-11', 22),
(3832, 4, 1, 5, 37, 23, 28, 7, 2, '2017-09-25', '2018-01-11', 22),
(3833, 3, 1, 5, 37, 23, 28, 7, 2, '2017-09-25', '2018-01-11', 22),
(3834, 1, 2, 3, 37, 186, 191, 7, 3, '2017-09-26', '2018-01-11', 7),
(3835, 3, 2, 3, 37, 186, 191, 7, 3, '2017-09-26', '2018-01-11', 7),
(3836, 2, 2, 3, 37, 23, 28, 7, 2, '2017-10-03', '2018-01-11', 22),
(3837, 4, 2, 3, 37, 23, 28, 7, 2, '2017-10-03', '2018-01-11', 22),
(3838, 1, 2, 4, 37, 186, 191, 7, 3, '2017-09-26', '2018-01-11', 7),
(3839, 2, 2, 4, 37, 186, 191, 7, 3, '2017-09-26', '2018-01-11', 7),
(3840, 4, 2, 4, 37, 186, 191, 7, 3, '2017-09-26', '2018-01-11', 7),
(3841, 3, 2, 4, 37, 186, 191, 7, 3, '2017-09-26', '2018-01-11', 7),
(3842, 1, 2, 5, 37, 205, 269, 7, 3, '2017-09-26', '2018-01-11', 32),
(3843, 2, 2, 5, 37, 205, 269, 7, 3, '2017-09-26', '2018-01-11', 32),
(3844, 4, 2, 5, 37, 205, 269, 7, 3, '2017-09-26', '2018-01-11', 32),
(3845, 3, 2, 5, 37, 205, 269, 7, 3, '2017-09-26', '2018-01-11', 32),
(3846, 1, 2, 6, 37, 204, 297, 7, 3, '2017-09-26', '2018-01-11', 32),
(3847, 2, 2, 6, 37, 204, 297, 7, 3, '2017-09-26', '2018-01-11', 32),
(3848, 4, 2, 6, 37, 204, 297, 7, 3, '2017-09-26', '2018-01-11', 32),
(3849, 3, 2, 6, 37, 204, 297, 7, 3, '2017-09-26', '2018-01-11', 32),
(3850, 1, 3, 2, 37, 183, 182, 7, 3, '2017-09-27', '2018-01-11', 7),
(3851, 2, 3, 2, 37, 183, 182, 7, 3, '2017-09-27', '2018-01-11', 7),
(3852, 4, 3, 2, 37, 183, 182, 7, 3, '2017-09-27', '2018-01-11', 7),
(3853, 3, 3, 2, 37, 183, 182, 7, 3, '2017-09-27', '2018-01-11', 7),
(3854, 1, 3, 3, 37, 185, 182, 7, 3, '2017-09-27', '2018-01-11', 7),
(3855, 2, 3, 3, 37, 185, 182, 7, 3, '2017-09-27', '2018-01-11', 7),
(3856, 4, 3, 3, 37, 185, 182, 7, 3, '2017-09-27', '2018-01-11', 7),
(3857, 3, 3, 3, 37, 185, 182, 7, 3, '2017-09-27', '2018-01-11', 7),
(3858, 2, 3, 4, 37, 185, 182, 7, 3, '2017-10-04', '2018-01-11', 7),
(3859, 4, 3, 4, 37, 185, 182, 7, 3, '2017-10-04', '2018-01-11', 7),
(3860, 1, 3, 4, 37, 23, 24, 7, 1, '2017-09-27', '2018-01-11', 21),
(3861, 3, 3, 4, 37, 23, 24, 7, 1, '2017-09-27', '2018-01-11', 21),
(3862, 1, 4, 2, 37, 205, 269, 7, 3, '2017-09-28', '2018-01-11', 27),
(3863, 3, 4, 2, 37, 205, 269, 7, 3, '2017-09-28', '2018-01-11', 27),
(3864, 2, 4, 2, 37, 23, 28, 7, 2, '2017-10-05', '2018-01-11', 27),
(3865, 4, 4, 2, 37, 23, 28, 7, 2, '2017-10-05', '2018-01-11', 27),
(3866, 1, 4, 3, 37, 205, 269, 7, 3, '2017-09-28', '2018-01-11', 27),
(3867, 2, 4, 3, 37, 205, 269, 7, 3, '2017-09-28', '2018-01-11', 27),
(3868, 4, 4, 3, 37, 205, 269, 7, 3, '2017-09-28', '2018-01-11', 27),
(3869, 3, 4, 3, 37, 205, 269, 7, 3, '2017-09-28', '2018-01-11', 27),
(3870, 1, 4, 4, 37, 43, 56, 3, 1, '2017-09-28', '2018-01-11', 49),
(3871, 2, 4, 4, 37, 43, 56, 3, 1, '2017-09-28', '2018-01-11', 49),
(3872, 4, 4, 4, 37, 43, 56, 3, 1, '2017-09-28', '2018-01-11', 49),
(3873, 3, 4, 4, 37, 43, 56, 3, 1, '2017-09-28', '2018-01-11', 49),
(3874, 1, 4, 4, 37, 43, 57, 3, 2, '2017-09-28', '2018-01-11', 49),
(3875, 2, 4, 4, 37, 43, 57, 3, 2, '2017-09-28', '2018-01-11', 49),
(3876, 4, 4, 4, 37, 43, 57, 3, 2, '2017-09-28', '2018-01-11', 49),
(3877, 3, 4, 4, 37, 43, 57, 3, 2, '2017-09-28', '2018-01-11', 49),
(3878, 1, 4, 5, 37, 83, 321, 7, 3, '2017-09-28', '2018-01-11', 35),
(3879, 2, 4, 5, 37, 83, 321, 7, 3, '2017-09-28', '2018-01-11', 35),
(3880, 4, 4, 5, 37, 83, 321, 7, 3, '2017-09-28', '2018-01-11', 35),
(3881, 3, 4, 5, 37, 83, 321, 7, 3, '2017-09-28', '2018-01-11', 35),
(3882, 1, 6, 1, 37, 186, 191, 7, 3, '2017-09-30', '2018-01-11', 55),
(3883, 2, 6, 1, 37, 186, 191, 7, 3, '2017-09-30', '2018-01-11', 55),
(3884, 4, 6, 1, 37, 186, 191, 7, 3, '2017-09-30', '2018-01-11', 55),
(3885, 3, 6, 1, 37, 186, 191, 7, 3, '2017-09-30', '2018-01-11', 55),
(3886, 1, 6, 2, 37, 204, 297, 7, 3, '2017-09-30', '2018-01-11', 50),
(3887, 3, 6, 2, 37, 204, 297, 7, 3, '2017-09-30', '2018-01-11', 50),
(3888, 2, 6, 2, 37, 83, 321, 7, 3, '2017-10-07', '2018-01-11', 35),
(3889, 4, 6, 2, 37, 83, 321, 7, 3, '2017-10-07', '2018-01-11', 35),
(3890, 1, 6, 3, 37, 43, 56, 3, 1, '2017-09-30', '2018-01-11', 49),
(3891, 4, 6, 3, 37, 43, 56, 3, 1, '2017-09-30', '2018-01-11', 49),
(3892, 2, 6, 3, 37, 43, 56, 3, 1, '2017-09-30', '2018-01-11', 49),
(3893, 3, 6, 3, 37, 43, 56, 3, 1, '2017-09-30', '2018-01-11', 49),
(3894, 1, 6, 3, 37, 43, 57, 3, 2, '2017-09-30', '2018-01-11', 49),
(3895, 2, 6, 3, 37, 43, 57, 3, 2, '2017-09-30', '2018-01-11', 49),
(3896, 4, 6, 3, 37, 43, 57, 3, 2, '2017-09-30', '2018-01-11', 49),
(3897, 3, 6, 3, 37, 43, 57, 3, 2, '2017-09-30', '2018-01-11', 49),
(3898, 1, 6, 4, 37, 83, 321, 7, 3, '2017-09-30', '2018-01-11', 35),
(3899, 3, 6, 4, 37, 83, 321, 7, 3, '2017-09-30', '2018-01-11', 35),
(3900, 2, 4, 4, 50, 141, 323, 7, 3, '2017-09-01', '2017-11-24', 36),
(3901, 4, 4, 4, 50, 141, 323, 7, 3, '2017-09-01', '2017-11-24', 36),
(3902, 3, 4, 4, 50, 141, 323, 7, 3, '2017-09-01', '2017-11-24', 36),
(3903, 1, 4, 4, 50, 141, 323, 7, 3, '2017-09-01', '2017-11-24', 36),
(3904, 2, 4, 5, 50, 43, 51, 3, 1, '2017-09-01', '2017-11-24', 49),
(3905, 4, 4, 5, 50, 43, 51, 3, 1, '2017-09-01', '2017-11-24', 49),
(3906, 3, 4, 5, 50, 43, 51, 3, 1, '2017-09-01', '2017-11-24', 49),
(3907, 1, 4, 5, 50, 43, 51, 3, 1, '2017-09-01', '2017-11-24', 49),
(3908, 2, 4, 5, 50, 43, 43, 3, 2, '2017-09-01', '2017-11-24', 49),
(3909, 4, 4, 5, 50, 43, 43, 3, 2, '2017-09-01', '2017-11-24', 49),
(3910, 3, 4, 5, 50, 43, 43, 3, 2, '2017-09-01', '2017-11-24', 49),
(3911, 1, 4, 5, 50, 43, 43, 3, 2, '2017-09-01', '2017-11-24', 49),
(3912, 2, 4, 6, 50, 205, 211, 7, 3, '2017-09-01', '2017-11-24', 27),
(3913, 4, 4, 6, 50, 205, 211, 7, 3, '2017-09-01', '2017-11-24', 27),
(3914, 3, 4, 6, 50, 205, 211, 7, 3, '2017-09-01', '2017-11-24', 27),
(3915, 1, 4, 6, 50, 205, 211, 7, 3, '2017-09-01', '2017-11-24', 27),
(3916, 2, 5, 2, 50, 315, 324, 7, 3, '2017-09-01', '2017-11-24', 37),
(3917, 4, 5, 2, 50, 315, 324, 7, 3, '2017-09-01', '2017-11-24', 37),
(3918, 2, 5, 3, 50, 25, 23, 7, 1, '2017-09-01', '2017-11-24', 34),
(3919, 4, 5, 3, 50, 25, 23, 7, 1, '2017-09-01', '2017-11-24', 34),
(3920, 3, 5, 3, 50, 25, 23, 7, 1, '2017-09-01', '2017-11-24', 34),
(3921, 1, 5, 3, 50, 25, 23, 7, 1, '2017-09-01', '2017-11-24', 34),
(3922, 2, 5, 3, 50, 25, 28, 7, 2, '2017-09-01', '2017-11-24', 21),
(3923, 4, 5, 3, 50, 25, 28, 7, 2, '2017-09-01', '2017-11-24', 21),
(3924, 3, 5, 3, 50, 25, 28, 7, 2, '2017-09-01', '2017-11-24', 21),
(3925, 1, 5, 3, 50, 25, 28, 7, 2, '2017-09-01', '2017-11-24', 21),
(3926, 3, 5, 4, 50, 142, 323, 7, 3, '2017-09-01', '2017-11-24', 36),
(3927, 1, 5, 4, 50, 142, 323, 7, 3, '2017-09-01', '2017-11-24', 36),
(3928, 2, 5, 4, 50, 315, 324, 7, 3, '2017-09-01', '2017-11-24', 40),
(3929, 4, 5, 4, 50, 315, 324, 7, 3, '2017-09-01', '2017-11-24', 40),
(3930, 3, 5, 5, 50, 315, 324, 7, 3, '2017-09-01', '2017-11-24', 40),
(3931, 1, 5, 5, 50, 315, 324, 7, 3, '2017-09-01', '2017-11-24', 40),
(3932, 2, 5, 5, 50, 205, 211, 7, 3, '2017-09-01', '2017-11-24', 28),
(3933, 4, 5, 5, 50, 205, 211, 7, 3, '2017-09-01', '2017-11-24', 28),
(3934, 2, 6, 2, 50, 202, 211, 7, 3, '2017-09-01', '2017-11-24', 27),
(3935, 4, 6, 2, 50, 202, 211, 7, 3, '2017-09-01', '2017-11-24', 27),
(3936, 3, 6, 2, 50, 202, 211, 7, 3, '2017-09-01', '2017-11-24', 27),
(3937, 1, 6, 2, 50, 202, 211, 7, 3, '2017-09-01', '2017-11-24', 27),
(3938, 2, 6, 3, 50, 142, 323, 7, 3, '2017-09-01', '2017-11-24', 40),
(3939, 4, 6, 3, 50, 142, 323, 7, 3, '2017-09-01', '2017-11-24', 40),
(3940, 3, 6, 3, 50, 142, 323, 7, 3, '2017-09-01', '2017-11-24', 40),
(3941, 1, 6, 3, 50, 142, 323, 7, 3, '2017-09-01', '2017-11-24', 40),
(3942, 2, 6, 4, 50, 43, 51, 3, 1, '2017-09-01', '2017-11-24', 49),
(3943, 4, 6, 4, 50, 43, 51, 3, 1, '2017-09-01', '2017-11-24', 49),
(3944, 3, 6, 4, 50, 43, 51, 3, 1, '2017-09-01', '2017-11-24', 49),
(3945, 1, 6, 4, 50, 43, 51, 3, 1, '2017-09-01', '2017-11-24', 49),
(3946, 2, 6, 4, 50, 43, 43, 3, 2, '2017-09-01', '2017-11-24', 49),
(3947, 4, 6, 4, 50, 43, 43, 3, 2, '2017-09-01', '2017-11-24', 49),
(3948, 3, 6, 4, 50, 43, 43, 3, 2, '2017-09-01', '2017-11-24', 49),
(3949, 1, 6, 4, 50, 43, 43, 3, 2, '2017-09-01', '2017-11-24', 49),
(3950, 2, 1, 2, 51, 143, 319, 7, 3, '2017-09-01', '2017-11-24', 40),
(3951, 4, 1, 2, 51, 143, 319, 7, 3, '2017-09-01', '2017-11-24', 40),
(3952, 3, 1, 2, 51, 143, 319, 7, 3, '2017-09-01', '2017-11-24', 40),
(3953, 1, 1, 2, 51, 143, 319, 7, 3, '2017-09-01', '2017-11-24', 40),
(3954, 2, 1, 3, 51, 143, 319, 7, 3, '2017-09-01', '2017-11-24', 40),
(3955, 4, 1, 3, 51, 143, 319, 7, 3, '2017-09-01', '2017-11-24', 40),
(3956, 3, 1, 3, 51, 143, 319, 7, 3, '2017-09-01', '2017-11-24', 40),
(3957, 1, 1, 3, 51, 143, 319, 7, 3, '2017-09-01', '2017-11-24', 40),
(3958, 2, 1, 4, 51, 141, 316, 7, 3, '2017-09-01', '2017-11-24', 36),
(3959, 4, 1, 4, 51, 141, 316, 7, 3, '2017-09-01', '2017-11-24', 36),
(3960, 3, 1, 4, 51, 141, 316, 7, 3, '2017-09-01', '2017-11-24', 36),
(3961, 1, 1, 4, 51, 141, 316, 7, 3, '2017-09-01', '2017-11-24', 36),
(3962, 2, 2, 3, 51, 137, 123, 7, 3, '2017-09-01', '2017-11-24', 25),
(3963, 4, 2, 3, 51, 137, 123, 7, 3, '2017-09-01', '2017-11-24', 25),
(3964, 2, 2, 4, 51, 137, 123, 7, 3, '2017-09-01', '2017-11-24', 40),
(3965, 4, 2, 4, 51, 137, 123, 7, 3, '2017-09-01', '2017-11-24', 40),
(3966, 3, 2, 4, 51, 137, 123, 7, 3, '2017-09-01', '2017-11-24', 40),
(3967, 1, 2, 4, 51, 137, 123, 7, 3, '2017-09-01', '2017-11-24', 40),
(3968, 2, 2, 5, 51, 43, 51, 3, 1, '2017-09-01', '2017-11-24', 49),
(3969, 4, 2, 5, 51, 43, 51, 3, 1, '2017-09-01', '2017-11-24', 49),
(3970, 3, 2, 5, 51, 43, 51, 3, 1, '2017-09-01', '2017-11-24', 49),
(3971, 1, 2, 5, 51, 43, 51, 3, 1, '2017-09-01', '2017-11-24', 49),
(3972, 2, 2, 5, 51, 43, 43, 3, 2, '2017-09-01', '2017-11-24', 49),
(3973, 4, 2, 5, 51, 43, 43, 3, 2, '2017-09-01', '2017-11-24', 49),
(3974, 3, 2, 5, 51, 43, 43, 3, 2, '2017-09-01', '2017-11-24', 49),
(3975, 1, 2, 5, 51, 43, 43, 3, 2, '2017-09-01', '2017-11-24', 49),
(3976, 2, 2, 6, 51, 205, 211, 7, 3, '2017-09-01', '2017-11-24', 27),
(3977, 4, 2, 6, 51, 205, 211, 7, 3, '2017-09-01', '2017-11-24', 27),
(3978, 3, 2, 6, 51, 205, 211, 7, 3, '2017-09-01', '2017-11-24', 27),
(3979, 1, 2, 6, 51, 205, 211, 7, 3, '2017-09-01', '2017-11-24', 27),
(3980, 3, 3, 2, 51, 142, 323, 7, 3, '2017-09-01', '2017-11-24', 40),
(3981, 1, 3, 2, 51, 142, 323, 7, 3, '2017-09-01', '2017-11-24', 40),
(3982, 2, 3, 2, 51, 137, 123, 7, 3, '2017-09-01', '2017-11-24', 40),
(3983, 4, 3, 2, 51, 137, 123, 7, 3, '2017-09-01', '2017-11-24', 40),
(3984, 2, 3, 3, 51, 25, 23, 7, 1, '2017-09-01', '2017-11-24', 12),
(3985, 4, 3, 3, 51, 25, 23, 7, 1, '2017-09-01', '2017-11-24', 12),
(3986, 3, 3, 3, 51, 25, 23, 7, 1, '2017-09-01', '2017-11-24', 12),
(3987, 1, 3, 3, 51, 25, 23, 7, 1, '2017-09-01', '2017-11-24', 12),
(3988, 2, 3, 3, 51, 25, 28, 7, 2, '2017-09-01', '2017-11-24', 11),
(3989, 4, 3, 3, 51, 25, 28, 7, 2, '2017-09-01', '2017-11-24', 11),
(3990, 3, 3, 3, 51, 25, 28, 7, 2, '2017-09-01', '2017-11-24', 11),
(3991, 1, 3, 3, 51, 25, 28, 7, 2, '2017-09-01', '2017-11-24', 11),
(3992, 2, 3, 4, 51, 144, 143, 7, 3, '2017-09-01', '2017-11-24', 29),
(3993, 4, 3, 4, 51, 144, 143, 7, 3, '2017-09-01', '2017-11-24', 29),
(3994, 3, 3, 4, 51, 144, 143, 7, 3, '2017-09-01', '2017-11-24', 29),
(3995, 1, 3, 4, 51, 144, 143, 7, 3, '2017-09-01', '2017-11-24', 29),
(3996, 2, 4, 2, 51, 142, 323, 7, 3, '2017-09-01', '2017-11-24', 43),
(3997, 4, 4, 2, 51, 142, 323, 7, 3, '2017-09-01', '2017-11-24', 43),
(3998, 2, 4, 3, 51, 141, 316, 7, 3, '2017-09-01', '2017-11-24', 33),
(3999, 4, 4, 3, 51, 141, 316, 7, 3, '2017-09-01', '2017-11-24', 33),
(4000, 3, 4, 3, 51, 141, 316, 7, 3, '2017-09-01', '2017-11-24', 33),
(4001, 1, 4, 3, 51, 141, 316, 7, 3, '2017-09-01', '2017-11-24', 33),
(4002, 2, 4, 4, 51, 315, 315, 7, 3, '2017-09-01', '2017-11-24', 38),
(4003, 4, 4, 4, 51, 315, 315, 7, 3, '2017-09-01', '2017-11-24', 38),
(4004, 3, 4, 4, 51, 315, 315, 7, 3, '2017-09-01', '2017-11-24', 38),
(4005, 1, 4, 4, 51, 315, 315, 7, 3, '2017-09-01', '2017-11-24', 38),
(4006, 2, 4, 5, 51, 43, 51, 3, 1, '2017-09-01', '2017-11-24', 49),
(4007, 4, 4, 5, 51, 43, 51, 3, 1, '2017-09-01', '2017-11-24', 49),
(4008, 3, 4, 5, 51, 43, 51, 3, 1, '2017-09-01', '2017-11-24', 49),
(4009, 1, 4, 5, 51, 43, 51, 3, 1, '2017-09-01', '2017-11-24', 49),
(4010, 2, 4, 5, 51, 43, 43, 3, 2, '2017-09-01', '2017-11-24', 49),
(4011, 4, 4, 5, 51, 43, 43, 3, 2, '2017-09-01', '2017-11-24', 49),
(4012, 3, 4, 5, 51, 43, 43, 3, 2, '2017-09-01', '2017-11-24', 49),
(4013, 1, 4, 5, 51, 43, 43, 3, 2, '2017-09-01', '2017-11-24', 49),
(4014, 2, 5, 3, 51, 142, 323, 7, 3, '2017-09-01', '2017-11-24', 40),
(4015, 4, 5, 3, 51, 142, 323, 7, 3, '2017-09-01', '2017-11-24', 40),
(4016, 3, 5, 3, 51, 142, 323, 7, 3, '2017-09-01', '2017-11-24', 40),
(4017, 1, 5, 3, 51, 142, 323, 7, 3, '2017-09-01', '2017-11-24', 40),
(4018, 2, 5, 4, 51, 25, 23, 7, 1, '2017-09-01', '2017-11-24', 31),
(4019, 4, 5, 4, 51, 25, 23, 7, 1, '2017-09-01', '2017-11-24', 31),
(4020, 3, 5, 4, 51, 25, 23, 7, 1, '2017-09-01', '2017-11-24', 31),
(4021, 1, 5, 4, 51, 25, 23, 7, 1, '2017-09-01', '2017-11-24', 31),
(4022, 2, 5, 4, 51, 25, 28, 7, 2, '2017-09-01', '2017-11-24', 21),
(4023, 4, 5, 4, 51, 25, 28, 7, 2, '2017-09-01', '2017-11-24', 21),
(4024, 3, 5, 4, 51, 25, 28, 7, 2, '2017-09-01', '2017-11-24', 21),
(4025, 1, 5, 4, 51, 25, 28, 7, 2, '2017-09-01', '2017-11-24', 21),
(4026, 2, 5, 5, 51, 144, 143, 7, 3, '2017-09-01', '2017-11-24', 43),
(4027, 4, 5, 5, 51, 144, 143, 7, 3, '2017-09-01', '2017-11-24', 43),
(4028, 3, 5, 5, 51, 144, 143, 7, 3, '2017-09-01', '2017-11-24', 43),
(4029, 1, 5, 5, 51, 144, 143, 7, 3, '2017-09-01', '2017-11-24', 43),
(4030, 3, 5, 6, 51, 205, 211, 7, 3, '2017-09-01', '2017-11-24', 28),
(4031, 1, 5, 6, 51, 205, 211, 7, 3, '2017-09-01', '2017-11-24', 28),
(4032, 2, 6, 2, 51, 315, 315, 7, 3, '2017-09-01', '2017-11-24', 36),
(4033, 4, 6, 2, 51, 315, 315, 7, 3, '2017-09-01', '2017-11-24', 36),
(4034, 3, 6, 2, 51, 315, 315, 7, 3, '2017-09-01', '2017-11-24', 36),
(4035, 1, 6, 2, 51, 315, 315, 7, 3, '2017-09-01', '2017-11-24', 36),
(4036, 2, 6, 3, 51, 205, 211, 7, 3, '2017-09-01', '2017-11-24', 27),
(4037, 4, 6, 3, 51, 205, 211, 7, 3, '2017-09-01', '2017-11-24', 27),
(4038, 3, 6, 3, 51, 205, 211, 7, 3, '2017-09-01', '2017-11-24', 27),
(4039, 1, 6, 3, 51, 205, 211, 7, 3, '2017-09-01', '2017-11-24', 27),
(4040, 2, 6, 4, 51, 43, 51, 3, 1, '2017-09-01', '2017-11-24', 49),
(4041, 4, 6, 4, 51, 43, 51, 3, 1, '2017-09-01', '2017-11-24', 49),
(4042, 3, 6, 4, 51, 43, 51, 3, 1, '2017-09-01', '2017-11-24', 49),
(4043, 1, 6, 4, 51, 43, 51, 3, 1, '2017-09-01', '2017-11-24', 49),
(4044, 2, 6, 4, 51, 43, 43, 3, 3, '2017-09-01', '2017-11-24', 49),
(4045, 4, 6, 4, 51, 43, 43, 3, 3, '2017-09-01', '2017-11-24', 49),
(4046, 3, 6, 4, 51, 43, 43, 3, 3, '2017-09-01', '2017-11-24', 49),
(4047, 1, 6, 4, 51, 43, 43, 3, 3, '2017-09-01', '2017-11-24', 49),
(4048, 2, 6, 4, 51, 43, 43, 3, 2, '2017-09-01', '2017-11-24', 49),
(4049, 4, 6, 4, 51, 43, 43, 3, 2, '2017-09-01', '2017-11-24', 49),
(4050, 3, 6, 4, 51, 43, 43, 3, 2, '2017-09-01', '2017-11-24', 49),
(4051, 1, 6, 4, 51, 43, 43, 3, 2, '2017-09-01', '2017-11-24', 49),
(4052, 2, 6, 1, 16, 94, 109, 7, 3, '2017-09-30', '2018-01-12', 46),
(4053, 3, 6, 1, 16, 94, 109, 7, 3, '2017-09-30', '2018-01-12', 46),
(4054, 4, 6, 1, 16, 94, 109, 7, 3, '2017-09-30', '2018-01-12', 46),
(4055, 1, 6, 1, 16, 94, 109, 7, 3, '2017-09-30', '2018-01-12', 46),
(4056, 2, 6, 2, 16, 91, 115, 7, 3, '2017-09-30', '2018-01-12', 45),
(4057, 3, 6, 2, 16, 91, 115, 7, 3, '2017-09-30', '2018-01-12', 45),
(4058, 4, 6, 2, 16, 91, 115, 7, 3, '2017-09-30', '2018-01-12', 45),
(4059, 1, 6, 2, 16, 91, 115, 7, 3, '2017-09-30', '2018-01-12', 45),
(4060, 2, 6, 3, 16, 92, 109, 7, 3, '2017-09-30', '2018-01-12', 46),
(4061, 3, 6, 3, 16, 92, 109, 7, 3, '2017-09-30', '2018-01-12', 46),
(4062, 4, 6, 3, 16, 92, 109, 7, 3, '2017-09-30', '2018-01-12', 46),
(4063, 1, 6, 3, 16, 92, 109, 7, 3, '2017-09-30', '2018-01-12', 46),
(4064, 2, 5, 1, 16, 24, 32, 7, 3, '2017-10-06', '2018-01-12', 21),
(4065, 4, 5, 1, 16, 24, 32, 7, 3, '2017-10-06', '2018-01-12', 21),
(4066, 2, 5, 2, 16, 43, 49, 3, 1, '2017-09-29', '2018-01-12', 49),
(4067, 3, 5, 2, 16, 43, 49, 3, 1, '2017-09-29', '2018-01-12', 49),
(4068, 4, 5, 2, 16, 43, 49, 3, 1, '2017-09-29', '2018-01-12', 49),
(4069, 1, 5, 2, 16, 43, 49, 3, 1, '2017-09-29', '2018-01-12', 49),
(4070, 2, 5, 2, 16, 43, 55, 3, 1, '2017-09-29', '2018-01-12', 49),
(4071, 3, 5, 2, 16, 43, 55, 3, 1, '2017-09-29', '2018-01-12', 49),
(4072, 4, 5, 2, 16, 43, 55, 3, 1, '2017-09-29', '2018-01-12', 49),
(4073, 1, 5, 2, 16, 43, 55, 3, 1, '2017-09-29', '2018-01-12', 49),
(4074, 2, 5, 2, 16, 43, 49, 3, 2, '2017-09-29', '2018-01-12', 49),
(4075, 3, 5, 2, 16, 43, 49, 3, 2, '2017-09-29', '2018-01-12', 49),
(4076, 4, 5, 2, 16, 43, 49, 3, 2, '2017-09-29', '2018-01-12', 49),
(4077, 1, 5, 2, 16, 43, 49, 3, 2, '2017-09-29', '2018-01-12', 49),
(4078, 3, 5, 3, 16, 268, 34, 7, 3, '2017-09-29', '2018-01-12', 31),
(4079, 1, 5, 3, 16, 268, 34, 7, 3, '2017-09-29', '2018-01-12', 31),
(4080, 3, 5, 3, 16, 268, 34, 7, 3, '2017-09-29', '2018-01-12', 31),
(4081, 1, 5, 3, 16, 268, 34, 7, 3, '2017-09-29', '2018-01-12', 31),
(4082, 2, 5, 3, 16, 103, 112, 7, 3, '2017-10-06', '2018-01-12', 44),
(4083, 4, 5, 3, 16, 103, 112, 7, 3, '2017-10-06', '2018-01-12', 44),
(4084, 2, 5, 4, 16, 103, 112, 7, 3, '2017-10-06', '2018-01-12', 44),
(4085, 4, 5, 4, 16, 103, 112, 7, 3, '2017-10-06', '2018-01-12', 44),
(4086, 3, 5, 4, 16, 268, 34, 7, 3, '2017-09-29', '2018-01-12', 31),
(4087, 1, 5, 4, 16, 268, 34, 7, 3, '2017-09-29', '2018-01-12', 31),
(4088, 2, 2, 2, 16, 88, 117, 7, 3, '2017-09-26', '2018-01-12', 28),
(4089, 3, 2, 2, 16, 88, 117, 7, 3, '2017-09-26', '2018-01-12', 28),
(4090, 4, 2, 2, 16, 88, 117, 7, 3, '2017-09-26', '2018-01-12', 28),
(4091, 1, 2, 2, 16, 88, 117, 7, 3, '2017-09-26', '2018-01-12', 28),
(4092, 2, 2, 3, 16, 94, 109, 7, 3, '2017-09-26', '2018-01-12', 46),
(4093, 3, 2, 3, 16, 94, 109, 7, 3, '2017-09-26', '2018-01-12', 46),
(4094, 4, 2, 3, 16, 94, 109, 7, 3, '2017-09-26', '2018-01-12', 46),
(4095, 1, 2, 3, 16, 94, 109, 7, 3, '2017-09-26', '2018-01-12', 46),
(4096, 2, 2, 4, 16, 92, 109, 7, 3, '2017-09-26', '2018-01-12', 46),
(4097, 3, 2, 4, 16, 92, 109, 7, 3, '2017-09-26', '2018-01-12', 46),
(4098, 4, 2, 4, 16, 92, 109, 7, 3, '2017-09-26', '2018-01-12', 46),
(4099, 1, 2, 4, 16, 92, 109, 7, 3, '2017-09-26', '2018-01-12', 46),
(4100, 2, 4, 2, 16, 103, 112, 7, 3, '2017-09-28', '2018-01-12', 44),
(4101, 3, 4, 2, 16, 103, 112, 7, 3, '2017-09-28', '2018-01-12', 44),
(4102, 4, 4, 2, 16, 103, 112, 7, 3, '2017-09-28', '2018-01-12', 44),
(4103, 1, 4, 2, 16, 103, 112, 7, 3, '2017-09-28', '2018-01-12', 44),
(4104, 2, 4, 3, 16, 96, 116, 7, 3, '2017-09-28', '2018-01-12', 44),
(4105, 3, 4, 3, 16, 96, 116, 7, 3, '2017-09-28', '2018-01-12', 44),
(4106, 4, 4, 3, 16, 96, 116, 7, 3, '2017-09-28', '2018-01-12', 44),
(4107, 1, 4, 3, 16, 96, 116, 7, 3, '2017-09-28', '2018-01-12', 44),
(4108, 3, 4, 4, 16, 103, 112, 7, 3, '2017-09-28', '2018-01-12', 44),
(4109, 1, 4, 4, 16, 103, 112, 7, 3, '2017-09-28', '2018-01-12', 44),
(4110, 2, 4, 4, 16, 91, 115, 7, 3, '2017-10-05', '2018-01-12', 45),
(4111, 4, 4, 4, 16, 91, 115, 7, 3, '2017-10-05', '2018-01-12', 45),
(4112, 2, 4, 5, 16, 91, 115, 7, 3, '2017-09-28', '2018-01-12', 45),
(4113, 3, 4, 5, 16, 91, 115, 7, 3, '2017-09-28', '2018-01-12', 45),
(4114, 4, 4, 5, 16, 91, 115, 7, 3, '2017-09-28', '2018-01-12', 45),
(4115, 1, 4, 5, 16, 91, 115, 7, 3, '2017-09-28', '2018-01-12', 45),
(4116, 2, 1, 2, 120, 257, 91, 1, 3, '2017-09-01', '2018-01-04', 51),
(4117, 3, 1, 2, 120, 257, 91, 1, 3, '2017-09-01', '2018-01-04', 51),
(4118, 4, 1, 2, 120, 257, 91, 1, 3, '2017-09-01', '2018-01-04', 51),
(4119, 1, 1, 2, 120, 257, 91, 1, 3, '2017-09-01', '2018-01-04', 51),
(4120, 2, 1, 3, 120, 42, 48, 3, 1, '2017-09-01', '2018-01-04', 49),
(4121, 3, 1, 3, 120, 42, 48, 3, 1, '2017-09-01', '2018-01-04', 49),
(4122, 4, 1, 3, 120, 42, 48, 3, 1, '2017-09-01', '2018-01-04', 49),
(4123, 1, 1, 3, 120, 42, 48, 3, 1, '2017-09-01', '2018-01-04', 74),
(4124, 2, 1, 3, 120, 42, 47, 3, 2, '2017-09-01', '2018-01-04', 74),
(4125, 3, 1, 3, 120, 42, 47, 3, 2, '2017-09-01', '2018-01-04', 74),
(4126, 4, 1, 3, 120, 42, 47, 3, 2, '2017-09-01', '2018-01-04', 74),
(4127, 1, 1, 3, 120, 42, 47, 3, 2, '2017-09-01', '2018-01-04', 74),
(4128, 2, 1, 4, 120, 11, 10, 3, 1, '2017-11-14', '2018-01-04', 59),
(4129, 3, 1, 4, 120, 11, 10, 3, 1, '2017-11-14', '2018-01-04', 59),
(4130, 4, 1, 4, 120, 11, 10, 3, 1, '2017-11-14', '2018-01-04', 59),
(4131, 1, 1, 4, 120, 11, 10, 3, 1, '2017-11-14', '2018-01-04', 59),
(4132, 2, 1, 4, 120, 11, 12, 3, 2, '2017-11-14', '2018-01-04', 52),
(4133, 3, 1, 4, 120, 11, 12, 3, 2, '2017-11-14', '2018-01-04', 52),
(4134, 4, 1, 4, 120, 11, 12, 3, 2, '2017-11-14', '2018-01-04', 52),
(4135, 1, 1, 4, 120, 11, 12, 3, 2, '2017-11-14', '2018-01-04', 2),
(4136, 3, 1, 4, 120, 11, 12, 3, 2, '2017-11-14', '2018-01-04', 65),
(4137, 1, 1, 4, 120, 11, 12, 3, 2, '2017-11-14', '2018-01-04', 65),
(4138, 2, 1, 5, 120, 4, 326, 7, 3, '2017-11-14', '2018-01-04', 48),
(4139, 3, 1, 5, 120, 4, 326, 7, 3, '2017-11-14', '2018-01-04', 48),
(4140, 4, 1, 5, 120, 4, 326, 7, 3, '2017-11-14', '2018-01-04', 48),
(4141, 1, 1, 5, 120, 4, 326, 7, 3, '2017-11-14', '2018-01-04', 48),
(4142, 2, 2, 1, 120, 250, 267, 3, 3, '2017-10-24', '2018-01-04', 51),
(4143, 3, 2, 1, 120, 250, 267, 3, 3, '2017-10-24', '2018-01-04', 51),
(4144, 4, 2, 1, 120, 250, 267, 3, 3, '2017-10-24', '2018-01-04', 51),
(4145, 1, 2, 1, 120, 250, 267, 3, 3, '2017-10-24', '2018-01-04', 51),
(4146, 1, 2, 2, 120, 69, 88, 3, 1, '2017-10-24', '2018-01-04', 67),
(4147, 1, 2, 2, 120, 58, 226, 3, 2, '2017-10-24', '2018-01-04', 64),
(4148, 2, 2, 2, 120, 58, 226, 2, 1, '2017-10-31', '2018-01-04', 64),
(4149, 2, 2, 3, 120, 58, 226, 2, 1, '2017-10-31', '2018-01-04', 64),
(4150, 2, 2, 2, 120, 211, 357, 2, 2, '2017-10-31', '2018-01-04', 65),
(4151, 2, 2, 3, 120, 211, 357, 2, 2, '2017-10-31', '2018-01-04', 65),
(4152, 3, 2, 3, 120, 58, 226, 3, 1, '2017-11-07', '2018-01-04', 64),
(4153, 3, 2, 3, 120, 69, 88, 3, 2, '2017-11-07', '2018-01-04', 67),
(4154, 4, 2, 2, 120, 211, 357, 2, 1, '2017-11-14', '2018-01-04', 65),
(4155, 4, 2, 3, 120, 211, 357, 2, 1, '2017-11-14', '2018-01-04', 65),
(4156, 4, 2, 2, 120, 58, 226, 2, 2, '2017-11-14', '2018-01-04', 64),
(4157, 4, 2, 3, 120, 58, 226, 1, 2, '2017-11-14', '2018-01-04', 64),
(4158, 3, 2, 4, 120, 211, 265, 3, 3, '2017-10-24', '2018-01-04', 47),
(4159, 1, 2, 4, 120, 211, 265, 3, 3, '2017-10-24', '2018-01-04', 47),
(4160, 2, 2, 4, 120, 5, 5, 1, 3, '2017-10-31', '2018-01-04', 71),
(4161, 4, 2, 4, 120, 4, 5, 1, 3, '2017-11-14', '2018-01-04', 71),
(4162, 2, 3, 2, 120, 257, 91, 3, 3, '2017-10-25', '2018-01-04', 71),
(4163, 3, 3, 2, 120, 257, 91, 3, 3, '2017-10-25', '2018-01-04', 71),
(4164, 4, 3, 2, 120, 257, 91, 3, 3, '2017-10-25', '2018-01-04', 71),
(4165, 1, 3, 2, 120, 257, 91, 3, 3, '2017-10-25', '2018-01-04', 71),
(4166, 2, 3, 3, 120, 42, 47, 3, 1, '2017-10-25', '2018-01-04', 74),
(4167, 3, 3, 3, 120, 42, 47, 3, 1, '2017-10-25', '2018-01-04', 74),
(4168, 4, 3, 3, 120, 42, 47, 3, 1, '2017-10-25', '2018-01-04', 74),
(4169, 1, 3, 3, 120, 42, 47, 3, 1, '2017-10-25', '2018-01-04', 74),
(4170, 1, 3, 3, 120, 42, 48, 3, 2, '2017-10-25', '2018-01-04', 74),
(4171, 2, 3, 3, 120, 42, 48, 3, 2, '2017-11-01', '2018-01-04', 74),
(4172, 3, 3, 3, 120, 42, 48, 3, 2, '2017-11-01', '2018-01-04', 74),
(4173, 4, 3, 3, 120, 42, 48, 3, 2, '2017-11-01', '2018-01-04', 74),
(4174, 2, 3, 4, 120, 11, 10, 3, 1, '2017-10-25', '2018-01-04', 53),
(4175, 3, 3, 4, 120, 11, 10, 3, 1, '2017-10-25', '2018-01-04', 53),
(4176, 4, 3, 4, 120, 11, 10, 3, 1, '2017-10-25', '2018-01-04', 53),
(4177, 1, 3, 4, 120, 11, 10, 3, 1, '2017-10-25', '2018-01-04', 53),
(4178, 2, 3, 4, 120, 11, 12, 3, 2, '2017-10-25', '2018-01-04', 48),
(4179, 3, 3, 4, 120, 11, 12, 3, 2, '2017-10-25', '2018-01-04', 48),
(4180, 4, 3, 4, 120, 11, 12, 3, 2, '2017-10-25', '2018-01-04', 48),
(4181, 1, 3, 4, 120, 11, 12, 3, 2, '2017-10-25', '2018-01-04', 48),
(4182, 2, 3, 5, 120, 5, 5, 1, 3, '2017-10-25', '2018-01-04', 48),
(4183, 4, 3, 5, 120, 5, 5, 1, 3, '2017-10-25', '2018-01-04', 48),
(4184, 2, 4, 1, 120, 257, 91, 1, 3, '2017-10-26', '2018-01-04', 48),
(4185, 3, 4, 1, 120, 257, 91, 1, 3, '2017-10-26', '2018-01-04', 48),
(4186, 4, 4, 1, 120, 257, 91, 1, 3, '2017-10-26', '2018-01-04', 48),
(4187, 1, 4, 1, 120, 257, 91, 1, 3, '2017-10-26', '2018-01-04', 48),
(4188, 3, 4, 2, 120, 257, 91, 3, 3, '2017-10-26', '2018-01-04', 70),
(4189, 1, 4, 2, 120, 257, 91, 3, 3, '2017-10-26', '2018-01-04', 70),
(4190, 2, 4, 2, 120, 14, 219, 1, 3, '2017-11-02', '2018-01-04', 70),
(4191, 4, 4, 2, 120, 14, 219, 1, 3, '2017-11-02', '2018-01-04', 70),
(4192, 2, 4, 3, 120, 211, 353, 1, 3, '2017-10-26', '2018-01-04', 70),
(4193, 3, 4, 3, 120, 211, 353, 1, 3, '2017-10-26', '2018-01-04', 70),
(4194, 4, 4, 3, 120, 211, 353, 1, 3, '2017-10-26', '2018-01-04', 70),
(4195, 1, 4, 3, 120, 211, 353, 1, 3, '2017-10-26', '2018-01-04', 70),
(4196, 2, 4, 4, 120, 58, 226, 1, 3, '2017-10-26', '2018-01-04', 70),
(4197, 3, 4, 4, 120, 58, 226, 1, 3, '2017-10-26', '2018-01-04', 70),
(4198, 4, 4, 4, 120, 58, 226, 1, 3, '2017-10-26', '2018-01-04', 70),
(4199, 1, 4, 4, 120, 58, 226, 1, 3, '2017-10-26', '2018-01-04', 70),
(4200, 2, 5, 2, 120, 69, 336, 1, 3, '2017-10-27', '2018-01-04', 47),
(4201, 3, 5, 2, 120, 69, 336, 1, 3, '2017-10-27', '2018-01-04', 47),
(4202, 4, 5, 2, 120, 69, 336, 1, 3, '2017-10-27', '2018-01-04', 47),
(4203, 1, 5, 2, 120, 69, 336, 1, 3, '2017-10-27', '2018-01-04', 47),
(4204, 3, 5, 3, 120, 69, 336, 3, 3, '2017-10-27', '2018-01-04', 47),
(4205, 1, 5, 3, 120, 69, 336, 3, 3, '2017-10-27', '2018-01-04', 47),
(4206, 3, 5, 4, 120, 250, 207, 1, 3, '2017-10-27', '2018-01-04', 47),
(4207, 1, 5, 4, 120, 250, 207, 1, 3, '2017-10-27', '2018-01-04', 47),
(4209, 3, 3, 5, 120, 113, 338, 1, 3, '2017-10-25', '2018-01-04', 48),
(4210, 1, 3, 5, 120, 113, 338, 1, 3, '2017-10-25', '2018-01-04', 48),
(4211, 1, 2, 3, 120, 5, 5, 1, 3, '2017-10-24', '2018-01-04', 71),
(4212, 3, 2, 3, 120, 211, 265, 3, 3, '2017-10-24', '2018-01-04', 47),
(4213, 1, 2, 3, 120, 211, 265, 3, 3, '2017-10-24', '2018-01-04', 47),
(4214, 2, 2, 4, 120, 5, 5, 1, 3, '2017-10-31', '2018-01-04', 71),
(4215, 2, 5, 3, 120, 113, 338, 3, 3, '2017-11-03', '2018-01-04', 47),
(4216, 4, 5, 3, 120, 113, 338, 3, 3, '2017-11-03', '2018-01-04', 47),
(4217, 2, 5, 4, 120, 113, 338, 1, 3, '2017-11-03', '2018-01-04', 47),
(4218, 4, 5, 4, 120, 113, 338, 1, 3, '2017-11-03', '2018-01-04', 47),
(4219, 2, 1, 1, 117, 11, 12, 1, 1, '2017-10-23', '2018-01-04', 59),
(4220, 3, 1, 1, 117, 11, 12, 1, 1, '2017-10-23', '2018-01-04', 59),
(4221, 4, 1, 1, 117, 11, 12, 1, 1, '2017-10-23', '2018-01-04', 59),
(4222, 1, 1, 1, 117, 11, 12, 1, 1, '2017-10-23', '2018-01-04', 59),
(4223, 2, 1, 1, 117, 11, 29, 1, 3, '2017-10-23', '2018-01-04', 68),
(4224, 3, 1, 1, 117, 11, 29, 1, 3, '2017-10-23', '2018-01-04', 68),
(4225, 4, 1, 1, 117, 11, 29, 1, 3, '2017-10-23', '2018-01-04', 68),
(4226, 1, 1, 1, 117, 11, 29, 1, 3, '2017-10-23', '2018-01-04', 68),
(4227, 2, 1, 2, 117, 42, 47, 3, 3, '2017-10-23', '2018-01-04', 49),
(4228, 3, 1, 2, 117, 42, 47, 3, 3, '2017-10-23', '2018-01-04', 49),
(4229, 4, 1, 2, 117, 42, 47, 3, 3, '2017-10-23', '2018-01-04', 49),
(4230, 1, 1, 2, 117, 42, 48, 3, 3, '2017-10-23', '2018-01-04', 49),
(4231, 3, 1, 3, 117, 260, 223, 1, 3, '2017-10-23', '2018-01-04', 68),
(4232, 1, 1, 3, 117, 260, 223, 1, 3, '2017-10-23', '2018-01-04', 68),
(4233, 2, 1, 3, 117, 69, 88, 1, 3, '2017-10-30', '2018-01-04', 68),
(4234, 4, 1, 3, 117, 69, 88, 1, 3, '2017-10-30', '2018-01-04', 68),
(4235, 2, 1, 4, 117, 257, 90, 1, 3, '2017-10-23', '2018-01-04', 68),
(4236, 3, 1, 4, 117, 257, 90, 1, 3, '2017-10-23', '2018-01-04', 68),
(4237, 4, 1, 4, 117, 257, 90, 1, 3, '2017-10-23', '2018-01-04', 68),
(4238, 1, 1, 4, 117, 257, 90, 1, 3, '2017-10-23', '2018-01-04', 68),
(4239, 3, 1, 5, 117, 257, 90, 1, 3, '2017-10-30', '2018-01-04', 68),
(4240, 1, 1, 5, 117, 257, 90, 1, 3, '2017-10-30', '2018-01-04', 68),
(4241, 2, 2, 1, 117, 3, 1, 1, 3, '2017-10-24', '2018-01-04', 60),
(4242, 3, 2, 1, 117, 3, 1, 1, 3, '2017-10-24', '2018-01-04', 60),
(4243, 4, 2, 1, 117, 3, 1, 1, 3, '2017-10-24', '2018-01-04', 60),
(4244, 1, 2, 1, 117, 3, 1, 1, 3, '2017-10-24', '2018-01-04', 60),
(4245, 3, 2, 3, 117, 4, 326, 1, 3, '2017-10-24', '2018-01-04', 53),
(4246, 1, 2, 3, 117, 4, 326, 1, 3, '2017-10-24', '2018-01-04', 53),
(4247, 2, 2, 3, 117, 257, 90, 1, 3, '2017-10-31', '2018-01-04', 48),
(4248, 4, 2, 3, 117, 257, 90, 1, 3, '2017-10-31', '2018-01-04', 48),
(4249, 2, 2, 4, 117, 257, 90, 1, 3, '2017-10-24', '2018-01-04', 48),
(4250, 3, 2, 4, 117, 257, 90, 1, 3, '2017-10-24', '2018-01-04', 48),
(4251, 4, 2, 4, 117, 257, 90, 1, 3, '2017-10-24', '2018-01-04', 48),
(4252, 1, 2, 4, 117, 257, 90, 1, 3, '2017-10-24', '2018-01-04', 48),
(4253, 3, 3, 2, 117, 42, 42, 3, 1, '2017-10-25', '2018-01-04', 49),
(4254, 1, 3, 2, 117, 42, 42, 3, 1, '2017-10-25', '2018-01-04', 49),
(4255, 2, 3, 2, 117, 42, 48, 3, 3, '2017-11-01', '2018-01-04', 74),
(4256, 4, 3, 2, 117, 42, 48, 3, 3, '2017-11-01', '2018-01-04', 74),
(4257, 3, 3, 2, 117, 42, 47, 3, 1, '2017-10-25', '2018-01-04', 74),
(4258, 2, 3, 2, 117, 42, 47, 3, 1, '2017-10-25', '2018-01-04', 74),
(4259, 4, 3, 2, 117, 42, 47, 3, 1, '2017-10-25', '2018-01-04', 74),
(4260, 1, 3, 2, 117, 42, 47, 3, 1, '2017-10-25', '2018-01-04', 74),
(4261, 3, 3, 3, 117, 260, 223, 1, 3, '2017-10-25', '2018-01-04', 71),
(4262, 1, 3, 3, 117, 260, 223, 1, 3, '2017-10-25', '2018-01-04', 71),
(4263, 2, 3, 3, 117, 257, 90, 1, 3, '2017-11-01', '2018-01-04', 71),
(4264, 4, 3, 3, 117, 257, 90, 1, 3, '2017-11-01', '2018-01-04', 71),
(4265, 2, 2, 5, 117, 316, 81, 1, 2, '2017-10-24', '2018-01-04', 63),
(4266, 3, 2, 5, 117, 316, 81, 1, 2, '2017-10-24', '2018-01-04', 63),
(4267, 4, 2, 5, 117, 316, 81, 1, 2, '2017-10-24', '2018-01-04', 63),
(4268, 1, 2, 5, 117, 316, 81, 1, 2, '2017-10-24', '2018-01-04', 63),
(4269, 2, 2, 2, 117, 57, 332, 1, 3, '2017-10-24', '2018-01-04', 68),
(4270, 3, 2, 2, 117, 57, 332, 1, 3, '2017-10-24', '2018-01-04', 68),
(4271, 4, 2, 2, 117, 57, 332, 1, 3, '2017-10-24', '2018-01-04', 68),
(4272, 1, 2, 2, 117, 57, 332, 1, 3, '2017-10-24', '2018-01-04', 68),
(4273, 2, 3, 4, 117, 316, 81, 1, 1, '2017-10-25', '2018-01-04', 68),
(4274, 3, 3, 4, 117, 316, 81, 1, 1, '2017-10-25', '2018-01-04', 68),
(4275, 4, 3, 4, 117, 316, 81, 1, 1, '2017-10-25', '2018-01-04', 68),
(4276, 1, 3, 4, 117, 316, 81, 1, 1, '2017-10-25', '2018-01-04', 68),
(4277, 2, 3, 4, 117, 11, 29, 1, 2, '2017-10-25', '2018-01-04', 59),
(4278, 3, 3, 4, 117, 11, 29, 1, 2, '2017-10-25', '2018-01-04', 59),
(4279, 4, 3, 4, 117, 11, 29, 1, 2, '2017-10-25', '2018-01-04', 59),
(4280, 1, 3, 4, 117, 11, 29, 1, 2, '2017-10-25', '2018-01-04', 59),
(4281, 2, 3, 5, 117, 11, 12, 1, 1, '2017-10-25', '2018-01-04', 59),
(4282, 3, 3, 5, 117, 11, 12, 1, 1, '2017-10-25', '2018-01-04', 59),
(4283, 4, 3, 5, 117, 11, 12, 1, 1, '2017-10-25', '2018-01-04', 59),
(4284, 1, 3, 5, 117, 11, 12, 1, 1, '2017-10-25', '2018-01-04', 59),
(4285, 3, 3, 5, 117, 316, 81, 1, 2, '2017-10-25', '2018-01-04', 68),
(4286, 2, 3, 5, 117, 316, 81, 1, 2, '2017-10-25', '2018-01-04', 68),
(4287, 4, 3, 5, 117, 316, 81, 1, 2, '2017-10-25', '2018-01-04', 68),
(4288, 1, 3, 5, 117, 316, 81, 1, 2, '2017-10-25', '2018-01-04', 68),
(4289, 3, 4, 1, 117, 3, 256, 2, 1, '2017-10-26', '2018-01-04', 61),
(4290, 1, 4, 1, 117, 3, 256, 2, 1, '2017-10-26', '2018-01-04', 61),
(4291, 2, 4, 1, 117, 3, 256, 2, 2, '2017-10-26', '2018-01-04', 61),
(4292, 4, 4, 1, 117, 3, 256, 2, 2, '2017-10-26', '2018-01-04', 61),
(4293, 3, 4, 2, 117, 3, 256, 2, 1, '2017-10-26', '2018-01-04', 61),
(4294, 1, 4, 2, 117, 3, 256, 2, 1, '2017-10-26', '2018-01-04', 61),
(4295, 2, 4, 2, 117, 3, 256, 2, 2, '2017-11-02', '2018-01-04', 61),
(4296, 4, 4, 2, 117, 3, 256, 2, 2, '2017-11-02', '2018-01-04', 61),
(4297, 1, 4, 3, 117, 69, 88, 2, 1, '2017-10-26', '2018-01-04', 67),
(4298, 1, 4, 4, 117, 69, 88, 2, 1, '2017-10-26', '2018-01-04', 67),
(4299, 3, 4, 3, 117, 69, 88, 2, 2, '2017-11-09', '2018-01-04', 67),
(4300, 3, 4, 4, 117, 69, 88, 2, 2, '2017-11-09', '2018-01-04', 67),
(4301, 2, 4, 5, 117, 57, 332, 2, 1, '2017-11-02', '2018-01-04', 37),
(4302, 2, 4, 6, 117, 57, 332, 2, 1, '2017-11-02', '2018-01-04', 37),
(4303, 1, 4, 5, 117, 57, 332, 2, 3, '2017-10-26', '2018-01-04', 37),
(4304, 1, 4, 5, 117, 57, 332, 2, 2, '2017-10-26', '2018-01-04', 37),
(4305, 1, 4, 6, 117, 57, 332, 2, 2, '2017-10-26', '2018-01-04', 37),
(4306, 2, 5, 3, 117, 69, 88, 1, 3, '2017-10-27', '2018-01-04', 68),
(4307, 3, 5, 3, 117, 69, 88, 1, 3, '2017-10-27', '2018-01-04', 68),
(4308, 4, 5, 3, 117, 69, 88, 1, 3, '2017-10-27', '2018-01-04', 68),
(4309, 1, 5, 3, 117, 69, 88, 1, 3, '2017-10-27', '2018-01-04', 68),
(4310, 3, 5, 4, 117, 4, 326, 1, 3, '2017-10-27', '2018-01-04', 68),
(4311, 1, 5, 4, 117, 4, 326, 1, 3, '2017-10-27', '2018-01-04', 68),
(4312, 2, 5, 4, 117, 257, 90, 1, 3, '2017-11-03', '2018-01-04', 68),
(4313, 4, 5, 4, 117, 257, 90, 1, 3, '2017-11-03', '2018-01-04', 68),
(4314, 2, 5, 5, 117, 316, 81, 1, 1, '2017-10-27', '2018-01-04', 68),
(4315, 3, 5, 5, 117, 316, 81, 1, 1, '2017-10-27', '2018-01-04', 68),
(4316, 4, 5, 5, 117, 316, 81, 1, 1, '2017-10-27', '2018-01-04', 68),
(4317, 1, 5, 5, 117, 316, 81, 1, 1, '2017-10-27', '2018-01-04', 68),
(4318, 3, 6, 1, 117, 57, 332, 2, 1, '2017-10-28', '2018-01-04', 37),
(4319, 1, 6, 1, 117, 57, 332, 2, 1, '2017-10-28', '2018-01-04', 37),
(4320, 3, 6, 2, 117, 57, 332, 2, 1, '2017-10-28', '2018-01-04', 37),
(4321, 1, 6, 2, 117, 57, 332, 2, 1, '2017-10-28', '2018-01-04', 37),
(4322, 2, 6, 1, 117, 57, 332, 2, 2, '2017-11-04', '2018-01-04', 37),
(4323, 4, 6, 1, 117, 57, 332, 2, 2, '2017-11-04', '2018-01-04', 37),
(4324, 2, 6, 2, 117, 57, 332, 2, 2, '2017-11-04', '2018-01-04', 37),
(4325, 4, 6, 2, 117, 57, 332, 2, 2, '2017-11-04', '2018-01-04', 37);
SET IDENTITY_INSERT Records OFF


SET IDENTITY_INSERT Cancellations ON
INSERT INTO Cancellations (IdCancellation, IdRecord, DateTo, DateFrom) VALUES
(1, 174, '2018-01-20', '2017-09-01'),
(2, 171, '2018-01-20', '2017-09-01'),
(3, 172, '2018-01-20', '2017-09-01'),
(4, 173, '2018-01-20', '2017-09-01'),
(5, 511, '2018-01-20', '2017-09-01'),
(6, 512, '2018-01-20', '2017-09-01'),
(7, 1008, '2018-01-05', '2017-08-31'),
(8, 1009, '2018-01-05', '2017-08-31'),
(9, 1010, '2018-01-05', '2017-08-31'),
(10, 1007, '2018-01-05', '2017-08-31'),
(11, 1092, '2018-01-05', '2017-08-30'),
(12, 1093, '2018-01-05', '2017-08-30'),
(13, 1094, '2018-01-05', '2017-08-30'),
(14, 1091, '2018-01-05', '2017-08-30'),
(15, 1180, '2018-01-05', '2017-09-01'),
(16, 1181, '2018-01-05', '2017-09-01'),
(17, 1050, '2018-01-05', '2017-09-02'),
(18, 1051, '2018-01-05', '2017-09-02'),
(19, 1052, '2018-01-05', '2017-09-02'),
(20, 1049, '2018-01-05', '2017-09-02'),
(21, 1689, '2018-01-05', '2017-09-30'),
(22, 1687, '2018-01-05', '2017-09-30'),
(23, 1686, '2018-01-05', '2017-09-30'),
(24, 1688, '2018-01-05', '2017-09-30'),
(25, 1856, '2018-01-05', '2017-09-27'),
(26, 1859, '2018-01-05', '2017-09-27'),
(27, 1857, '2018-01-05', '2017-09-27'),
(28, 1858, '2018-01-05', '2017-09-27'),
(29, 2234, '2018-01-05', '2017-09-01'),
(30, 2242, '2018-01-05', '2017-09-01'),
(31, 2238, '2018-01-05', '2017-09-01'),
(32, 2233, '2018-01-05', '2017-09-01'),
(33, 2236, '2018-01-05', '2017-09-01'),
(34, 2240, '2018-01-05', '2017-09-01'),
(35, 2244, '2018-01-05', '2017-09-01'),
(36, 2237, '2018-01-05', '2017-09-01'),
(37, 2241, '2018-01-05', '2017-09-01'),
(38, 2245, '2018-01-05', '2017-09-01'),
(39, 2232, '2018-01-05', '2017-09-01'),
(40, 2235, '2018-01-05', '2017-09-01'),
(41, 2239, '2018-01-05', '2017-09-01'),
(42, 2243, '2018-01-05', '2017-09-01'),
(43, 2541, '2018-01-05', '2017-09-01'),
(44, 2542, '2018-01-05', '2017-09-01'),
(45, 2766, '2018-01-12', '2017-09-28'),
(46, 2763, '2018-01-12', '2017-09-28'),
(47, 2764, '2018-01-12', '2017-09-28'),
(48, 2765, '2018-01-12', '2017-09-28'),
(49, 2827, '2018-01-05', '2017-09-01'),
(50, 2830, '2018-01-05', '2017-09-01'),
(51, 2828, '2018-01-05', '2017-09-01'),
(52, 2829, '2018-01-05', '2017-09-01'),
(53, 3023, '2018-01-05', '2017-09-01'),
(54, 3409, '2017-11-22', '2017-09-01'),
(55, 3408, '2017-11-22', '2017-09-01'),
(56, 3407, '2017-11-22', '2017-09-01'),
(57, 3406, '2017-11-22', '2017-09-01'),
(58, 3443, '2017-11-22', '2017-09-01'),
(59, 3442, '2017-11-22', '2017-09-01'),
(60, 3441, '2017-11-22', '2017-09-01'),
(61, 3440, '2017-11-22', '2017-09-01'),
(62, 3518, '2017-11-22', '2017-09-01'),
(63, 3517, '2017-11-22', '2017-09-01'),
(64, 3516, '2017-11-22', '2017-09-01'),
(65, 3515, '2017-11-22', '2017-09-01'),
(66, 4047, '2017-11-24', '2017-09-01'),
(67, 4044, '2017-11-24', '2017-09-01'),
(68, 4046, '2017-11-24', '2017-09-01'),
(69, 4045, '2017-11-24', '2017-09-01'),
(70, 4079, '2018-01-12', '2017-09-29'),
(71, 4078, '2018-01-12', '2017-09-29'),
(72, 4135, '2018-01-04', '2017-11-14'),
(73, 4160, '2018-01-04', '2017-10-31'),
(74, 4211, '2018-01-04', '2017-10-24'),
(75, 4254, '2018-01-04', '2017-10-25'),
(76, 4253, '2018-01-04', '2017-10-25'),
(77, 4303, '2018-01-04', '2017-10-26');
SET IDENTITY_INSERT Cancellations OFF
COMMIT TRANSACTION